Data,Período,Região,Estado,Variantes relevantes,Quantidade
2023-01-01,Jan 2023,Centro-oeste,Distrito Federal,Outras,4
2023-01-01,Jan 2023,Centro-oeste,Goiás,Outras,107
2023-01-01,Jan 2023,Centro-oeste,Goiás,XBB.1.5.* (Omicron),8
2023-01-01,Jan 2023,Centro-oeste,Mato Grosso,Outras,13
2023-01-01,Jan 2023,Centro-oeste,Mato Grosso do Sul,Outras,86
2023-01-01,Jan 2023,Centro-oeste,Mato Grosso do Sul,XBB.1.5.* (Omicron),2
2023-01-01,Jan 2023,Nordeste,Alagoas,Outras,34
2023-01-01,Jan 2023,Nordeste,Bahia,Outras,50
2023-01-01,Jan 2023,Nordeste,Bahia,XBB.1.5.* (Omicron),1
2023-01-01,Jan 2023,Nordeste,Ceará,Outras,41
2023-01-01,Jan 2023,Nordeste,Ceará,XBB.1.5.70.*+GK.* (Omicron),1
2023-01-01,Jan 2023,Nordeste,Maranhão,Outras,8
2023-01-01,Jan 2023,Nordeste,Maranhão,XBB.1.5.* (Omicron),2
2023-01-01,Jan 2023,Nordeste,Paraíba,Outras,5
2023-01-01,Jan 2023,Nordeste,Pernambuco,Outras,23
2023-01-01,Jan 2023,Nordeste,Rio Grande do Norte,Outras,4
2023-01-01,Jan 2023,Norte,Acre,Outras,1
2023-01-01,Jan 2023,Norte,Amapá,Outras,31
2023-01-01,Jan 2023,Norte,Amazonas,Outras,84
2023-01-01,Jan 2023,Norte,Amazonas,XBB.1.5.* (Omicron),16
2023-01-01,Jan 2023,Norte,Pará,Outras,21
2023-01-01,Jan 2023,Norte,Pará,XBB.1.5.* (Omicron),3
2023-01-01,Jan 2023,Norte,Rondônia,Outras,17
2023-01-01,Jan 2023,Norte,Tocantins,Outras,99
2023-01-01,Jan 2023,Norte,Tocantins,XBB.1.5.* (Omicron),3
2023-01-01,Jan 2023,Sudeste,Espírito Santo,Outras,113
2023-01-01,Jan 2023,Sudeste,Espírito Santo,XBB.1.5.* (Omicron),2
2023-01-01,Jan 2023,Sudeste,Minas Gerais,Outras,224
2023-01-01,Jan 2023,Sudeste,Minas Gerais,XBB.1.5.* (Omicron),3
2023-01-01,Jan 2023,Sudeste,Rio de Janeiro,Outras,105
2023-01-01,Jan 2023,Sudeste,Rio de Janeiro,XBB.1.5.* (Omicron),10
2023-01-01,Jan 2023,Sudeste,São Paulo,FE.1.* (Omicron),8
2023-01-01,Jan 2023,Sudeste,São Paulo,Outras,607
2023-01-01,Jan 2023,Sudeste,São Paulo,XBB.1.5.* (Omicron),46
2023-01-01,Jan 2023,Sul,Paraná,Outras,8
2023-01-01,Jan 2023,Sul,Paraná,XBB.1.5.* (Omicron),1
2023-01-01,Jan 2023,Sul,Rio Grande do Sul,FE.1.* (Omicron),1
2023-01-01,Jan 2023,Sul,Rio Grande do Sul,Outras,251
2023-01-01,Jan 2023,Sul,Rio Grande do Sul,XBB.1.5.* (Omicron),1
2023-01-01,Jan 2023,Sul,Santa Catarina,Outras,177
2023-01-01,Jan 2023,Sul,Santa Catarina,XBB.1.5.* (Omicron),17
2023-02-01,Fev 2023,Centro-oeste,Distrito Federal,Outras,23
2023-02-01,Fev 2023,Centro-oeste,Distrito Federal,XBB.1.5.* (Omicron),7
2023-02-01,Fev 2023,Centro-oeste,Goiás,Outras,43
2023-02-01,Fev 2023,Centro-oeste,Goiás,XBB.1.5.* (Omicron),25
2023-02-01,Fev 2023,Centro-oeste,Mato Grosso,Outras,3
2023-02-01,Fev 2023,Centro-oeste,Mato Grosso,XBB.1.5.* (Omicron),3
2023-02-01,Fev 2023,Centro-oeste,Mato Grosso do Sul,FE.1.* (Omicron),3
2023-02-01,Fev 2023,Centro-oeste,Mato Grosso do Sul,Outras,56
2023-02-01,Fev 2023,Centro-oeste,Mato Grosso do Sul,XBB.1.5.* (Omicron),7
2023-02-01,Fev 2023,Nordeste,Alagoas,Outras,7
2023-02-01,Fev 2023,Nordeste,Alagoas,XBB.1.5.* (Omicron),3
2023-02-01,Fev 2023,Nordeste,Bahia,FE.1.* (Omicron),10
2023-02-01,Fev 2023,Nordeste,Bahia,Outras,17
2023-02-01,Fev 2023,Nordeste,Bahia,XBB.1.5.* (Omicron),23
2023-02-01,Fev 2023,Nordeste,Ceará,Outras,32
2023-02-01,Fev 2023,Nordeste,Ceará,XBB.1.5.* (Omicron),3
2023-02-01,Fev 2023,Nordeste,Maranhão,Outras,9
2023-02-01,Fev 2023,Nordeste,Maranhão,XBB.1.5.* (Omicron),1
2023-02-01,Fev 2023,Nordeste,Paraíba,Outras,1
2023-02-01,Fev 2023,Nordeste,Paraíba,XBB.1.5.* (Omicron),1
2023-02-01,Fev 2023,Nordeste,Pernambuco,Outras,8
2023-02-01,Fev 2023,Nordeste,Pernambuco,XBB.1.5.* (Omicron),3
2023-02-01,Fev 2023,Nordeste,Rio Grande do Norte,Outras,7
2023-02-01,Fev 2023,Nordeste,Rio Grande do Norte,XBB.1.5.* (Omicron),3
2023-02-01,Fev 2023,Nordeste,Sergipe,FE.1.* (Omicron),1
2023-02-01,Fev 2023,Nordeste,Sergipe,Outras,2
2023-02-01,Fev 2023,Nordeste,Sergipe,XBB.1.5.* (Omicron),3
2023-02-01,Fev 2023,Norte,Acre,Outras,3
2023-02-01,Fev 2023,Norte,Acre,XBB.1.5.* (Omicron),1
2023-02-01,Fev 2023,Norte,Amapá,Outras,12
2023-02-01,Fev 2023,Norte,Amapá,XBB.1.5.* (Omicron),2
2023-02-01,Fev 2023,Norte,Amazonas,Outras,1023
2023-02-01,Fev 2023,Norte,Amazonas,XBB.1.5.* (Omicron),453
2023-02-01,Fev 2023,Norte,Pará,Outras,34
2023-02-01,Fev 2023,Norte,Pará,XBB.1.5.* (Omicron),10
2023-02-01,Fev 2023,Norte,Rondônia,Outras,10
2023-02-01,Fev 2023,Norte,Tocantins,FE.1.* (Omicron),2
2023-02-01,Fev 2023,Norte,Tocantins,Outras,44
2023-02-01,Fev 2023,Norte,Tocantins,XBB.1.5.* (Omicron),2
2023-02-01,Fev 2023,Sudeste,Espírito Santo,Outras,17
2023-02-01,Fev 2023,Sudeste,Espírito Santo,XBB.1.5.* (Omicron),10
2023-02-01,Fev 2023,Sudeste,Minas Gerais,FE.1.* (Omicron),1
2023-02-01,Fev 2023,Sudeste,Minas Gerais,Outras,47
2023-02-01,Fev 2023,Sudeste,Minas Gerais,XBB.1.5.* (Omicron),11
2023-02-01,Fev 2023,Sudeste,Rio de Janeiro,FE.1.* (Omicron),2
2023-02-01,Fev 2023,Sudeste,Rio de Janeiro,Outras,39
2023-02-01,Fev 2023,Sudeste,Rio de Janeiro,XBB.1.5.* (Omicron),70
2023-02-01,Fev 2023,Sudeste,São Paulo,FE.1.* (Omicron),46
2023-02-01,Fev 2023,Sudeste,São Paulo,JD.1.* (Omicron),1
2023-02-01,Fev 2023,Sudeste,São Paulo,Outras,197
2023-02-01,Fev 2023,Sudeste,São Paulo,XBB.1.5.* (Omicron),182
2023-02-01,Fev 2023,Sul,Paraná,FE.1.* (Omicron),2
2023-02-01,Fev 2023,Sul,Paraná,Outras,16
2023-02-01,Fev 2023,Sul,Paraná,XBB.1.5.* (Omicron),9
2023-02-01,Fev 2023,Sul,Rio Grande do Sul,Outras,20
2023-02-01,Fev 2023,Sul,Rio Grande do Sul,XBB.1.5.* (Omicron),5
2023-02-01,Fev 2023,Sul,Santa Catarina,FE.1.* (Omicron),5
2023-02-01,Fev 2023,Sul,Santa Catarina,Outras,35
2023-02-01,Fev 2023,Sul,Santa Catarina,XBB.1.5.* (Omicron),40
2023-03-01,Mar 2023,Centro-oeste,Goiás,FE.1.* (Omicron),1
2023-03-01,Mar 2023,Centro-oeste,Goiás,Outras,63
2023-03-01,Mar 2023,Centro-oeste,Goiás,XBB.1.5.* (Omicron),44
2023-03-01,Mar 2023,Centro-oeste,Goiás,XBB.1.5.70.*+GK.* (Omicron),2
2023-03-01,Mar 2023,Centro-oeste,Mato Grosso,Outras,12
2023-03-01,Mar 2023,Centro-oeste,Mato Grosso,XBB.1.5.* (Omicron),3
2023-03-01,Mar 2023,Centro-oeste,Mato Grosso do Sul,FE.1.* (Omicron),8
2023-03-01,Mar 2023,Centro-oeste,Mato Grosso do Sul,Outras,60
2023-03-01,Mar 2023,Centro-oeste,Mato Grosso do Sul,XBB.1.5.* (Omicron),26
2023-03-01,Mar 2023,Nordeste,Alagoas,FE.1.* (Omicron),8
2023-03-01,Mar 2023,Nordeste,Alagoas,Outras,5
2023-03-01,Mar 2023,Nordeste,Alagoas,XBB.1.5.* (Omicron),7
2023-03-01,Mar 2023,Nordeste,Bahia,FE.1.* (Omicron),78
2023-03-01,Mar 2023,Nordeste,Bahia,Outras,35
2023-03-01,Mar 2023,Nordeste,Bahia,XBB.1.5.* (Omicron),54
2023-03-01,Mar 2023,Nordeste,Ceará,FE.1.* (Omicron),1
2023-03-01,Mar 2023,Nordeste,Ceará,Outras,14
2023-03-01,Mar 2023,Nordeste,Ceará,XBB.1.5.* (Omicron),9
2023-03-01,Mar 2023,Nordeste,Ceará,XBB.1.5.70.*+GK.* (Omicron),9
2023-03-01,Mar 2023,Nordeste,Maranhão,FE.1.* (Omicron),1
2023-03-01,Mar 2023,Nordeste,Maranhão,Outras,19
2023-03-01,Mar 2023,Nordeste,Maranhão,XBB.1.5.* (Omicron),11
2023-03-01,Mar 2023,Nordeste,Paraíba,Outras,2
2023-03-01,Mar 2023,Nordeste,Paraíba,XBB.1.5.* (Omicron),2
2023-03-01,Mar 2023,Nordeste,Pernambuco,FE.1.* (Omicron),2
2023-03-01,Mar 2023,Nordeste,Pernambuco,Outras,19
2023-03-01,Mar 2023,Nordeste,Pernambuco,XBB.1.5.* (Omicron),15
2023-03-01,Mar 2023,Nordeste,Piauí,XBB.1.5.* (Omicron),1
2023-03-01,Mar 2023,Nordeste,Rio Grande do Norte,Outras,19
2023-03-01,Mar 2023,Nordeste,Rio Grande do Norte,XBB.1.5.* (Omicron),1
2023-03-01,Mar 2023,Nordeste,Sergipe,XBB.1.5.* (Omicron),4
2023-03-01,Mar 2023,Norte,Acre,Outras,3
2023-03-01,Mar 2023,Norte,Acre,XBB.1.5.* (Omicron),2
2023-03-01,Mar 2023,Norte,Amapá,Outras,7
2023-03-01,Mar 2023,Norte,Amapá,XBB.1.5.* (Omicron),5
2023-03-01,Mar 2023,Norte,Amazonas,Outras,50
2023-03-01,Mar 2023,Norte,Amazonas,XBB.1.5.* (Omicron),31
2023-03-01,Mar 2023,Norte,Pará,JD.1.* (Omicron),2
2023-03-01,Mar 2023,Norte,Pará,Outras,41
2023-03-01,Mar 2023,Norte,Pará,XBB.1.5.* (Omicron),25
2023-03-01,Mar 2023,Norte,Rondônia,Outras,11
2023-03-01,Mar 2023,Norte,Rondônia,XBB.1.5.* (Omicron),1
2023-03-01,Mar 2023,Norte,Tocantins,FE.1.* (Omicron),5
2023-03-01,Mar 2023,Norte,Tocantins,Outras,56
2023-03-01,Mar 2023,Norte,Tocantins,XBB.1.5.* (Omicron),2
2023-03-01,Mar 2023,Sudeste,Espírito Santo,FE.1.* (Omicron),9
2023-03-01,Mar 2023,Sudeste,Espírito Santo,Outras,15
2023-03-01,Mar 2023,Sudeste,Espírito Santo,XBB.1.5.* (Omicron),54
2023-03-01,Mar 2023,Sudeste,Espírito Santo,XBB.1.5.70.*+GK.* (Omicron),1
2023-03-01,Mar 2023,Sudeste,Minas Gerais,FE.1.* (Omicron),17
2023-03-01,Mar 2023,Sudeste,Minas Gerais,Outras,38
2023-03-01,Mar 2023,Sudeste,Minas Gerais,XBB.1.5.* (Omicron),41
2023-03-01,Mar 2023,Sudeste,Rio de Janeiro,FE.1.* (Omicron),8
2023-03-01,Mar 2023,Sudeste,Rio de Janeiro,Outras,34
2023-03-01,Mar 2023,Sudeste,Rio de Janeiro,XBB.1.5.* (Omicron),105
2023-03-01,Mar 2023,Sudeste,São Paulo,FE.1.* (Omicron),63
2023-03-01,Mar 2023,Sudeste,São Paulo,Outras,93
2023-03-01,Mar 2023,Sudeste,São Paulo,XBB.1.5.* (Omicron),93
2023-03-01,Mar 2023,Sul,Paraná,FE.1.* (Omicron),3
2023-03-01,Mar 2023,Sul,Paraná,Outras,16
2023-03-01,Mar 2023,Sul,Paraná,XBB.1.5.* (Omicron),16
2023-03-01,Mar 2023,Sul,Rio Grande do Sul,FE.1.* (Omicron),8
2023-03-01,Mar 2023,Sul,Rio Grande do Sul,Outras,67
2023-03-01,Mar 2023,Sul,Rio Grande do Sul,XBB.1.5.* (Omicron),60
2023-03-01,Mar 2023,Sul,Santa Catarina,FE.1.* (Omicron),16
2023-03-01,Mar 2023,Sul,Santa Catarina,Outras,49
2023-03-01,Mar 2023,Sul,Santa Catarina,XBB.1.5.* (Omicron),81
2023-04-01,Abr 2023,Centro-oeste,Distrito Federal,FE.1.* (Omicron),2
2023-04-01,Abr 2023,Centro-oeste,Distrito Federal,Outras,25
2023-04-01,Abr 2023,Centro-oeste,Distrito Federal,XBB.1.5.* (Omicron),5
2023-04-01,Abr 2023,Centro-oeste,Goiás,FE.1.* (Omicron),10
2023-04-01,Abr 2023,Centro-oeste,Goiás,Outras,25
2023-04-01,Abr 2023,Centro-oeste,Goiás,XBB.1.5.* (Omicron),28
2023-04-01,Abr 2023,Centro-oeste,Goiás,XBB.1.5.70.*+GK.* (Omicron),1
2023-04-01,Abr 2023,Centro-oeste,Mato Grosso,Outras,1
2023-04-01,Abr 2023,Centro-oeste,Mato Grosso,XBB.1.5.* (Omicron),2
2023-04-01,Abr 2023,Centro-oeste,Mato Grosso do Sul,FE.1.* (Omicron),6
2023-04-01,Abr 2023,Centro-oeste,Mato Grosso do Sul,Outras,20
2023-04-01,Abr 2023,Centro-oeste,Mato Grosso do Sul,XBB.1.5.* (Omicron),7
2023-04-01,Abr 2023,Nordeste,Alagoas,FE.1.* (Omicron),12
2023-04-01,Abr 2023,Nordeste,Alagoas,Outras,19
2023-04-01,Abr 2023,Nordeste,Alagoas,XBB.1.5.* (Omicron),12
2023-04-01,Abr 2023,Nordeste,Alagoas,XBB.1.5.70.*+GK.* (Omicron),1
2023-04-01,Abr 2023,Nordeste,Bahia,FE.1.* (Omicron),101
2023-04-01,Abr 2023,Nordeste,Bahia,Outras,14
2023-04-01,Abr 2023,Nordeste,Bahia,XBB.1.5.* (Omicron),17
2023-04-01,Abr 2023,Nordeste,Bahia,XBB.1.5.70.*+GK.* (Omicron),1
2023-04-01,Abr 2023,Nordeste,Ceará,FE.1.* (Omicron),9
2023-04-01,Abr 2023,Nordeste,Ceará,Outras,12
2023-04-01,Abr 2023,Nordeste,Ceará,XBB.1.5.* (Omicron),9
2023-04-01,Abr 2023,Nordeste,Ceará,XBB.1.5.70.*+GK.* (Omicron),92
2023-04-01,Abr 2023,Nordeste,Maranhão,FE.1.* (Omicron),1
2023-04-01,Abr 2023,Nordeste,Maranhão,Outras,12
2023-04-01,Abr 2023,Nordeste,Maranhão,XBB.1.5.* (Omicron),2
2023-04-01,Abr 2023,Nordeste,Paraíba,FE.1.* (Omicron),3
2023-04-01,Abr 2023,Nordeste,Paraíba,Outras,2
2023-04-01,Abr 2023,Nordeste,Paraíba,XBB.1.5.* (Omicron),1
2023-04-01,Abr 2023,Nordeste,Pernambuco,FE.1.* (Omicron),8
2023-04-01,Abr 2023,Nordeste,Pernambuco,Outras,12
2023-04-01,Abr 2023,Nordeste,Pernambuco,XBB.1.5.* (Omicron),7
2023-04-01,Abr 2023,Nordeste,Rio Grande do Norte,FE.1.* (Omicron),1
2023-04-01,Abr 2023,Nordeste,Rio Grande do Norte,Outras,21
2023-04-01,Abr 2023,Nordeste,Rio Grande do Norte,XBB.1.5.* (Omicron),13
2023-04-01,Abr 2023,Nordeste,Rio Grande do Norte,XBB.1.5.70.*+GK.* (Omicron),1
2023-04-01,Abr 2023,Nordeste,Sergipe,FE.1.* (Omicron),2
2023-04-01,Abr 2023,Nordeste,Sergipe,Outras,3
2023-04-01,Abr 2023,Nordeste,Sergipe,XBB.1.5.* (Omicron),1
2023-04-01,Abr 2023,Norte,Acre,FE.1.* (Omicron),2
2023-04-01,Abr 2023,Norte,Acre,Outras,5
2023-04-01,Abr 2023,Norte,Acre,XBB.1.5.* (Omicron),12
2023-04-01,Abr 2023,Norte,Amapá,FE.1.* (Omicron),1
2023-04-01,Abr 2023,Norte,Amazonas,Outras,7
2023-04-01,Abr 2023,Norte,Amazonas,XBB.1.5.* (Omicron),9
2023-04-01,Abr 2023,Norte,Pará,JD.1.* (Omicron),1
2023-04-01,Abr 2023,Norte,Pará,Outras,5
2023-04-01,Abr 2023,Norte,Pará,XBB.1.5.* (Omicron),3
2023-04-01,Abr 2023,Norte,Rondônia,Outras,3
2023-04-01,Abr 2023,Norte,Rondônia,XBB.1.5.* (Omicron),2
2023-04-01,Abr 2023,Norte,Rondônia,XBB.1.5.70.*+GK.* (Omicron),3
2023-04-01,Abr 2023,Norte,Roraima,Outras,3
2023-04-01,Abr 2023,Norte,Roraima,XBB.1.5.* (Omicron),4
2023-04-01,Abr 2023,Norte,Tocantins,FE.1.* (Omicron),7
2023-04-01,Abr 2023,Norte,Tocantins,Outras,33
2023-04-01,Abr 2023,Norte,Tocantins,XBB.1.5.* (Omicron),4
2023-04-01,Abr 2023,Sudeste,Espírito Santo,EG.5.* (Omicron),1
2023-04-01,Abr 2023,Sudeste,Espírito Santo,FE.1.* (Omicron),37
2023-04-01,Abr 2023,Sudeste,Espírito Santo,Outras,11
2023-04-01,Abr 2023,Sudeste,Espírito Santo,XBB.1.5.* (Omicron),46
2023-04-01,Abr 2023,Sudeste,Espírito Santo,XBB.1.5.70.*+GK.* (Omicron),3
2023-04-01,Abr 2023,Sudeste,Minas Gerais,FE.1.* (Omicron),22
2023-04-01,Abr 2023,Sudeste,Minas Gerais,Outras,25
2023-04-01,Abr 2023,Sudeste,Minas Gerais,XBB.1.5.* (Omicron),24
2023-04-01,Abr 2023,Sudeste,Rio de Janeiro,FE.1.* (Omicron),3
2023-04-01,Abr 2023,Sudeste,Rio de Janeiro,Outras,11
2023-04-01,Abr 2023,Sudeste,Rio de Janeiro,XBB.1.5.* (Omicron),18
2023-04-01,Abr 2023,Sudeste,São Paulo,FE.1.* (Omicron),37
2023-04-01,Abr 2023,Sudeste,São Paulo,Outras,26
2023-04-01,Abr 2023,Sudeste,São Paulo,XBB.1.5.* (Omicron),33
2023-04-01,Abr 2023,Sudeste,São Paulo,XBB.1.5.70.*+GK.* (Omicron),2
2023-04-01,Abr 2023,Sul,Paraná,FE.1.* (Omicron),10
2023-04-01,Abr 2023,Sul,Paraná,Outras,16
2023-04-01,Abr 2023,Sul,Paraná,XBB.1.5.* (Omicron),24
2023-04-01,Abr 2023,Sul,Rio Grande do Sul,FE.1.* (Omicron),30
2023-04-01,Abr 2023,Sul,Rio Grande do Sul,Outras,75
2023-04-01,Abr 2023,Sul,Rio Grande do Sul,XBB.1.5.* (Omicron),127
2023-04-01,Abr 2023,Sul,Rio Grande do Sul,XBB.1.5.70.*+GK.* (Omicron),2
2023-04-01,Abr 2023,Sul,Santa Catarina,FE.1.* (Omicron),25
2023-04-01,Abr 2023,Sul,Santa Catarina,HA.1.* (Omicron),2
2023-04-01,Abr 2023,Sul,Santa Catarina,Outras,27
2023-04-01,Abr 2023,Sul,Santa Catarina,XBB.1.5.* (Omicron),46
2023-05-01,Mai 2023,Centro-oeste,Distrito Federal,FE.1.* (Omicron),8
2023-05-01,Mai 2023,Centro-oeste,Distrito Federal,Outras,33
2023-05-01,Mai 2023,Centro-oeste,Distrito Federal,XBB.1.5.* (Omicron),3
2023-05-01,Mai 2023,Centro-oeste,Distrito Federal,XBB.1.5.70.*+GK.* (Omicron),1
2023-05-01,Mai 2023,Centro-oeste,Goiás,FE.1.* (Omicron),17
2023-05-01,Mai 2023,Centro-oeste,Goiás,Outras,25
2023-05-01,Mai 2023,Centro-oeste,Goiás,XBB.1.5.* (Omicron),7
2023-05-01,Mai 2023,Centro-oeste,Goiás,XBB.1.5.70.*+GK.* (Omicron),6
2023-05-01,Mai 2023,Centro-oeste,Mato Grosso,FE.1.* (Omicron),10
2023-05-01,Mai 2023,Centro-oeste,Mato Grosso,HA.1.* (Omicron),1
2023-05-01,Mai 2023,Centro-oeste,Mato Grosso,Outras,9
2023-05-01,Mai 2023,Centro-oeste,Mato Grosso,XBB.1.5.* (Omicron),5
2023-05-01,Mai 2023,Centro-oeste,Mato Grosso,XBB.1.5.70.*+GK.* (Omicron),3
2023-05-01,Mai 2023,Centro-oeste,Mato Grosso do Sul,FE.1.* (Omicron),18
2023-05-01,Mai 2023,Centro-oeste,Mato Grosso do Sul,Outras,9
2023-05-01,Mai 2023,Centro-oeste,Mato Grosso do Sul,XBB.1.5.* (Omicron),8
2023-05-01,Mai 2023,Centro-oeste,Mato Grosso do Sul,XBB.1.5.70.*+GK.* (Omicron),3
2023-05-01,Mai 2023,Nordeste,Alagoas,FE.1.* (Omicron),45
2023-05-01,Mai 2023,Nordeste,Alagoas,Outras,17
2023-05-01,Mai 2023,Nordeste,Alagoas,XBB.1.5.* (Omicron),20
2023-05-01,Mai 2023,Nordeste,Alagoas,XBB.1.5.70.*+GK.* (Omicron),5
2023-05-01,Mai 2023,Nordeste,Bahia,FE.1.* (Omicron),105
2023-05-01,Mai 2023,Nordeste,Bahia,Outras,2
2023-05-01,Mai 2023,Nordeste,Bahia,XBB.1.5.* (Omicron),8
2023-05-01,Mai 2023,Nordeste,Bahia,XBB.1.5.70.*+GK.* (Omicron),5
2023-05-01,Mai 2023,Nordeste,Ceará,FE.1.* (Omicron),2
2023-05-01,Mai 2023,Nordeste,Ceará,XBB.1.5.* (Omicron),1
2023-05-01,Mai 2023,Nordeste,Ceará,XBB.1.5.70.*+GK.* (Omicron),20
2023-05-01,Mai 2023,Nordeste,Maranhão,FE.1.* (Omicron),20
2023-05-01,Mai 2023,Nordeste,Maranhão,Outras,7
2023-05-01,Mai 2023,Nordeste,Maranhão,XBB.1.5.* (Omicron),2
2023-05-01,Mai 2023,Nordeste,Maranhão,XBB.1.5.70.*+GK.* (Omicron),5
2023-05-01,Mai 2023,Nordeste,Paraíba,FE.1.* (Omicron),32
2023-05-01,Mai 2023,Nordeste,Paraíba,Outras,18
2023-05-01,Mai 2023,Nordeste,Paraíba,XBB.1.5.* (Omicron),21
2023-05-01,Mai 2023,Nordeste,Paraíba,XBB.1.5.70.*+GK.* (Omicron),14
2023-05-01,Mai 2023,Nordeste,Pernambuco,FE.1.* (Omicron),25
2023-05-01,Mai 2023,Nordeste,Pernambuco,Outras,19
2023-05-01,Mai 2023,Nordeste,Pernambuco,XBB.1.5.* (Omicron),6
2023-05-01,Mai 2023,Nordeste,Pernambuco,XBB.1.5.70.*+GK.* (Omicron),6
2023-05-01,Mai 2023,Nordeste,Rio Grande do Norte,FE.1.* (Omicron),6
2023-05-01,Mai 2023,Nordeste,Rio Grande do Norte,Outras,14
2023-05-01,Mai 2023,Nordeste,Rio Grande do Norte,XBB.1.5.* (Omicron),4
2023-05-01,Mai 2023,Nordeste,Rio Grande do Norte,XBB.1.5.70.*+GK.* (Omicron),2
2023-05-01,Mai 2023,Nordeste,Sergipe,FE.1.* (Omicron),8
2023-05-01,Mai 2023,Nordeste,Sergipe,Outras,6
2023-05-01,Mai 2023,Nordeste,Sergipe,XBB.1.5.* (Omicron),3
2023-05-01,Mai 2023,Nordeste,Sergipe,XBB.1.5.70.*+GK.* (Omicron),3
2023-05-01,Mai 2023,Norte,Acre,FE.1.* (Omicron),2
2023-05-01,Mai 2023,Norte,Acre,Outras,1
2023-05-01,Mai 2023,Norte,Acre,XBB.1.5.* (Omicron),1
2023-05-01,Mai 2023,Norte,Amapá,FE.1.* (Omicron),2
2023-05-01,Mai 2023,Norte,Amapá,Outras,7
2023-05-01,Mai 2023,Norte,Amapá,XBB.1.5.* (Omicron),1
2023-05-01,Mai 2023,Norte,Amazonas,Outras,9
2023-05-01,Mai 2023,Norte,Amazonas,XBB.1.5.* (Omicron),6
2023-05-01,Mai 2023,Norte,Amazonas,XBB.1.5.70.*+GK.* (Omicron),1
2023-05-01,Mai 2023,Norte,Pará,FE.1.* (Omicron),3
2023-05-01,Mai 2023,Norte,Pará,JD.1.* (Omicron),3
2023-05-01,Mai 2023,Norte,Pará,Outras,3
2023-05-01,Mai 2023,Norte,Pará,XBB.1.5.* (Omicron),4
2023-05-01,Mai 2023,Norte,Pará,XBB.1.5.70.*+GK.* (Omicron),3
2023-05-01,Mai 2023,Norte,Rondônia,FE.1.* (Omicron),1
2023-05-01,Mai 2023,Norte,Rondônia,Outras,7
2023-05-01,Mai 2023,Norte,Rondônia,XBB.1.5.* (Omicron),9
2023-05-01,Mai 2023,Norte,Rondônia,XBB.1.5.70.*+GK.* (Omicron),10
2023-05-01,Mai 2023,Norte,Roraima,FE.1.* (Omicron),1
2023-05-01,Mai 2023,Norte,Roraima,Outras,3
2023-05-01,Mai 2023,Norte,Roraima,XBB.1.5.* (Omicron),2
2023-05-01,Mai 2023,Norte,Tocantins,FE.1.* (Omicron),20
2023-05-01,Mai 2023,Norte,Tocantins,JD.1.* (Omicron),6
2023-05-01,Mai 2023,Norte,Tocantins,Outras,52
2023-05-01,Mai 2023,Norte,Tocantins,XBB.1.5.* (Omicron),4
2023-05-01,Mai 2023,Norte,Tocantins,XBB.1.5.70.*+GK.* (Omicron),1
2023-05-01,Mai 2023,Sudeste,Espírito Santo,FE.1.* (Omicron),40
2023-05-01,Mai 2023,Sudeste,Espírito Santo,Outras,9
2023-05-01,Mai 2023,Sudeste,Espírito Santo,XBB.1.5.* (Omicron),25
2023-05-01,Mai 2023,Sudeste,Espírito Santo,XBB.1.5.70.*+GK.* (Omicron),1
2023-05-01,Mai 2023,Sudeste,Minas Gerais,FE.1.* (Omicron),41
2023-05-01,Mai 2023,Sudeste,Minas Gerais,HA.1.* (Omicron),2
2023-05-01,Mai 2023,Sudeste,Minas Gerais,JD.1.* (Omicron),1
2023-05-01,Mai 2023,Sudeste,Minas Gerais,Outras,33
2023-05-01,Mai 2023,Sudeste,Minas Gerais,XBB.1.5.* (Omicron),22
2023-05-01,Mai 2023,Sudeste,Minas Gerais,XBB.1.5.70.*+GK.* (Omicron),1
2023-05-01,Mai 2023,Sudeste,Rio de Janeiro,Outras,6
2023-05-01,Mai 2023,Sudeste,Rio de Janeiro,XBB.1.5.* (Omicron),2
2023-05-01,Mai 2023,Sudeste,Rio de Janeiro,XBB.1.5.70.*+GK.* (Omicron),1
2023-05-01,Mai 2023,Sudeste,São Paulo,FE.1.* (Omicron),36
2023-05-01,Mai 2023,Sudeste,São Paulo,Outras,21
2023-05-01,Mai 2023,Sudeste,São Paulo,XBB.1.5.* (Omicron),11
2023-05-01,Mai 2023,Sudeste,São Paulo,XBB.1.5.70.*+GK.* (Omicron),3
2023-05-01,Mai 2023,Sul,Paraná,FE.1.* (Omicron),23
2023-05-01,Mai 2023,Sul,Paraná,Outras,13
2023-05-01,Mai 2023,Sul,Paraná,XBB.1.5.* (Omicron),20
2023-05-01,Mai 2023,Sul,Paraná,XBB.1.5.70.*+GK.* (Omicron),2
2023-05-01,Mai 2023,Sul,Rio Grande do Sul,FE.1.* (Omicron),18
2023-05-01,Mai 2023,Sul,Rio Grande do Sul,Outras,30
2023-05-01,Mai 2023,Sul,Rio Grande do Sul,XBB.1.5.* (Omicron),38
2023-05-01,Mai 2023,Sul,Rio Grande do Sul,XBB.1.5.70.*+GK.* (Omicron),3
2023-05-01,Mai 2023,Sul,Santa Catarina,FE.1.* (Omicron),18
2023-05-01,Mai 2023,Sul,Santa Catarina,HA.1.* (Omicron),4
2023-05-01,Mai 2023,Sul,Santa Catarina,Outras,19
2023-05-01,Mai 2023,Sul,Santa Catarina,XBB.1.5.* (Omicron),14
2023-05-01,Mai 2023,Sul,Santa Catarina,XBB.1.5.70.*+GK.* (Omicron),5
2023-06-01,Jun 2023,Centro-oeste,Distrito Federal,FE.1.* (Omicron),9
2023-06-01,Jun 2023,Centro-oeste,Distrito Federal,Outras,12
2023-06-01,Jun 2023,Centro-oeste,Distrito Federal,XBB.1.5.70.*+GK.* (Omicron),9
2023-06-01,Jun 2023,Centro-oeste,Goiás,FE.1.* (Omicron),20
2023-06-01,Jun 2023,Centro-oeste,Goiás,JD.1.* (Omicron),1
2023-06-01,Jun 2023,Centro-oeste,Goiás,Outras,16
2023-06-01,Jun 2023,Centro-oeste,Goiás,XBB.1.5.* (Omicron),10
2023-06-01,Jun 2023,Centro-oeste,Goiás,XBB.1.5.70.*+GK.* (Omicron),25
2023-06-01,Jun 2023,Centro-oeste,Mato Grosso,FE.1.* (Omicron),19
2023-06-01,Jun 2023,Centro-oeste,Mato Grosso,HA.1.* (Omicron),4
2023-06-01,Jun 2023,Centro-oeste,Mato Grosso,Outras,8
2023-06-01,Jun 2023,Centro-oeste,Mato Grosso,XBB.1.5.* (Omicron),12
2023-06-01,Jun 2023,Centro-oeste,Mato Grosso,XBB.1.5.70.*+GK.* (Omicron),12
2023-06-01,Jun 2023,Centro-oeste,Mato Grosso do Sul,FE.1.* (Omicron),21
2023-06-01,Jun 2023,Centro-oeste,Mato Grosso do Sul,Outras,5
2023-06-01,Jun 2023,Centro-oeste,Mato Grosso do Sul,XBB.1.5.* (Omicron),1
2023-06-01,Jun 2023,Centro-oeste,Mato Grosso do Sul,XBB.1.5.70.*+GK.* (Omicron),4
2023-06-01,Jun 2023,Nordeste,Alagoas,FE.1.* (Omicron),23
2023-06-01,Jun 2023,Nordeste,Alagoas,Outras,5
2023-06-01,Jun 2023,Nordeste,Alagoas,XBB.1.5.* (Omicron),5
2023-06-01,Jun 2023,Nordeste,Alagoas,XBB.1.5.70.*+GK.* (Omicron),4
2023-06-01,Jun 2023,Nordeste,Bahia,FE.1.* (Omicron),70
2023-06-01,Jun 2023,Nordeste,Bahia,Outras,4
2023-06-01,Jun 2023,Nordeste,Bahia,XBB.1.5.* (Omicron),5
2023-06-01,Jun 2023,Nordeste,Bahia,XBB.1.5.70.*+GK.* (Omicron),14
2023-06-01,Jun 2023,Nordeste,Maranhão,FE.1.* (Omicron),4
2023-06-01,Jun 2023,Nordeste,Maranhão,XBB.1.5.70.*+GK.* (Omicron),1
2023-06-01,Jun 2023,Nordeste,Paraíba,FE.1.* (Omicron),43
2023-06-01,Jun 2023,Nordeste,Paraíba,Outras,13
2023-06-01,Jun 2023,Nordeste,Paraíba,XBB.1.5.* (Omicron),7
2023-06-01,Jun 2023,Nordeste,Paraíba,XBB.1.5.70.*+GK.* (Omicron),24
2023-06-01,Jun 2023,Nordeste,Pernambuco,FE.1.* (Omicron),17
2023-06-01,Jun 2023,Nordeste,Pernambuco,Outras,7
2023-06-01,Jun 2023,Nordeste,Pernambuco,XBB.1.5.* (Omicron),4
2023-06-01,Jun 2023,Nordeste,Pernambuco,XBB.1.5.70.*+GK.* (Omicron),14
2023-06-01,Jun 2023,Nordeste,Rio Grande do Norte,FE.1.* (Omicron),6
2023-06-01,Jun 2023,Nordeste,Rio Grande do Norte,JD.1.* (Omicron),2
2023-06-01,Jun 2023,Nordeste,Rio Grande do Norte,Outras,4
2023-06-01,Jun 2023,Nordeste,Rio Grande do Norte,XBB.1.5.* (Omicron),1
2023-06-01,Jun 2023,Nordeste,Rio Grande do Norte,XBB.1.5.70.*+GK.* (Omicron),9
2023-06-01,Jun 2023,Nordeste,Sergipe,FE.1.* (Omicron),3
2023-06-01,Jun 2023,Nordeste,Sergipe,Outras,1
2023-06-01,Jun 2023,Nordeste,Sergipe,XBB.1.5.* (Omicron),1
2023-06-01,Jun 2023,Nordeste,Sergipe,XBB.1.5.70.*+GK.* (Omicron),2
2023-06-01,Jun 2023,Norte,Acre,XBB.1.5.* (Omicron),1
2023-06-01,Jun 2023,Norte,Acre,XBB.1.5.70.*+GK.* (Omicron),2
2023-06-01,Jun 2023,Norte,Amapá,FE.1.* (Omicron),10
2023-06-01,Jun 2023,Norte,Amapá,JD.1.* (Omicron),1
2023-06-01,Jun 2023,Norte,Amapá,Outras,7
2023-06-01,Jun 2023,Norte,Amapá,XBB.1.5.* (Omicron),3
2023-06-01,Jun 2023,Norte,Amazonas,FE.1.* (Omicron),2
2023-06-01,Jun 2023,Norte,Amazonas,Outras,7
2023-06-01,Jun 2023,Norte,Amazonas,XBB.1.5.* (Omicron),6
2023-06-01,Jun 2023,Norte,Amazonas,XBB.1.5.70.*+GK.* (Omicron),10
2023-06-01,Jun 2023,Norte,Pará,FE.1.* (Omicron),3
2023-06-01,Jun 2023,Norte,Pará,JD.1.* (Omicron),19
2023-06-01,Jun 2023,Norte,Pará,Outras,2
2023-06-01,Jun 2023,Norte,Pará,XBB.1.5.* (Omicron),1
2023-06-01,Jun 2023,Norte,Pará,XBB.1.5.70.*+GK.* (Omicron),5
2023-06-01,Jun 2023,Norte,Rondônia,FE.1.* (Omicron),8
2023-06-01,Jun 2023,Norte,Rondônia,Outras,1
2023-06-01,Jun 2023,Norte,Rondônia,XBB.1.5.* (Omicron),10
2023-06-01,Jun 2023,Norte,Rondônia,XBB.1.5.70.*+GK.* (Omicron),22
2023-06-01,Jun 2023,Norte,Roraima,FE.1.* (Omicron),1
2023-06-01,Jun 2023,Norte,Roraima,Outras,2
2023-06-01,Jun 2023,Norte,Roraima,XBB.1.5.* (Omicron),1
2023-06-01,Jun 2023,Norte,Tocantins,FE.1.* (Omicron),10
2023-06-01,Jun 2023,Norte,Tocantins,JD.1.* (Omicron),15
2023-06-01,Jun 2023,Norte,Tocantins,Outras,24
2023-06-01,Jun 2023,Norte,Tocantins,XBB.1.5.* (Omicron),7
2023-06-01,Jun 2023,Norte,Tocantins,XBB.1.5.70.*+GK.* (Omicron),4
2023-06-01,Jun 2023,Sudeste,Espírito Santo,FE.1.* (Omicron),23
2023-06-01,Jun 2023,Sudeste,Espírito Santo,HA.1.* (Omicron),2
2023-06-01,Jun 2023,Sudeste,Espírito Santo,Outras,6
2023-06-01,Jun 2023,Sudeste,Espírito Santo,XBB.1.5.* (Omicron),8
2023-06-01,Jun 2023,Sudeste,Espírito Santo,XBB.1.5.70.*+GK.* (Omicron),6
2023-06-01,Jun 2023,Sudeste,Minas Gerais,FE.1.* (Omicron),25
2023-06-01,Jun 2023,Sudeste,Minas Gerais,JD.1.* (Omicron),3
2023-06-01,Jun 2023,Sudeste,Minas Gerais,Outras,26
2023-06-01,Jun 2023,Sudeste,Minas Gerais,XBB.1.5.* (Omicron),11
2023-06-01,Jun 2023,Sudeste,Minas Gerais,XBB.1.5.70.*+GK.* (Omicron),8
2023-06-01,Jun 2023,Sudeste,Rio de Janeiro,FE.1.* (Omicron),6
2023-06-01,Jun 2023,Sudeste,Rio de Janeiro,Outras,2
2023-06-01,Jun 2023,Sudeste,Rio de Janeiro,XBB.1.5.* (Omicron),2
2023-06-01,Jun 2023,Sudeste,Rio de Janeiro,XBB.1.5.70.*+GK.* (Omicron),2
2023-06-01,Jun 2023,Sudeste,São Paulo,FE.1.* (Omicron),18
2023-06-01,Jun 2023,Sudeste,São Paulo,HA.1.* (Omicron),2
2023-06-01,Jun 2023,Sudeste,São Paulo,Outras,6
2023-06-01,Jun 2023,Sudeste,São Paulo,XBB.1.5.* (Omicron),4
2023-06-01,Jun 2023,Sudeste,São Paulo,XBB.1.5.70.*+GK.* (Omicron),10
2023-06-01,Jun 2023,Sul,Paraná,FE.1.* (Omicron),2
2023-06-01,Jun 2023,Sul,Paraná,XBB.1.5.* (Omicron),1
2023-06-01,Jun 2023,Sul,Paraná,XBB.1.5.70.*+GK.* (Omicron),1
2023-06-01,Jun 2023,Sul,Rio Grande do Sul,FE.1.* (Omicron),8
2023-06-01,Jun 2023,Sul,Rio Grande do Sul,Outras,14
2023-06-01,Jun 2023,Sul,Rio Grande do Sul,XBB.1.5.* (Omicron),4
2023-06-01,Jun 2023,Sul,Rio Grande do Sul,XBB.1.5.70.*+GK.* (Omicron),4
2023-06-01,Jun 2023,Sul,Santa Catarina,FE.1.* (Omicron),34
2023-06-01,Jun 2023,Sul,Santa Catarina,HA.1.* (Omicron),6
2023-06-01,Jun 2023,Sul,Santa Catarina,JD.1.* (Omicron),2
2023-06-01,Jun 2023,Sul,Santa Catarina,Outras,19
2023-06-01,Jun 2023,Sul,Santa Catarina,XBB.1.5.* (Omicron),3
2023-06-01,Jun 2023,Sul,Santa Catarina,XBB.1.5.70.*+GK.* (Omicron),6
2023-07-01,Jul 2023,Centro-oeste,Distrito Federal,FE.1.* (Omicron),3
2023-07-01,Jul 2023,Centro-oeste,Distrito Federal,Outras,8
2023-07-01,Jul 2023,Centro-oeste,Distrito Federal,XBB.1.5.70.*+GK.* (Omicron),8
2023-07-01,Jul 2023,Centro-oeste,Goiás,FE.1.* (Omicron),5
2023-07-01,Jul 2023,Centro-oeste,Goiás,JD.1.* (Omicron),1
2023-07-01,Jul 2023,Centro-oeste,Goiás,Outras,3
2023-07-01,Jul 2023,Centro-oeste,Goiás,XBB.1.5.* (Omicron),2
2023-07-01,Jul 2023,Centro-oeste,Goiás,XBB.1.5.70.*+GK.* (Omicron),11
2023-07-01,Jul 2023,Centro-oeste,Mato Grosso,FE.1.* (Omicron),3
2023-07-01,Jul 2023,Centro-oeste,Mato Grosso,HA.1.* (Omicron),1
2023-07-01,Jul 2023,Centro-oeste,Mato Grosso,JD.1.* (Omicron),3
2023-07-01,Jul 2023,Centro-oeste,Mato Grosso,Outras,1
2023-07-01,Jul 2023,Centro-oeste,Mato Grosso,XBB.1.5.* (Omicron),1
2023-07-01,Jul 2023,Centro-oeste,Mato Grosso,XBB.1.5.70.*+GK.* (Omicron),12
2023-07-01,Jul 2023,Centro-oeste,Mato Grosso do Sul,FE.1.* (Omicron),9
2023-07-01,Jul 2023,Centro-oeste,Mato Grosso do Sul,Outras,1
2023-07-01,Jul 2023,Centro-oeste,Mato Grosso do Sul,XBB.1.5.* (Omicron),1
2023-07-01,Jul 2023,Centro-oeste,Mato Grosso do Sul,XBB.1.5.70.*+GK.* (Omicron),2
2023-07-01,Jul 2023,Nordeste,Alagoas,EG.5.* (Omicron),1
2023-07-01,Jul 2023,Nordeste,Alagoas,FE.1.* (Omicron),4
2023-07-01,Jul 2023,Nordeste,Alagoas,Outras,1
2023-07-01,Jul 2023,Nordeste,Bahia,FE.1.* (Omicron),25
2023-07-01,Jul 2023,Nordeste,Bahia,JD.1.* (Omicron),1
2023-07-01,Jul 2023,Nordeste,Bahia,Outras,4
2023-07-01,Jul 2023,Nordeste,Bahia,XBB.1.5.* (Omicron),2
2023-07-01,Jul 2023,Nordeste,Bahia,XBB.1.5.70.*+GK.* (Omicron),16
2023-07-01,Jul 2023,Nordeste,Maranhão,JD.1.* (Omicron),1
2023-07-01,Jul 2023,Nordeste,Maranhão,XBB.1.5.70.*+GK.* (Omicron),1
2023-07-01,Jul 2023,Nordeste,Paraíba,FE.1.* (Omicron),9
2023-07-01,Jul 2023,Nordeste,Paraíba,Outras,1
2023-07-01,Jul 2023,Nordeste,Paraíba,XBB.1.5.70.*+GK.* (Omicron),11
2023-07-01,Jul 2023,Nordeste,Pernambuco,FE.1.* (Omicron),3
2023-07-01,Jul 2023,Nordeste,Pernambuco,Outras,1
2023-07-01,Jul 2023,Nordeste,Pernambuco,XBB.1.5.* (Omicron),1
2023-07-01,Jul 2023,Nordeste,Pernambuco,XBB.1.5.70.*+GK.* (Omicron),3
2023-07-01,Jul 2023,Nordeste,Sergipe,FE.1.* (Omicron),1
2023-07-01,Jul 2023,Norte,Amapá,FE.1.* (Omicron),6
2023-07-01,Jul 2023,Norte,Amapá,JD.1.* (Omicron),2
2023-07-01,Jul 2023,Norte,Amapá,Outras,2
2023-07-01,Jul 2023,Norte,Amapá,XBB.1.5.70.*+GK.* (Omicron),2
2023-07-01,Jul 2023,Norte,Amazonas,Outras,10
2023-07-01,Jul 2023,Norte,Amazonas,XBB.1.5.* (Omicron),1
2023-07-01,Jul 2023,Norte,Amazonas,XBB.1.5.70.*+GK.* (Omicron),11
2023-07-01,Jul 2023,Norte,Pará,FE.1.* (Omicron),1
2023-07-01,Jul 2023,Norte,Pará,JD.1.* (Omicron),18
2023-07-01,Jul 2023,Norte,Pará,Outras,1
2023-07-01,Jul 2023,Norte,Pará,XBB.1.5.70.*+GK.* (Omicron),5
2023-07-01,Jul 2023,Norte,Rondônia,FE.1.* (Omicron),2
2023-07-01,Jul 2023,Norte,Rondônia,XBB.1.5.70.*+GK.* (Omicron),2
2023-07-01,Jul 2023,Norte,Tocantins,JD.1.* (Omicron),6
2023-07-01,Jul 2023,Norte,Tocantins,Outras,4
2023-07-01,Jul 2023,Norte,Tocantins,XBB.1.5.* (Omicron),1
2023-07-01,Jul 2023,Sudeste,Espírito Santo,FE.1.* (Omicron),9
2023-07-01,Jul 2023,Sudeste,Espírito Santo,Outras,7
2023-07-01,Jul 2023,Sudeste,Espírito Santo,XBB.1.5.70.*+GK.* (Omicron),3
2023-07-01,Jul 2023,Sudeste,Minas Gerais,FE.1.* (Omicron),24
2023-07-01,Jul 2023,Sudeste,Minas Gerais,HA.1.* (Omicron),1
2023-07-01,Jul 2023,Sudeste,Minas Gerais,JD.1.* (Omicron),2
2023-07-01,Jul 2023,Sudeste,Minas Gerais,Outras,14
2023-07-01,Jul 2023,Sudeste,Minas Gerais,XBB.1.5.* (Omicron),6
2023-07-01,Jul 2023,Sudeste,Minas Gerais,XBB.1.5.70.*+GK.* (Omicron),24
2023-07-01,Jul 2023,Sudeste,Rio de Janeiro,EG.5.* (Omicron),1
2023-07-01,Jul 2023,Sudeste,Rio de Janeiro,FE.1.* (Omicron),1
2023-07-01,Jul 2023,Sudeste,Rio de Janeiro,HA.1.* (Omicron),1
2023-07-01,Jul 2023,Sudeste,Rio de Janeiro,Outras,6
2023-07-01,Jul 2023,Sudeste,Rio de Janeiro,XBB.1.5.70.*+GK.* (Omicron),4
2023-07-01,Jul 2023,Sudeste,São Paulo,FE.1.* (Omicron),20
2023-07-01,Jul 2023,Sudeste,São Paulo,HA.1.* (Omicron),1
2023-07-01,Jul 2023,Sudeste,São Paulo,Outras,5
2023-07-01,Jul 2023,Sudeste,São Paulo,XBB.1.5.70.*+GK.* (Omicron),8
2023-07-01,Jul 2023,Sul,Paraná,FE.1.* (Omicron),2
2023-07-01,Jul 2023,Sul,Paraná,Outras,2
2023-07-01,Jul 2023,Sul,Paraná,XBB.1.5.70.*+GK.* (Omicron),2
2023-07-01,Jul 2023,Sul,Rio Grande do Sul,FE.1.* (Omicron),9
2023-07-01,Jul 2023,Sul,Rio Grande do Sul,JD.1.* (Omicron),3
2023-07-01,Jul 2023,Sul,Rio Grande do Sul,Outras,6
2023-07-01,Jul 2023,Sul,Rio Grande do Sul,XBB.1.5.* (Omicron),10
2023-07-01,Jul 2023,Sul,Rio Grande do Sul,XBB.1.5.70.*+GK.* (Omicron),7
2023-07-01,Jul 2023,Sul,Santa Catarina,EG.5.* (Omicron),1
2023-07-01,Jul 2023,Sul,Santa Catarina,FE.1.* (Omicron),12
2023-07-01,Jul 2023,Sul,Santa Catarina,HA.1.* (Omicron),2
2023-07-01,Jul 2023,Sul,Santa Catarina,JD.1.* (Omicron),1
2023-07-01,Jul 2023,Sul,Santa Catarina,Outras,2
2023-07-01,Jul 2023,Sul,Santa Catarina,XBB.1.5.* (Omicron),4
2023-07-01,Jul 2023,Sul,Santa Catarina,XBB.1.5.70.*+GK.* (Omicron),7
2023-08-01,Ago 2023,Centro-oeste,Distrito Federal,EG.5.* (Omicron),1
2023-08-01,Ago 2023,Centro-oeste,Goiás,FE.1.* (Omicron),4
2023-08-01,Ago 2023,Centro-oeste,Goiás,JD.1.* (Omicron),54
2023-08-01,Ago 2023,Centro-oeste,Goiás,Outras,4
2023-08-01,Ago 2023,Centro-oeste,Goiás,XBB.1.5.* (Omicron),2
2023-08-01,Ago 2023,Centro-oeste,Goiás,XBB.1.5.70.*+GK.* (Omicron),34
2023-08-01,Ago 2023,Centro-oeste,Mato Grosso,FE.1.* (Omicron),1
2023-08-01,Ago 2023,Centro-oeste,Mato Grosso,HA.1.* (Omicron),1
2023-08-01,Ago 2023,Centro-oeste,Mato Grosso,JD.1.* (Omicron),5
2023-08-01,Ago 2023,Centro-oeste,Mato Grosso,XBB.1.5.70.*+GK.* (Omicron),5
2023-08-01,Ago 2023,Centro-oeste,Mato Grosso do Sul,FE.1.* (Omicron),5
2023-08-01,Ago 2023,Centro-oeste,Mato Grosso do Sul,JD.1.* (Omicron),2
2023-08-01,Ago 2023,Centro-oeste,Mato Grosso do Sul,Outras,3
2023-08-01,Ago 2023,Centro-oeste,Mato Grosso do Sul,XBB.1.5.70.*+GK.* (Omicron),8
2023-08-01,Ago 2023,Nordeste,Bahia,HA.1.* (Omicron),1
2023-08-01,Ago 2023,Nordeste,Bahia,JD.1.* (Omicron),1
2023-08-01,Ago 2023,Nordeste,Bahia,Outras,4
2023-08-01,Ago 2023,Nordeste,Bahia,XBB.1.5.70.*+GK.* (Omicron),5
2023-08-01,Ago 2023,Nordeste,Paraíba,EG.5.* (Omicron),1
2023-08-01,Ago 2023,Nordeste,Paraíba,FE.1.* (Omicron),1
2023-08-01,Ago 2023,Nordeste,Paraíba,Outras,1
2023-08-01,Ago 2023,Nordeste,Paraíba,XBB.1.5.70.*+GK.* (Omicron),2
2023-08-01,Ago 2023,Nordeste,Pernambuco,Outras,1
2023-08-01,Ago 2023,Nordeste,Pernambuco,XBB.1.5.70.*+GK.* (Omicron),3
2023-08-01,Ago 2023,Norte,Acre,Outras,1
2023-08-01,Ago 2023,Norte,Amapá,FE.1.* (Omicron),6
2023-08-01,Ago 2023,Norte,Amapá,JD.1.* (Omicron),5
2023-08-01,Ago 2023,Norte,Amapá,XBB.1.5.70.*+GK.* (Omicron),4
2023-08-01,Ago 2023,Norte,Amazonas,JD.1.* (Omicron),1
2023-08-01,Ago 2023,Norte,Amazonas,Outras,5
2023-08-01,Ago 2023,Norte,Amazonas,XBB.1.5.* (Omicron),2
2023-08-01,Ago 2023,Norte,Amazonas,XBB.1.5.70.*+GK.* (Omicron),18
2023-08-01,Ago 2023,Norte,Pará,FE.1.* (Omicron),1
2023-08-01,Ago 2023,Norte,Pará,JD.1.* (Omicron),5
2023-08-01,Ago 2023,Norte,Pará,XBB.1.5.70.*+GK.* (Omicron),1
2023-08-01,Ago 2023,Norte,Rondônia,JD.1.* (Omicron),1
2023-08-01,Ago 2023,Norte,Rondônia,XBB.1.5.70.*+GK.* (Omicron),4
2023-08-01,Ago 2023,Norte,Roraima,Outras,2
2023-08-01,Ago 2023,Norte,Roraima,XBB.1.5.70.*+GK.* (Omicron),6
2023-08-01,Ago 2023,Norte,Tocantins,JD.1.* (Omicron),4
2023-08-01,Ago 2023,Norte,Tocantins,Outras,3
2023-08-01,Ago 2023,Norte,Tocantins,XBB.1.5.* (Omicron),2
2023-08-01,Ago 2023,Norte,Tocantins,XBB.1.5.70.*+GK.* (Omicron),2
2023-08-01,Ago 2023,Sudeste,Espírito Santo,FE.1.* (Omicron),4
2023-08-01,Ago 2023,Sudeste,Espírito Santo,JD.1.* (Omicron),2
2023-08-01,Ago 2023,Sudeste,Espírito Santo,Outras,5
2023-08-01,Ago 2023,Sudeste,Espírito Santo,XBB.1.5.* (Omicron),1
2023-08-01,Ago 2023,Sudeste,Espírito Santo,XBB.1.5.70.*+GK.* (Omicron),10
2023-08-01,Ago 2023,Sudeste,Minas Gerais,EG.5.* (Omicron),2
2023-08-01,Ago 2023,Sudeste,Minas Gerais,FE.1.* (Omicron),17
2023-08-01,Ago 2023,Sudeste,Minas Gerais,JD.1.* (Omicron),10
2023-08-01,Ago 2023,Sudeste,Minas Gerais,Outras,16
2023-08-01,Ago 2023,Sudeste,Minas Gerais,XBB.1.5.* (Omicron),12
2023-08-01,Ago 2023,Sudeste,Minas Gerais,XBB.1.5.70.*+GK.* (Omicron),55
2023-08-01,Ago 2023,Sudeste,Rio de Janeiro,EG.5.* (Omicron),9
2023-08-01,Ago 2023,Sudeste,Rio de Janeiro,FE.1.* (Omicron),22
2023-08-01,Ago 2023,Sudeste,Rio de Janeiro,HA.1.* (Omicron),2
2023-08-01,Ago 2023,Sudeste,Rio de Janeiro,JD.1.* (Omicron),6
2023-08-01,Ago 2023,Sudeste,Rio de Janeiro,Outras,82
2023-08-01,Ago 2023,Sudeste,Rio de Janeiro,XBB.1.5.* (Omicron),9
2023-08-01,Ago 2023,Sudeste,Rio de Janeiro,XBB.1.5.70.*+GK.* (Omicron),60
2023-08-01,Ago 2023,Sudeste,São Paulo,EG.5.* (Omicron),8
2023-08-01,Ago 2023,Sudeste,São Paulo,FE.1.* (Omicron),25
2023-08-01,Ago 2023,Sudeste,São Paulo,JD.1.* (Omicron),4
2023-08-01,Ago 2023,Sudeste,São Paulo,Outras,15
2023-08-01,Ago 2023,Sudeste,São Paulo,XBB.1.5.* (Omicron),4
2023-08-01,Ago 2023,Sudeste,São Paulo,XBB.1.5.70.*+GK.* (Omicron),80
2023-08-01,Ago 2023,Sul,Paraná,FE.1.* (Omicron),2
2023-08-01,Ago 2023,Sul,Paraná,Outras,1
2023-08-01,Ago 2023,Sul,Paraná,XBB.1.5.* (Omicron),3
2023-08-01,Ago 2023,Sul,Paraná,XBB.1.5.70.*+GK.* (Omicron),9
2023-08-01,Ago 2023,Sul,Rio Grande do Sul,EG.5.* (Omicron),1
2023-08-01,Ago 2023,Sul,Rio Grande do Sul,FE.1.* (Omicron),7
2023-08-01,Ago 2023,Sul,Rio Grande do Sul,JD.1.* (Omicron),2
2023-08-01,Ago 2023,Sul,Rio Grande do Sul,Outras,8
2023-08-01,Ago 2023,Sul,Rio Grande do Sul,XBB.1.5.* (Omicron),5
2023-08-01,Ago 2023,Sul,Rio Grande do Sul,XBB.1.5.70.*+GK.* (Omicron),29
2023-08-01,Ago 2023,Sul,Santa Catarina,FE.1.* (Omicron),10
2023-08-01,Ago 2023,Sul,Santa Catarina,HA.1.* (Omicron),2
2023-08-01,Ago 2023,Sul,Santa Catarina,JD.1.* (Omicron),11
2023-08-01,Ago 2023,Sul,Santa Catarina,Outras,5
2023-08-01,Ago 2023,Sul,Santa Catarina,XBB.1.5.* (Omicron),2
2023-08-01,Ago 2023,Sul,Santa Catarina,XBB.1.5.70.*+GK.* (Omicron),24
2023-09-01,Set 2023,Centro-oeste,Goiás,FE.1.* (Omicron),4
2023-09-01,Set 2023,Centro-oeste,Goiás,JD.1.* (Omicron),134
2023-09-01,Set 2023,Centro-oeste,Goiás,XBB.1.5.70.*+GK.* (Omicron),18
2023-09-01,Set 2023,Centro-oeste,Mato Grosso,JD.1.* (Omicron),1
2023-09-01,Set 2023,Centro-oeste,Mato Grosso,XBB.1.5.70.*+GK.* (Omicron),3
2023-09-01,Set 2023,Centro-oeste,Mato Grosso do Sul,FE.1.* (Omicron),4
2023-09-01,Set 2023,Centro-oeste,Mato Grosso do Sul,HA.1.* (Omicron),1
2023-09-01,Set 2023,Centro-oeste,Mato Grosso do Sul,JD.1.* (Omicron),11
2023-09-01,Set 2023,Centro-oeste,Mato Grosso do Sul,XBB.1.5.* (Omicron),1
2023-09-01,Set 2023,Centro-oeste,Mato Grosso do Sul,XBB.1.5.70.*+GK.* (Omicron),16
2023-09-01,Set 2023,Nordeste,Alagoas,EG.5.* (Omicron),1
2023-09-01,Set 2023,Nordeste,Alagoas,JD.1.* (Omicron),1
2023-09-01,Set 2023,Nordeste,Alagoas,Outras,1
2023-09-01,Set 2023,Nordeste,Alagoas,XBB.1.5.70.*+GK.* (Omicron),2
2023-09-01,Set 2023,Nordeste,Bahia,FE.1.* (Omicron),1
2023-09-01,Set 2023,Nordeste,Bahia,JD.1.* (Omicron),4
2023-09-01,Set 2023,Nordeste,Bahia,XBB.1.5.70.*+GK.* (Omicron),7
2023-09-01,Set 2023,Nordeste,Maranhão,JD.1.* (Omicron),2
2023-09-01,Set 2023,Nordeste,Maranhão,Outras,1
2023-09-01,Set 2023,Nordeste,Paraíba,Outras,2
2023-09-01,Set 2023,Nordeste,Paraíba,XBB.1.5.70.*+GK.* (Omicron),6
2023-09-01,Set 2023,Nordeste,Pernambuco,FE.1.* (Omicron),1
2023-09-01,Set 2023,Nordeste,Pernambuco,JD.1.* (Omicron),1
2023-09-01,Set 2023,Nordeste,Pernambuco,Outras,2
2023-09-01,Set 2023,Nordeste,Pernambuco,XBB.1.5.70.*+GK.* (Omicron),2
2023-09-01,Set 2023,Norte,Acre,JD.1.* (Omicron),3
2023-09-01,Set 2023,Norte,Amapá,FE.1.* (Omicron),1
2023-09-01,Set 2023,Norte,Amapá,JD.1.* (Omicron),5
2023-09-01,Set 2023,Norte,Amapá,XBB.1.5.* (Omicron),1
2023-09-01,Set 2023,Norte,Amazonas,Outras,1
2023-09-01,Set 2023,Norte,Amazonas,XBB.1.5.* (Omicron),3
2023-09-01,Set 2023,Norte,Amazonas,XBB.1.5.70.*+GK.* (Omicron),23
2023-09-01,Set 2023,Norte,Pará,JD.1.* (Omicron),6
2023-09-01,Set 2023,Norte,Pará,Outras,1
2023-09-01,Set 2023,Norte,Pará,XBB.1.5.70.*+GK.* (Omicron),2
2023-09-01,Set 2023,Norte,Rondônia,Outras,1
2023-09-01,Set 2023,Norte,Rondônia,XBB.1.5.70.*+GK.* (Omicron),1
2023-09-01,Set 2023,Norte,Roraima,Outras,2
2023-09-01,Set 2023,Norte,Roraima,XBB.1.5.70.*+GK.* (Omicron),4
2023-09-01,Set 2023,Norte,Tocantins,JD.1.* (Omicron),6
2023-09-01,Set 2023,Sudeste,Espírito Santo,EG.5.* (Omicron),5
2023-09-01,Set 2023,Sudeste,Espírito Santo,JD.1.* (Omicron),8
2023-09-01,Set 2023,Sudeste,Espírito Santo,Outras,5
2023-09-01,Set 2023,Sudeste,Espírito Santo,XBB.1.5.* (Omicron),1
2023-09-01,Set 2023,Sudeste,Espírito Santo,XBB.1.5.70.*+GK.* (Omicron),34
2023-09-01,Set 2023,Sudeste,Minas Gerais,EG.5.* (Omicron),4
2023-09-01,Set 2023,Sudeste,Minas Gerais,FE.1.* (Omicron),3
2023-09-01,Set 2023,Sudeste,Minas Gerais,JD.1.* (Omicron),23
2023-09-01,Set 2023,Sudeste,Minas Gerais,Outras,13
2023-09-01,Set 2023,Sudeste,Minas Gerais,XBB.1.5.* (Omicron),10
2023-09-01,Set 2023,Sudeste,Minas Gerais,XBB.1.5.70.*+GK.* (Omicron),72
2023-09-01,Set 2023,Sudeste,Rio de Janeiro,EG.5.* (Omicron),24
2023-09-01,Set 2023,Sudeste,Rio de Janeiro,FE.1.* (Omicron),18
2023-09-01,Set 2023,Sudeste,Rio de Janeiro,HA.1.* (Omicron),1
2023-09-01,Set 2023,Sudeste,Rio de Janeiro,JD.1.* (Omicron),52
2023-09-01,Set 2023,Sudeste,Rio de Janeiro,Outras,249
2023-09-01,Set 2023,Sudeste,Rio de Janeiro,XBB.1.5.* (Omicron),31
2023-09-01,Set 2023,Sudeste,Rio de Janeiro,XBB.1.5.70.*+GK.* (Omicron),200
2023-09-01,Set 2023,Sudeste,São Paulo,EG.5.* (Omicron),11
2023-09-01,Set 2023,Sudeste,São Paulo,FE.1.* (Omicron),20
2023-09-01,Set 2023,Sudeste,São Paulo,HA.1.* (Omicron),2
2023-09-01,Set 2023,Sudeste,São Paulo,JD.1.* (Omicron),89
2023-09-01,Set 2023,Sudeste,São Paulo,JN.1.*+BA.2.86.* (Omicron),1
2023-09-01,Set 2023,Sudeste,São Paulo,Outras,21
2023-09-01,Set 2023,Sudeste,São Paulo,XBB.1.5.* (Omicron),1
2023-09-01,Set 2023,Sudeste,São Paulo,XBB.1.5.70.*+GK.* (Omicron),186
2023-09-01,Set 2023,Sul,Paraná,FE.1.* (Omicron),5
2023-09-01,Set 2023,Sul,Paraná,JD.1.* (Omicron),6
2023-09-01,Set 2023,Sul,Paraná,Outras,12
2023-09-01,Set 2023,Sul,Paraná,XBB.1.5.* (Omicron),4
2023-09-01,Set 2023,Sul,Paraná,XBB.1.5.70.*+GK.* (Omicron),67
2023-09-01,Set 2023,Sul,Rio Grande do Sul,EG.5.* (Omicron),2
2023-09-01,Set 2023,Sul,Rio Grande do Sul,FE.1.* (Omicron),11
2023-09-01,Set 2023,Sul,Rio Grande do Sul,JD.1.* (Omicron),22
2023-09-01,Set 2023,Sul,Rio Grande do Sul,Outras,13
2023-09-01,Set 2023,Sul,Rio Grande do Sul,XBB.1.5.* (Omicron),3
2023-09-01,Set 2023,Sul,Rio Grande do Sul,XBB.1.5.70.*+GK.* (Omicron),70
2023-09-01,Set 2023,Sul,Santa Catarina,EG.5.* (Omicron),3
2023-09-01,Set 2023,Sul,Santa Catarina,FE.1.* (Omicron),10
2023-09-01,Set 2023,Sul,Santa Catarina,HA.1.* (Omicron),1
2023-09-01,Set 2023,Sul,Santa Catarina,JD.1.* (Omicron),20
2023-09-01,Set 2023,Sul,Santa Catarina,Outras,10
2023-09-01,Set 2023,Sul,Santa Catarina,XBB.1.5.* (Omicron),2
2023-09-01,Set 2023,Sul,Santa Catarina,XBB.1.5.70.*+GK.* (Omicron),61
2023-10-01,Out 2023,Centro-oeste,Distrito Federal,JD.1.* (Omicron),34
2023-10-01,Out 2023,Centro-oeste,Distrito Federal,JN.1.*+BA.2.86.* (Omicron),1
2023-10-01,Out 2023,Centro-oeste,Distrito Federal,XBB.1.5.70.*+GK.* (Omicron),5
2023-10-01,Out 2023,Centro-oeste,Goiás,FE.1.* (Omicron),1
2023-10-01,Out 2023,Centro-oeste,Goiás,JD.1.* (Omicron),154
2023-10-01,Out 2023,Centro-oeste,Goiás,Outras,1
2023-10-01,Out 2023,Centro-oeste,Goiás,XBB.1.5.70.*+GK.* (Omicron),18
2023-10-01,Out 2023,Centro-oeste,Mato Grosso,JD.1.* (Omicron),7
2023-10-01,Out 2023,Centro-oeste,Mato Grosso,Outras,1
2023-10-01,Out 2023,Centro-oeste,Mato Grosso,XBB.1.5.70.*+GK.* (Omicron),1
2023-10-01,Out 2023,Centro-oeste,Mato Grosso do Sul,EG.5.* (Omicron),2
2023-10-01,Out 2023,Centro-oeste,Mato Grosso do Sul,FE.1.* (Omicron),1
2023-10-01,Out 2023,Centro-oeste,Mato Grosso do Sul,JD.1.* (Omicron),22
2023-10-01,Out 2023,Centro-oeste,Mato Grosso do Sul,JN.1.*+BA.2.86.* (Omicron),1
2023-10-01,Out 2023,Centro-oeste,Mato Grosso do Sul,Outras,2
2023-10-01,Out 2023,Centro-oeste,Mato Grosso do Sul,XBB.1.5.* (Omicron),1
2023-10-01,Out 2023,Centro-oeste,Mato Grosso do Sul,XBB.1.5.70.*+GK.* (Omicron),24
2023-10-01,Out 2023,Nordeste,Alagoas,JD.1.* (Omicron),3
2023-10-01,Out 2023,Nordeste,Alagoas,XBB.1.5.70.*+GK.* (Omicron),5
2023-10-01,Out 2023,Nordeste,Bahia,JD.1.* (Omicron),55
2023-10-01,Out 2023,Nordeste,Bahia,Outras,12
2023-10-01,Out 2023,Nordeste,Bahia,XBB.1.5.70.*+GK.* (Omicron),39
2023-10-01,Out 2023,Nordeste,Ceará,JD.1.* (Omicron),6
2023-10-01,Out 2023,Nordeste,Ceará,Outras,1
2023-10-01,Out 2023,Nordeste,Maranhão,JD.1.* (Omicron),2
2023-10-01,Out 2023,Nordeste,Maranhão,Outras,1
2023-10-01,Out 2023,Nordeste,Maranhão,XBB.1.5.70.*+GK.* (Omicron),1
2023-10-01,Out 2023,Nordeste,Paraíba,JD.1.* (Omicron),1
2023-10-01,Out 2023,Nordeste,Paraíba,JN.1.*+BA.2.86.* (Omicron),1
2023-10-01,Out 2023,Nordeste,Paraíba,XBB.1.5.70.*+GK.* (Omicron),5
2023-10-01,Out 2023,Nordeste,Pernambuco,JD.1.* (Omicron),3
2023-10-01,Out 2023,Nordeste,Pernambuco,XBB.1.5.70.*+GK.* (Omicron),4
2023-10-01,Out 2023,Nordeste,Rio Grande do Norte,JD.1.* (Omicron),2
2023-10-01,Out 2023,Nordeste,Rio Grande do Norte,XBB.1.5.70.*+GK.* (Omicron),9
2023-10-01,Out 2023,Nordeste,Sergipe,Outras,1
2023-10-01,Out 2023,Norte,Acre,JD.1.* (Omicron),23
2023-10-01,Out 2023,Norte,Acre,XBB.1.5.70.*+GK.* (Omicron),2
2023-10-01,Out 2023,Norte,Amapá,JD.1.* (Omicron),5
2023-10-01,Out 2023,Norte,Amazonas,JD.1.* (Omicron),1
2023-10-01,Out 2023,Norte,Amazonas,Outras,1
2023-10-01,Out 2023,Norte,Amazonas,XBB.1.5.70.*+GK.* (Omicron),22
2023-10-01,Out 2023,Norte,Pará,JD.1.* (Omicron),6
2023-10-01,Out 2023,Norte,Pará,Outras,1
2023-10-01,Out 2023,Norte,Pará,XBB.1.5.70.*+GK.* (Omicron),1
2023-10-01,Out 2023,Norte,Rondônia,JD.1.* (Omicron),3
2023-10-01,Out 2023,Norte,Roraima,XBB.1.5.* (Omicron),2
2023-10-01,Out 2023,Norte,Tocantins,JD.1.* (Omicron),4
2023-10-01,Out 2023,Sudeste,Espírito Santo,FE.1.* (Omicron),1
2023-10-01,Out 2023,Sudeste,Espírito Santo,JD.1.* (Omicron),36
2023-10-01,Out 2023,Sudeste,Espírito Santo,Outras,10
2023-10-01,Out 2023,Sudeste,Espírito Santo,XBB.1.5.* (Omicron),1
2023-10-01,Out 2023,Sudeste,Espírito Santo,XBB.1.5.70.*+GK.* (Omicron),47
2023-10-01,Out 2023,Sudeste,Minas Gerais,EG.5.* (Omicron),3
2023-10-01,Out 2023,Sudeste,Minas Gerais,FE.1.* (Omicron),1
2023-10-01,Out 2023,Sudeste,Minas Gerais,JD.1.* (Omicron),37
2023-10-01,Out 2023,Sudeste,Minas Gerais,Outras,6
2023-10-01,Out 2023,Sudeste,Minas Gerais,XBB.1.5.* (Omicron),2
2023-10-01,Out 2023,Sudeste,Minas Gerais,XBB.1.5.70.*+GK.* (Omicron),38
2023-10-01,Out 2023,Sudeste,Rio de Janeiro,EG.5.* (Omicron),12
2023-10-01,Out 2023,Sudeste,Rio de Janeiro,JD.1.* (Omicron),59
2023-10-01,Out 2023,Sudeste,Rio de Janeiro,Outras,68
2023-10-01,Out 2023,Sudeste,Rio de Janeiro,XBB.1.5.* (Omicron),23
2023-10-01,Out 2023,Sudeste,Rio de Janeiro,XBB.1.5.70.*+GK.* (Omicron),155
2023-10-01,Out 2023,Sudeste,São Paulo,EG.5.* (Omicron),16
2023-10-01,Out 2023,Sudeste,São Paulo,FE.1.* (Omicron),11
2023-10-01,Out 2023,Sudeste,São Paulo,JD.1.* (Omicron),322
2023-10-01,Out 2023,Sudeste,São Paulo,JN.1.*+BA.2.86.* (Omicron),5
2023-10-01,Out 2023,Sudeste,São Paulo,Outras,42
2023-10-01,Out 2023,Sudeste,São Paulo,XBB.1.5.* (Omicron),9
2023-10-01,Out 2023,Sudeste,São Paulo,XBB.1.5.70.*+GK.* (Omicron),419
2023-10-01,Out 2023,Sul,Paraná,EG.5.* (Omicron),1
2023-10-01,Out 2023,Sul,Paraná,FE.1.* (Omicron),3
2023-10-01,Out 2023,Sul,Paraná,JD.1.* (Omicron),32
2023-10-01,Out 2023,Sul,Paraná,Outras,9
2023-10-01,Out 2023,Sul,Paraná,XBB.1.5.70.*+GK.* (Omicron),37
2023-10-01,Out 2023,Sul,Rio Grande do Sul,EG.5.* (Omicron),6
2023-10-01,Out 2023,Sul,Rio Grande do Sul,FE.1.* (Omicron),3
2023-10-01,Out 2023,Sul,Rio Grande do Sul,JD.1.* (Omicron),28
2023-10-01,Out 2023,Sul,Rio Grande do Sul,JN.1.*+BA.2.86.* (Omicron),7
2023-10-01,Out 2023,Sul,Rio Grande do Sul,Outras,14
2023-10-01,Out 2023,Sul,Rio Grande do Sul,XBB.1.5.* (Omicron),2
2023-10-01,Out 2023,Sul,Rio Grande do Sul,XBB.1.5.70.*+GK.* (Omicron),56
2023-10-01,Out 2023,Sul,Santa Catarina,EG.5.* (Omicron),2
2023-10-01,Out 2023,Sul,Santa Catarina,FE.1.* (Omicron),3
2023-10-01,Out 2023,Sul,Santa Catarina,JD.1.* (Omicron),58
2023-10-01,Out 2023,Sul,Santa Catarina,Outras,18
2023-10-01,Out 2023,Sul,Santa Catarina,XBB.1.5.* (Omicron),2
2023-10-01,Out 2023,Sul,Santa Catarina,XBB.1.5.70.*+GK.* (Omicron),82
2023-11-01,Nov 2023,Centro-oeste,Distrito Federal,JD.1.* (Omicron),34
2023-11-01,Nov 2023,Centro-oeste,Distrito Federal,JN.1.*+BA.2.86.* (Omicron),1
2023-11-01,Nov 2023,Centro-oeste,Distrito Federal,Outras,1
2023-11-01,Nov 2023,Centro-oeste,Distrito Federal,XBB.1.5.70.*+GK.* (Omicron),5
2023-11-01,Nov 2023,Centro-oeste,Goiás,JD.1.* (Omicron),60
2023-11-01,Nov 2023,Centro-oeste,Goiás,Outras,4
2023-11-01,Nov 2023,Centro-oeste,Goiás,XBB.1.5.70.*+GK.* (Omicron),6
2023-11-01,Nov 2023,Centro-oeste,Mato Grosso,JD.1.* (Omicron),1
2023-11-01,Nov 2023,Centro-oeste,Mato Grosso do Sul,JD.1.* (Omicron),56
2023-11-01,Nov 2023,Centro-oeste,Mato Grosso do Sul,Outras,5
2023-11-01,Nov 2023,Centro-oeste,Mato Grosso do Sul,XBB.1.5.* (Omicron),1
2023-11-01,Nov 2023,Centro-oeste,Mato Grosso do Sul,XBB.1.5.70.*+GK.* (Omicron),21
2023-11-01,Nov 2023,Nordeste,Alagoas,JD.1.* (Omicron),38
2023-11-01,Nov 2023,Nordeste,Alagoas,JN.1.*+BA.2.86.* (Omicron),3
2023-11-01,Nov 2023,Nordeste,Alagoas,XBB.1.5.70.*+GK.* (Omicron),8
2023-11-01,Nov 2023,Nordeste,Bahia,FE.1.* (Omicron),1
2023-11-01,Nov 2023,Nordeste,Bahia,JD.1.* (Omicron),89
2023-11-01,Nov 2023,Nordeste,Bahia,JN.1.*+BA.2.86.* (Omicron),1
2023-11-01,Nov 2023,Nordeste,Bahia,Outras,15
2023-11-01,Nov 2023,Nordeste,Bahia,XBB.1.5.70.*+GK.* (Omicron),22
2023-11-01,Nov 2023,Nordeste,Ceará,JD.1.* (Omicron),23
2023-11-01,Nov 2023,Nordeste,Ceará,JN.1.*+BA.2.86.* (Omicron),203
2023-11-01,Nov 2023,Nordeste,Ceará,Outras,2
2023-11-01,Nov 2023,Nordeste,Ceará,XBB.1.5.70.*+GK.* (Omicron),2
2023-11-01,Nov 2023,Nordeste,Maranhão,EG.5.* (Omicron),1
2023-11-01,Nov 2023,Nordeste,Maranhão,JD.1.* (Omicron),8
2023-11-01,Nov 2023,Nordeste,Maranhão,JN.1.*+BA.2.86.* (Omicron),2
2023-11-01,Nov 2023,Nordeste,Maranhão,XBB.1.5.70.*+GK.* (Omicron),14
2023-11-01,Nov 2023,Nordeste,Paraíba,JD.1.* (Omicron),15
2023-11-01,Nov 2023,Nordeste,Paraíba,JN.1.*+BA.2.86.* (Omicron),10
2023-11-01,Nov 2023,Nordeste,Paraíba,Outras,1
2023-11-01,Nov 2023,Nordeste,Paraíba,XBB.1.5.70.*+GK.* (Omicron),32
2023-11-01,Nov 2023,Nordeste,Pernambuco,JD.1.* (Omicron),33
2023-11-01,Nov 2023,Nordeste,Pernambuco,Outras,1
2023-11-01,Nov 2023,Nordeste,Pernambuco,XBB.1.5.70.*+GK.* (Omicron),14
2023-11-01,Nov 2023,Nordeste,Rio Grande do Norte,JD.1.* (Omicron),4
2023-11-01,Nov 2023,Nordeste,Rio Grande do Norte,Outras,1
2023-11-01,Nov 2023,Nordeste,Rio Grande do Norte,XBB.1.5.70.*+GK.* (Omicron),19
2023-11-01,Nov 2023,Nordeste,Sergipe,JD.1.* (Omicron),14
2023-11-01,Nov 2023,Nordeste,Sergipe,Outras,1
2023-11-01,Nov 2023,Nordeste,Sergipe,XBB.1.5.70.*+GK.* (Omicron),3
2023-11-01,Nov 2023,Norte,Acre,JD.1.* (Omicron),46
2023-11-01,Nov 2023,Norte,Acre,Outras,4
2023-11-01,Nov 2023,Norte,Acre,XBB.1.5.70.*+GK.* (Omicron),4
2023-11-01,Nov 2023,Norte,Amapá,JD.1.* (Omicron),1
2023-11-01,Nov 2023,Norte,Amapá,XBB.1.5.70.*+GK.* (Omicron),1
2023-11-01,Nov 2023,Norte,Amazonas,XBB.1.5.70.*+GK.* (Omicron),3
2023-11-01,Nov 2023,Norte,Pará,JD.1.* (Omicron),13
2023-11-01,Nov 2023,Norte,Pará,Outras,1
2023-11-01,Nov 2023,Norte,Pará,XBB.1.5.70.*+GK.* (Omicron),2
2023-11-01,Nov 2023,Norte,Roraima,XBB.1.5.70.*+GK.* (Omicron),1
2023-11-01,Nov 2023,Norte,Tocantins,JD.1.* (Omicron),15
2023-11-01,Nov 2023,Norte,Tocantins,JN.1.*+BA.2.86.* (Omicron),1
2023-11-01,Nov 2023,Norte,Tocantins,XBB.1.5.70.*+GK.* (Omicron),3
2023-11-01,Nov 2023,Sudeste,Espírito Santo,EG.5.* (Omicron),1
2023-11-01,Nov 2023,Sudeste,Espírito Santo,JD.1.* (Omicron),54
2023-11-01,Nov 2023,Sudeste,Espírito Santo,JN.1.*+BA.2.86.* (Omicron),1
2023-11-01,Nov 2023,Sudeste,Espírito Santo,Outras,7
2023-11-01,Nov 2023,Sudeste,Espírito Santo,XBB.1.5.70.*+GK.* (Omicron),39
2023-11-01,Nov 2023,Sudeste,Minas Gerais,EG.5.* (Omicron),4
2023-11-01,Nov 2023,Sudeste,Minas Gerais,JD.1.* (Omicron),54
2023-11-01,Nov 2023,Sudeste,Minas Gerais,JN.1.*+BA.2.86.* (Omicron),1
2023-11-01,Nov 2023,Sudeste,Minas Gerais,Outras,3
2023-11-01,Nov 2023,Sudeste,Minas Gerais,XBB.1.5.* (Omicron),1
2023-11-01,Nov 2023,Sudeste,Minas Gerais,XBB.1.5.70.*+GK.* (Omicron),55
2023-11-01,Nov 2023,Sudeste,Rio de Janeiro,JD.1.* (Omicron),33
2023-11-01,Nov 2023,Sudeste,Rio de Janeiro,Outras,10
2023-11-01,Nov 2023,Sudeste,Rio de Janeiro,XBB.1.5.* (Omicron),6
2023-11-01,Nov 2023,Sudeste,Rio de Janeiro,XBB.1.5.70.*+GK.* (Omicron),37
2023-11-01,Nov 2023,Sudeste,São Paulo,EG.5.* (Omicron),6
2023-11-01,Nov 2023,Sudeste,São Paulo,JD.1.* (Omicron),148
2023-11-01,Nov 2023,Sudeste,São Paulo,JN.1.*+BA.2.86.* (Omicron),4
2023-11-01,Nov 2023,Sudeste,São Paulo,Outras,21
2023-11-01,Nov 2023,Sudeste,São Paulo,XBB.1.5.70.*+GK.* (Omicron),105
2023-11-01,Nov 2023,Sul,Paraná,EG.5.* (Omicron),1
2023-11-01,Nov 2023,Sul,Paraná,FE.1.* (Omicron),2
2023-11-01,Nov 2023,Sul,Paraná,JD.1.* (Omicron),22
2023-11-01,Nov 2023,Sul,Paraná,Outras,4
2023-11-01,Nov 2023,Sul,Paraná,XBB.1.5.70.*+GK.* (Omicron),14
2023-11-01,Nov 2023,Sul,Rio Grande do Sul,EG.5.* (Omicron),8
2023-11-01,Nov 2023,Sul,Rio Grande do Sul,FE.1.* (Omicron),3
2023-11-01,Nov 2023,Sul,Rio Grande do Sul,JD.1.* (Omicron),27
2023-11-01,Nov 2023,Sul,Rio Grande do Sul,JN.1.*+BA.2.86.* (Omicron),1
2023-11-01,Nov 2023,Sul,Rio Grande do Sul,Outras,5
2023-11-01,Nov 2023,Sul,Rio Grande do Sul,XBB.1.5.* (Omicron),1
2023-11-01,Nov 2023,Sul,Rio Grande do Sul,XBB.1.5.70.*+GK.* (Omicron),37
2023-11-01,Nov 2023,Sul,Santa Catarina,EG.5.* (Omicron),3
2023-11-01,Nov 2023,Sul,Santa Catarina,JD.1.* (Omicron),49
2023-11-01,Nov 2023,Sul,Santa Catarina,JN.1.*+BA.2.86.* (Omicron),1
2023-11-01,Nov 2023,Sul,Santa Catarina,Outras,10
2023-11-01,Nov 2023,Sul,Santa Catarina,XBB.1.5.70.*+GK.* (Omicron),57
2023-12-01,Dez 2023,Centro-oeste,Distrito Federal,JD.1.* (Omicron),12
2023-12-01,Dez 2023,Centro-oeste,Distrito Federal,JN.1.*+BA.2.86.* (Omicron),1
2023-12-01,Dez 2023,Centro-oeste,Distrito Federal,Outras,1
2023-12-01,Dez 2023,Centro-oeste,Distrito Federal,XBB.1.5.70.*+GK.* (Omicron),1
2023-12-01,Dez 2023,Centro-oeste,Goiás,JD.1.* (Omicron),15
2023-12-01,Dez 2023,Centro-oeste,Goiás,JN.1.*+BA.2.86.* (Omicron),10
2023-12-01,Dez 2023,Centro-oeste,Goiás,Outras,2
2023-12-01,Dez 2023,Centro-oeste,Goiás,XBB.1.5.70.*+GK.* (Omicron),2
2023-12-01,Dez 2023,Centro-oeste,Mato Grosso,JD.1.* (Omicron),4
2023-12-01,Dez 2023,Centro-oeste,Mato Grosso,JN.1.*+BA.2.86.* (Omicron),2
2023-12-01,Dez 2023,Centro-oeste,Mato Grosso do Sul,JD.1.* (Omicron),46
2023-12-01,Dez 2023,Centro-oeste,Mato Grosso do Sul,JN.1.*+BA.2.86.* (Omicron),9
2023-12-01,Dez 2023,Centro-oeste,Mato Grosso do Sul,Outras,3
2023-12-01,Dez 2023,Centro-oeste,Mato Grosso do Sul,XBB.1.5.70.*+GK.* (Omicron),24
2023-12-01,Dez 2023,Nordeste,Alagoas,JD.1.* (Omicron),102
2023-12-01,Dez 2023,Nordeste,Alagoas,JN.1.*+BA.2.86.* (Omicron),40
2023-12-01,Dez 2023,Nordeste,Alagoas,Outras,7
2023-12-01,Dez 2023,Nordeste,Alagoas,XBB.1.5.70.*+GK.* (Omicron),14
2023-12-01,Dez 2023,Nordeste,Bahia,JD.1.* (Omicron),40
2023-12-01,Dez 2023,Nordeste,Bahia,JN.1.*+BA.2.86.* (Omicron),3
2023-12-01,Dez 2023,Nordeste,Bahia,Outras,3
2023-12-01,Dez 2023,Nordeste,Bahia,XBB.1.5.70.*+GK.* (Omicron),7
2023-12-01,Dez 2023,Nordeste,Ceará,JD.1.* (Omicron),13
2023-12-01,Dez 2023,Nordeste,Ceará,JN.1.*+BA.2.86.* (Omicron),539
2023-12-01,Dez 2023,Nordeste,Ceará,Outras,5
2023-12-01,Dez 2023,Nordeste,Ceará,XBB.1.5.70.*+GK.* (Omicron),3
2023-12-01,Dez 2023,Nordeste,Maranhão,JD.1.* (Omicron),3
2023-12-01,Dez 2023,Nordeste,Maranhão,JN.1.*+BA.2.86.* (Omicron),1
2023-12-01,Dez 2023,Nordeste,Maranhão,XBB.1.5.70.*+GK.* (Omicron),10
2023-12-01,Dez 2023,Nordeste,Paraíba,EG.5.* (Omicron),1
2023-12-01,Dez 2023,Nordeste,Paraíba,JD.1.* (Omicron),25
2023-12-01,Dez 2023,Nordeste,Paraíba,JN.1.*+BA.2.86.* (Omicron),48
2023-12-01,Dez 2023,Nordeste,Paraíba,Outras,7
2023-12-01,Dez 2023,Nordeste,Paraíba,XBB.1.5.* (Omicron),1
2023-12-01,Dez 2023,Nordeste,Paraíba,XBB.1.5.70.*+GK.* (Omicron),18
2023-12-01,Dez 2023,Nordeste,Pernambuco,JD.1.* (Omicron),47
2023-12-01,Dez 2023,Nordeste,Pernambuco,JN.1.*+BA.2.86.* (Omicron),11
2023-12-01,Dez 2023,Nordeste,Pernambuco,Outras,2
2023-12-01,Dez 2023,Nordeste,Pernambuco,XBB.1.5.70.*+GK.* (Omicron),17
2023-12-01,Dez 2023,Nordeste,Piauí,JD.1.* (Omicron),4
2023-12-01,Dez 2023,Nordeste,Piauí,JN.1.*+BA.2.86.* (Omicron),23
2023-12-01,Dez 2023,Nordeste,Piauí,Outras,2
2023-12-01,Dez 2023,Nordeste,Piauí,XBB.1.5.70.*+GK.* (Omicron),4
2023-12-01,Dez 2023,Nordeste,Rio Grande do Norte,JD.1.* (Omicron),6
2023-12-01,Dez 2023,Nordeste,Rio Grande do Norte,JN.1.*+BA.2.86.* (Omicron),11
2023-12-01,Dez 2023,Nordeste,Rio Grande do Norte,Outras,3
2023-12-01,Dez 2023,Nordeste,Rio Grande do Norte,XBB.1.5.70.*+GK.* (Omicron),20
2023-12-01,Dez 2023,Nordeste,Sergipe,JD.1.* (Omicron),2
2023-12-01,Dez 2023,Norte,Acre,JD.1.* (Omicron),42
2023-12-01,Dez 2023,Norte,Acre,JN.1.*+BA.2.86.* (Omicron),1
2023-12-01,Dez 2023,Norte,Acre,Outras,9
2023-12-01,Dez 2023,Norte,Acre,XBB.1.5.* (Omicron),1
2023-12-01,Dez 2023,Norte,Acre,XBB.1.5.70.*+GK.* (Omicron),7
2023-12-01,Dez 2023,Norte,Amapá,JD.1.* (Omicron),9
2023-12-01,Dez 2023,Norte,Amapá,JN.1.*+BA.2.86.* (Omicron),28
2023-12-01,Dez 2023,Norte,Amapá,Outras,1
2023-12-01,Dez 2023,Norte,Amapá,XBB.1.5.70.*+GK.* (Omicron),2
2023-12-01,Dez 2023,Norte,Amazonas,JD.1.* (Omicron),2
2023-12-01,Dez 2023,Norte,Amazonas,JN.1.*+BA.2.86.* (Omicron),4
2023-12-01,Dez 2023,Norte,Amazonas,XBB.1.5.70.*+GK.* (Omicron),16
2023-12-01,Dez 2023,Norte,Pará,JD.1.* (Omicron),20
2023-12-01,Dez 2023,Norte,Pará,JN.1.*+BA.2.86.* (Omicron),13
2023-12-01,Dez 2023,Norte,Pará,Outras,16
2023-12-01,Dez 2023,Norte,Pará,XBB.1.5.70.*+GK.* (Omicron),19
2023-12-01,Dez 2023,Norte,Roraima,JD.1.* (Omicron),1
2023-12-01,Dez 2023,Norte,Roraima,XBB.1.5.70.*+GK.* (Omicron),2
2023-12-01,Dez 2023,Norte,Tocantins,JD.1.* (Omicron),10
2023-12-01,Dez 2023,Norte,Tocantins,JN.1.*+BA.2.86.* (Omicron),3
2023-12-01,Dez 2023,Sudeste,Espírito Santo,JD.1.* (Omicron),22
2023-12-01,Dez 2023,Sudeste,Espírito Santo,JN.1.*+BA.2.86.* (Omicron),7
2023-12-01,Dez 2023,Sudeste,Espírito Santo,Outras,4
2023-12-01,Dez 2023,Sudeste,Espírito Santo,XBB.1.5.70.*+GK.* (Omicron),17
2023-12-01,Dez 2023,Sudeste,Minas Gerais,JD.1.* (Omicron),5
2023-12-01,Dez 2023,Sudeste,Minas Gerais,XBB.1.5.70.*+GK.* (Omicron),2
2023-12-01,Dez 2023,Sudeste,Rio de Janeiro,JD.1.* (Omicron),6
2023-12-01,Dez 2023,Sudeste,Rio de Janeiro,JN.1.*+BA.2.86.* (Omicron),6
2023-12-01,Dez 2023,Sudeste,Rio de Janeiro,Outras,4
2023-12-01,Dez 2023,Sudeste,Rio de Janeiro,XBB.1.5.70.*+GK.* (Omicron),10
2023-12-01,Dez 2023,Sudeste,São Paulo,JD.1.* (Omicron),24
2023-12-01,Dez 2023,Sudeste,São Paulo,JN.1.*+BA.2.86.* (Omicron),8
2023-12-01,Dez 2023,Sudeste,São Paulo,Outras,3
2023-12-01,Dez 2023,Sudeste,São Paulo,XBB.1.5.70.*+GK.* (Omicron),12
2023-12-01,Dez 2023,Sul,Paraná,JD.1.* (Omicron),5
2023-12-01,Dez 2023,Sul,Paraná,XBB.1.5.70.*+GK.* (Omicron),1
2023-12-01,Dez 2023,Sul,Rio Grande do Sul,EG.5.* (Omicron),2
2023-12-01,Dez 2023,Sul,Rio Grande do Sul,JD.1.* (Omicron),32
2023-12-01,Dez 2023,Sul,Rio Grande do Sul,JN.1.*+BA.2.86.* (Omicron),12
2023-12-01,Dez 2023,Sul,Rio Grande do Sul,Outras,14
2023-12-01,Dez 2023,Sul,Rio Grande do Sul,XBB.1.5.70.*+GK.* (Omicron),43
2023-12-01,Dez 2023,Sul,Santa Catarina,JD.1.* (Omicron),33
2023-12-01,Dez 2023,Sul,Santa Catarina,JN.1.*+BA.2.86.* (Omicron),9
2023-12-01,Dez 2023,Sul,Santa Catarina,Outras,5
2023-12-01,Dez 2023,Sul,Santa Catarina,XBB.1.5.70.*+GK.* (Omicron),18
2024-01-01,Jan 2024,Centro-oeste,Distrito Federal,JD.1.* (Omicron),2
2024-01-01,Jan 2024,Centro-oeste,Distrito Federal,JN.1.*+BA.2.86.* (Omicron),34
2024-01-01,Jan 2024,Centro-oeste,Distrito Federal,Outras,10
2024-01-01,Jan 2024,Centro-oeste,Goiás,EG.5.* (Omicron),1
2024-01-01,Jan 2024,Centro-oeste,Goiás,JD.1.* (Omicron),11
2024-01-01,Jan 2024,Centro-oeste,Goiás,JN.1.*+BA.2.86.* (Omicron),53
2024-01-01,Jan 2024,Centro-oeste,Goiás,Outras,6
2024-01-01,Jan 2024,Centro-oeste,Mato Grosso,JD.1.* (Omicron),3
2024-01-01,Jan 2024,Centro-oeste,Mato Grosso,JN.1.*+BA.2.86.* (Omicron),6
2024-01-01,Jan 2024,Centro-oeste,Mato Grosso,Outras,4
2024-01-01,Jan 2024,Centro-oeste,Mato Grosso,XBB.1.5.70.*+GK.* (Omicron),1
2024-01-01,Jan 2024,Centro-oeste,Mato Grosso do Sul,EG.5.* (Omicron),1
2024-01-01,Jan 2024,Centro-oeste,Mato Grosso do Sul,JD.1.* (Omicron),38
2024-01-01,Jan 2024,Centro-oeste,Mato Grosso do Sul,JN.1.*+BA.2.86.* (Omicron),30
2024-01-01,Jan 2024,Centro-oeste,Mato Grosso do Sul,Outras,15
2024-01-01,Jan 2024,Centro-oeste,Mato Grosso do Sul,XBB.1.5.70.*+GK.* (Omicron),4
2024-01-01,Jan 2024,Nordeste,Alagoas,JD.1.* (Omicron),26
2024-01-01,Jan 2024,Nordeste,Alagoas,JN.1.*+BA.2.86.* (Omicron),47
2024-01-01,Jan 2024,Nordeste,Alagoas,Outras,7
2024-01-01,Jan 2024,Nordeste,Alagoas,XBB.1.5.70.*+GK.* (Omicron),1
2024-01-01,Jan 2024,Nordeste,Bahia,JD.1.* (Omicron),23
2024-01-01,Jan 2024,Nordeste,Bahia,JN.1.*+BA.2.86.* (Omicron),45
2024-01-01,Jan 2024,Nordeste,Bahia,Outras,1
2024-01-01,Jan 2024,Nordeste,Bahia,XBB.1.5.70.*+GK.* (Omicron),5
2024-01-01,Jan 2024,Nordeste,Ceará,JN.1.*+BA.2.86.* (Omicron),4
2024-01-01,Jan 2024,Nordeste,Paraíba,JD.1.* (Omicron),12
2024-01-01,Jan 2024,Nordeste,Paraíba,JN.1.*+BA.2.86.* (Omicron),67
2024-01-01,Jan 2024,Nordeste,Paraíba,Outras,45
2024-01-01,Jan 2024,Nordeste,Paraíba,XBB.1.5.70.*+GK.* (Omicron),20
2024-01-01,Jan 2024,Nordeste,Pernambuco,JD.1.* (Omicron),8
2024-01-01,Jan 2024,Nordeste,Pernambuco,JN.1.*+BA.2.86.* (Omicron),33
2024-01-01,Jan 2024,Nordeste,Pernambuco,Outras,14
2024-01-01,Jan 2024,Nordeste,Pernambuco,XBB.1.5.70.*+GK.* (Omicron),2
2024-01-01,Jan 2024,Nordeste,Piauí,JN.1.*+BA.2.86.* (Omicron),8
2024-01-01,Jan 2024,Nordeste,Piauí,XBB.1.5.70.*+GK.* (Omicron),1
2024-01-01,Jan 2024,Nordeste,Rio Grande do Norte,JD.1.* (Omicron),4
2024-01-01,Jan 2024,Nordeste,Rio Grande do Norte,JN.1.*+BA.2.86.* (Omicron),37
2024-01-01,Jan 2024,Nordeste,Rio Grande do Norte,Outras,19
2024-01-01,Jan 2024,Nordeste,Rio Grande do Norte,XBB.1.5.70.*+GK.* (Omicron),3
2024-01-01,Jan 2024,Nordeste,Sergipe,JD.1.* (Omicron),9
2024-01-01,Jan 2024,Nordeste,Sergipe,JN.1.*+BA.2.86.* (Omicron),11
2024-01-01,Jan 2024,Nordeste,Sergipe,Outras,9
2024-01-01,Jan 2024,Nordeste,Sergipe,XBB.1.5.70.*+GK.* (Omicron),1
2024-01-01,Jan 2024,Norte,Acre,JD.1.* (Omicron),19
2024-01-01,Jan 2024,Norte,Acre,JN.1.*+BA.2.86.* (Omicron),6
2024-01-01,Jan 2024,Norte,Acre,Outras,6
2024-01-01,Jan 2024,Norte,Amapá,JD.1.* (Omicron),4
2024-01-01,Jan 2024,Norte,Amapá,JN.1.*+BA.2.86.* (Omicron),127
2024-01-01,Jan 2024,Norte,Amapá,Outras,13
2024-01-01,Jan 2024,Norte,Amapá,XBB.1.5.* (Omicron),1
2024-01-01,Jan 2024,Norte,Amapá,XBB.1.5.70.*+GK.* (Omicron),10
2024-01-01,Jan 2024,Norte,Amazonas,JD.1.* (Omicron),2
2024-01-01,Jan 2024,Norte,Pará,JN.1.*+BA.2.86.* (Omicron),1
2024-01-01,Jan 2024,Norte,Pará,Outras,2
2024-01-01,Jan 2024,Norte,Pará,XBB.1.5.70.*+GK.* (Omicron),1
2024-01-01,Jan 2024,Norte,Roraima,JN.1.*+BA.2.86.* (Omicron),20
2024-01-01,Jan 2024,Norte,Roraima,Outras,2
2024-01-01,Jan 2024,Norte,Roraima,XBB.1.5.* (Omicron),1
2024-01-01,Jan 2024,Norte,Roraima,XBB.1.5.70.*+GK.* (Omicron),5
2024-01-01,Jan 2024,Norte,Tocantins,JD.1.* (Omicron),8
2024-01-01,Jan 2024,Norte,Tocantins,JN.1.*+BA.2.86.* (Omicron),60
2024-01-01,Jan 2024,Norte,Tocantins,Outras,15
2024-01-01,Jan 2024,Norte,Tocantins,XBB.1.5.70.*+GK.* (Omicron),2
2024-01-01,Jan 2024,Sudeste,Espírito Santo,JD.1.* (Omicron),23
2024-01-01,Jan 2024,Sudeste,Espírito Santo,JN.1.*+BA.2.86.* (Omicron),62
2024-01-01,Jan 2024,Sudeste,Espírito Santo,Outras,16
2024-01-01,Jan 2024,Sudeste,Espírito Santo,XBB.1.5.70.*+GK.* (Omicron),10
2024-01-01,Jan 2024,Sudeste,Minas Gerais,JN.1.*+BA.2.86.* (Omicron),4
2024-01-01,Jan 2024,Sudeste,Rio de Janeiro,JD.1.* (Omicron),4
2024-01-01,Jan 2024,Sudeste,Rio de Janeiro,JN.1.*+BA.2.86.* (Omicron),42
2024-01-01,Jan 2024,Sudeste,Rio de Janeiro,Outras,9
2024-01-01,Jan 2024,Sudeste,Rio de Janeiro,XBB.1.5.70.*+GK.* (Omicron),3
2024-01-01,Jan 2024,Sudeste,São Paulo,JD.1.* (Omicron),15
2024-01-01,Jan 2024,Sudeste,São Paulo,JN.1.*+BA.2.86.* (Omicron),91
2024-01-01,Jan 2024,Sudeste,São Paulo,Outras,17
2024-01-01,Jan 2024,Sudeste,São Paulo,XBB.1.5.70.*+GK.* (Omicron),6
2024-01-01,Jan 2024,Sul,Paraná,JD.1.* (Omicron),2
2024-01-01,Jan 2024,Sul,Paraná,JN.1.*+BA.2.86.* (Omicron),5
2024-01-01,Jan 2024,Sul,Paraná,Outras,2
2024-01-01,Jan 2024,Sul,Paraná,XBB.1.5.70.*+GK.* (Omicron),1
2024-01-01,Jan 2024,Sul,Rio Grande do Sul,JD.1.* (Omicron),9
2024-01-01,Jan 2024,Sul,Rio Grande do Sul,JN.1.*+BA.2.86.* (Omicron),9
2024-01-01,Jan 2024,Sul,Rio Grande do Sul,Outras,3
2024-01-01,Jan 2024,Sul,Rio Grande do Sul,XBB.1.5.* (Omicron),1
2024-01-01,Jan 2024,Sul,Rio Grande do Sul,XBB.1.5.70.*+GK.* (Omicron),2
2024-01-01,Jan 2024,Sul,Santa Catarina,JD.1.* (Omicron),30
2024-01-01,Jan 2024,Sul,Santa Catarina,JN.1.*+BA.2.86.* (Omicron),37
2024-01-01,Jan 2024,Sul,Santa Catarina,Outras,6
2024-01-01,Jan 2024,Sul,Santa Catarina,XBB.1.5.70.*+GK.* (Omicron),7
2024-02-01,Fev 2024,Centro-oeste,Distrito Federal,JD.1.* (Omicron),2
2024-02-01,Fev 2024,Centro-oeste,Distrito Federal,JN.1.*+BA.2.86.* (Omicron),47
2024-02-01,Fev 2024,Centro-oeste,Distrito Federal,Outras,5
2024-02-01,Fev 2024,Centro-oeste,Distrito Federal,XBB.1.5.70.*+GK.* (Omicron),1
2024-02-01,Fev 2024,Centro-oeste,Goiás,JD.1.* (Omicron),1
2024-02-01,Fev 2024,Centro-oeste,Goiás,JN.1.*+BA.2.86.* (Omicron),31
2024-02-01,Fev 2024,Centro-oeste,Goiás,Outras,5
2024-02-01,Fev 2024,Centro-oeste,Mato Grosso do Sul,JD.1.* (Omicron),13
2024-02-01,Fev 2024,Centro-oeste,Mato Grosso do Sul,JN.1.*+BA.2.86.* (Omicron),36
2024-02-01,Fev 2024,Centro-oeste,Mato Grosso do Sul,Outras,19
2024-02-01,Fev 2024,Nordeste,Alagoas,JD.1.* (Omicron),2
2024-02-01,Fev 2024,Nordeste,Alagoas,JN.1.*+BA.2.86.* (Omicron),10
2024-02-01,Fev 2024,Nordeste,Alagoas,Outras,3
2024-02-01,Fev 2024,Nordeste,Paraíba,JN.1.*+BA.2.86.* (Omicron),4
2024-02-01,Fev 2024,Nordeste,Paraíba,Outras,1
2024-02-01,Fev 2024,Nordeste,Paraíba,XBB.1.5.70.*+GK.* (Omicron),1
2024-02-01,Fev 2024,Norte,Acre,JN.1.*+BA.2.86.* (Omicron),5
2024-02-01,Fev 2024,Norte,Acre,Outras,2
2024-02-01,Fev 2024,Norte,Amapá,JN.1.*+BA.2.86.* (Omicron),9
2024-02-01,Fev 2024,Norte,Roraima,JN.1.*+BA.2.86.* (Omicron),8
2024-02-01,Fev 2024,Norte,Roraima,XBB.1.5.70.*+GK.* (Omicron),1
2024-02-01,Fev 2024,Sudeste,Espírito Santo,JN.1.*+BA.2.86.* (Omicron),6
2024-02-01,Fev 2024,Sudeste,Espírito Santo,Outras,1
2024-02-01,Fev 2024,Sudeste,Rio de Janeiro,JN.1.*+BA.2.86.* (Omicron),73
2024-02-01,Fev 2024,Sudeste,Rio de Janeiro,Outras,9
2024-02-01,Fev 2024,Sudeste,São Paulo,EG.5.* (Omicron),1
2024-02-01,Fev 2024,Sudeste,São Paulo,JD.1.* (Omicron),8
2024-02-01,Fev 2024,Sudeste,São Paulo,JN.1.*+BA.2.86.* (Omicron),123
2024-02-01,Fev 2024,Sudeste,São Paulo,Outras,32
2024-02-01,Fev 2024,Sudeste,São Paulo,XBB.1.5.70.*+GK.* (Omicron),2
2024-02-01,Fev 2024,Sul,Rio Grande do Sul,JD.1.* (Omicron),2
2024-02-01,Fev 2024,Sul,Rio Grande do Sul,JN.1.*+BA.2.86.* (Omicron),10
2024-02-01,Fev 2024,Sul,Rio Grande do Sul,Outras,3
2024-02-01,Fev 2024,Sul,Santa Catarina,JD.1.* (Omicron),6
2024-02-01,Fev 2024,Sul,Santa Catarina,JN.1.*+BA.2.86.* (Omicron),110
2024-02-01,Fev 2024,Sul,Santa Catarina,Outras,16
2024-02-01,Fev 2024,Sul,Santa Catarina,XBB.1.5.70.*+GK.* (Omicron),4
2024-03-01,Mar 2024,Centro-oeste,Distrito Federal,JN.1.*+BA.2.86.* (Omicron),20
2024-03-01,Mar 2024,Centro-oeste,Distrito Federal,Outras,1
