Fecha,Período,Región,Estado,Variantes relevantes,Cantidad
2023-01-01,Ene 2023,Centro-oeste,Distrito Federal,Otras,4
2023-01-01,Ene 2023,Centro-oeste,Goiás,Otras,107
2023-01-01,Ene 2023,Centro-oeste,Goiás,XBB.1.5.* (Omicron),8
2023-01-01,Ene 2023,Centro-oeste,Mato Grosso,Otras,13
2023-01-01,Ene 2023,Centro-oeste,Mato Grosso do Sul,Otras,86
2023-01-01,Ene 2023,Centro-oeste,Mato Grosso do Sul,XBB.1.5.* (Omicron),2
2023-01-01,Ene 2023,Noreste,Alagoas,Otras,34
2023-01-01,Ene 2023,Noreste,Bahia,Otras,50
2023-01-01,Ene 2023,Noreste,Bahia,XBB.1.5.* (Omicron),1
2023-01-01,Ene 2023,Noreste,Ceará,Otras,41
2023-01-01,Ene 2023,Noreste,Ceará,XBB.1.5.70.*+GK.* (Omicron),1
2023-01-01,Ene 2023,Noreste,Maranhão,Otras,8
2023-01-01,Ene 2023,Noreste,Maranhão,XBB.1.5.* (Omicron),2
2023-01-01,Ene 2023,Noreste,Paraíba,Otras,5
2023-01-01,Ene 2023,Noreste,Pernambuco,Otras,23
2023-01-01,Ene 2023,Noreste,Rio Grande do Norte,Otras,4
2023-01-01,Ene 2023,Norte,Acre,Otras,1
2023-01-01,Ene 2023,Norte,Amapá,Otras,31
2023-01-01,Ene 2023,Norte,Amazonas,Otras,84
2023-01-01,Ene 2023,Norte,Amazonas,XBB.1.5.* (Omicron),16
2023-01-01,Ene 2023,Norte,Pará,Otras,21
2023-01-01,Ene 2023,Norte,Pará,XBB.1.5.* (Omicron),3
2023-01-01,Ene 2023,Norte,Rondônia,Otras,17
2023-01-01,Ene 2023,Norte,Tocantins,Otras,99
2023-01-01,Ene 2023,Norte,Tocantins,XBB.1.5.* (Omicron),3
2023-01-01,Ene 2023,Sureste,Espírito Santo,Otras,113
2023-01-01,Ene 2023,Sureste,Espírito Santo,XBB.1.5.* (Omicron),2
2023-01-01,Ene 2023,Sureste,Minas Gerais,Otras,224
2023-01-01,Ene 2023,Sureste,Minas Gerais,XBB.1.5.* (Omicron),3
2023-01-01,Ene 2023,Sureste,Rio de Eneeiro,Otras,105
2023-01-01,Ene 2023,Sureste,Rio de Eneeiro,XBB.1.5.* (Omicron),10
2023-01-01,Ene 2023,Sureste,São Paulo,FE.1.* (Omicron),8
2023-01-01,Ene 2023,Sureste,São Paulo,Otras,607
2023-01-01,Ene 2023,Sureste,São Paulo,XBB.1.5.* (Omicron),46
2023-01-01,Ene 2023,Sur,Paraná,Otras,8
2023-01-01,Ene 2023,Sur,Paraná,XBB.1.5.* (Omicron),1
2023-01-01,Ene 2023,Sur,Rio Grande do Sul,FE.1.* (Omicron),1
2023-01-01,Ene 2023,Sur,Rio Grande do Sul,Otras,251
2023-01-01,Ene 2023,Sur,Rio Grande do Sul,XBB.1.5.* (Omicron),1
2023-01-01,Ene 2023,Sur,Santa Catarina,Otras,177
2023-01-01,Ene 2023,Sur,Santa Catarina,XBB.1.5.* (Omicron),17
2023-02-01,Feb 2023,Centro-oeste,Distrito Federal,Otras,23
2023-02-01,Feb 2023,Centro-oeste,Distrito Federal,XBB.1.5.* (Omicron),7
2023-02-01,Feb 2023,Centro-oeste,Goiás,Otras,43
2023-02-01,Feb 2023,Centro-oeste,Goiás,XBB.1.5.* (Omicron),25
2023-02-01,Feb 2023,Centro-oeste,Mato Grosso,Otras,3
2023-02-01,Feb 2023,Centro-oeste,Mato Grosso,XBB.1.5.* (Omicron),3
2023-02-01,Feb 2023,Centro-oeste,Mato Grosso do Sul,FE.1.* (Omicron),3
2023-02-01,Feb 2023,Centro-oeste,Mato Grosso do Sul,Otras,56
2023-02-01,Feb 2023,Centro-oeste,Mato Grosso do Sul,XBB.1.5.* (Omicron),7
2023-02-01,Feb 2023,Noreste,Alagoas,Otras,7
2023-02-01,Feb 2023,Noreste,Alagoas,XBB.1.5.* (Omicron),3
2023-02-01,Feb 2023,Noreste,Bahia,FE.1.* (Omicron),10
2023-02-01,Feb 2023,Noreste,Bahia,Otras,17
2023-02-01,Feb 2023,Noreste,Bahia,XBB.1.5.* (Omicron),23
2023-02-01,Feb 2023,Noreste,Ceará,Otras,32
2023-02-01,Feb 2023,Noreste,Ceará,XBB.1.5.* (Omicron),3
2023-02-01,Feb 2023,Noreste,Maranhão,Otras,9
2023-02-01,Feb 2023,Noreste,Maranhão,XBB.1.5.* (Omicron),1
2023-02-01,Feb 2023,Noreste,Paraíba,Otras,1
2023-02-01,Feb 2023,Noreste,Paraíba,XBB.1.5.* (Omicron),1
2023-02-01,Feb 2023,Noreste,Pernambuco,Otras,8
2023-02-01,Feb 2023,Noreste,Pernambuco,XBB.1.5.* (Omicron),3
2023-02-01,Feb 2023,Noreste,Rio Grande do Norte,Otras,7
2023-02-01,Feb 2023,Noreste,Rio Grande do Norte,XBB.1.5.* (Omicron),3
2023-02-01,Feb 2023,Noreste,Sergipe,FE.1.* (Omicron),1
2023-02-01,Feb 2023,Noreste,Sergipe,Otras,2
2023-02-01,Feb 2023,Noreste,Sergipe,XBB.1.5.* (Omicron),3
2023-02-01,Feb 2023,Norte,Acre,Otras,3
2023-02-01,Feb 2023,Norte,Acre,XBB.1.5.* (Omicron),1
2023-02-01,Feb 2023,Norte,Amapá,Otras,12
2023-02-01,Feb 2023,Norte,Amapá,XBB.1.5.* (Omicron),2
2023-02-01,Feb 2023,Norte,Amazonas,Otras,1023
2023-02-01,Feb 2023,Norte,Amazonas,XBB.1.5.* (Omicron),453
2023-02-01,Feb 2023,Norte,Pará,Otras,34
2023-02-01,Feb 2023,Norte,Pará,XBB.1.5.* (Omicron),10
2023-02-01,Feb 2023,Norte,Rondônia,Otras,10
2023-02-01,Feb 2023,Norte,Tocantins,FE.1.* (Omicron),2
2023-02-01,Feb 2023,Norte,Tocantins,Otras,44
2023-02-01,Feb 2023,Norte,Tocantins,XBB.1.5.* (Omicron),2
2023-02-01,Feb 2023,Sureste,Espírito Santo,Otras,17
2023-02-01,Feb 2023,Sureste,Espírito Santo,XBB.1.5.* (Omicron),10
2023-02-01,Feb 2023,Sureste,Minas Gerais,FE.1.* (Omicron),1
2023-02-01,Feb 2023,Sureste,Minas Gerais,Otras,47
2023-02-01,Feb 2023,Sureste,Minas Gerais,XBB.1.5.* (Omicron),11
2023-02-01,Feb 2023,Sureste,Rio de Eneeiro,FE.1.* (Omicron),2
2023-02-01,Feb 2023,Sureste,Rio de Eneeiro,Otras,39
2023-02-01,Feb 2023,Sureste,Rio de Eneeiro,XBB.1.5.* (Omicron),70
2023-02-01,Feb 2023,Sureste,São Paulo,FE.1.* (Omicron),46
2023-02-01,Feb 2023,Sureste,São Paulo,JD.1.* (Omicron),1
2023-02-01,Feb 2023,Sureste,São Paulo,Otras,197
2023-02-01,Feb 2023,Sureste,São Paulo,XBB.1.5.* (Omicron),182
2023-02-01,Feb 2023,Sur,Paraná,FE.1.* (Omicron),2
2023-02-01,Feb 2023,Sur,Paraná,Otras,16
2023-02-01,Feb 2023,Sur,Paraná,XBB.1.5.* (Omicron),9
2023-02-01,Feb 2023,Sur,Rio Grande do Sul,Otras,20
2023-02-01,Feb 2023,Sur,Rio Grande do Sul,XBB.1.5.* (Omicron),5
2023-02-01,Feb 2023,Sur,Santa Catarina,FE.1.* (Omicron),5
2023-02-01,Feb 2023,Sur,Santa Catarina,Otras,35
2023-02-01,Feb 2023,Sur,Santa Catarina,XBB.1.5.* (Omicron),40
2023-03-01,Mar 2023,Centro-oeste,Goiás,FE.1.* (Omicron),1
2023-03-01,Mar 2023,Centro-oeste,Goiás,Otras,63
2023-03-01,Mar 2023,Centro-oeste,Goiás,XBB.1.5.* (Omicron),44
2023-03-01,Mar 2023,Centro-oeste,Goiás,XBB.1.5.70.*+GK.* (Omicron),2
2023-03-01,Mar 2023,Centro-oeste,Mato Grosso,Otras,12
2023-03-01,Mar 2023,Centro-oeste,Mato Grosso,XBB.1.5.* (Omicron),3
2023-03-01,Mar 2023,Centro-oeste,Mato Grosso do Sul,FE.1.* (Omicron),8
2023-03-01,Mar 2023,Centro-oeste,Mato Grosso do Sul,Otras,60
2023-03-01,Mar 2023,Centro-oeste,Mato Grosso do Sul,XBB.1.5.* (Omicron),26
2023-03-01,Mar 2023,Noreste,Alagoas,FE.1.* (Omicron),8
2023-03-01,Mar 2023,Noreste,Alagoas,Otras,5
2023-03-01,Mar 2023,Noreste,Alagoas,XBB.1.5.* (Omicron),7
2023-03-01,Mar 2023,Noreste,Bahia,FE.1.* (Omicron),78
2023-03-01,Mar 2023,Noreste,Bahia,Otras,35
2023-03-01,Mar 2023,Noreste,Bahia,XBB.1.5.* (Omicron),54
2023-03-01,Mar 2023,Noreste,Ceará,FE.1.* (Omicron),1
2023-03-01,Mar 2023,Noreste,Ceará,Otras,14
2023-03-01,Mar 2023,Noreste,Ceará,XBB.1.5.* (Omicron),9
2023-03-01,Mar 2023,Noreste,Ceará,XBB.1.5.70.*+GK.* (Omicron),9
2023-03-01,Mar 2023,Noreste,Maranhão,FE.1.* (Omicron),1
2023-03-01,Mar 2023,Noreste,Maranhão,Otras,19
2023-03-01,Mar 2023,Noreste,Maranhão,XBB.1.5.* (Omicron),11
2023-03-01,Mar 2023,Noreste,Paraíba,Otras,2
2023-03-01,Mar 2023,Noreste,Paraíba,XBB.1.5.* (Omicron),2
2023-03-01,Mar 2023,Noreste,Pernambuco,FE.1.* (Omicron),2
2023-03-01,Mar 2023,Noreste,Pernambuco,Otras,19
2023-03-01,Mar 2023,Noreste,Pernambuco,XBB.1.5.* (Omicron),15
2023-03-01,Mar 2023,Noreste,Piauí,XBB.1.5.* (Omicron),1
2023-03-01,Mar 2023,Noreste,Rio Grande do Norte,Otras,19
2023-03-01,Mar 2023,Noreste,Rio Grande do Norte,XBB.1.5.* (Omicron),1
2023-03-01,Mar 2023,Noreste,Sergipe,XBB.1.5.* (Omicron),4
2023-03-01,Mar 2023,Norte,Acre,Otras,3
2023-03-01,Mar 2023,Norte,Acre,XBB.1.5.* (Omicron),2
2023-03-01,Mar 2023,Norte,Amapá,Otras,7
2023-03-01,Mar 2023,Norte,Amapá,XBB.1.5.* (Omicron),5
2023-03-01,Mar 2023,Norte,Amazonas,Otras,50
2023-03-01,Mar 2023,Norte,Amazonas,XBB.1.5.* (Omicron),31
2023-03-01,Mar 2023,Norte,Pará,JD.1.* (Omicron),2
2023-03-01,Mar 2023,Norte,Pará,Otras,41
2023-03-01,Mar 2023,Norte,Pará,XBB.1.5.* (Omicron),25
2023-03-01,Mar 2023,Norte,Rondônia,Otras,11
2023-03-01,Mar 2023,Norte,Rondônia,XBB.1.5.* (Omicron),1
2023-03-01,Mar 2023,Norte,Tocantins,FE.1.* (Omicron),5
2023-03-01,Mar 2023,Norte,Tocantins,Otras,56
2023-03-01,Mar 2023,Norte,Tocantins,XBB.1.5.* (Omicron),2
2023-03-01,Mar 2023,Sureste,Espírito Santo,FE.1.* (Omicron),9
2023-03-01,Mar 2023,Sureste,Espírito Santo,Otras,15
2023-03-01,Mar 2023,Sureste,Espírito Santo,XBB.1.5.* (Omicron),54
2023-03-01,Mar 2023,Sureste,Espírito Santo,XBB.1.5.70.*+GK.* (Omicron),1
2023-03-01,Mar 2023,Sureste,Minas Gerais,FE.1.* (Omicron),17
2023-03-01,Mar 2023,Sureste,Minas Gerais,Otras,38
2023-03-01,Mar 2023,Sureste,Minas Gerais,XBB.1.5.* (Omicron),41
2023-03-01,Mar 2023,Sureste,Rio de Eneeiro,FE.1.* (Omicron),8
2023-03-01,Mar 2023,Sureste,Rio de Eneeiro,Otras,34
2023-03-01,Mar 2023,Sureste,Rio de Eneeiro,XBB.1.5.* (Omicron),105
2023-03-01,Mar 2023,Sureste,São Paulo,FE.1.* (Omicron),63
2023-03-01,Mar 2023,Sureste,São Paulo,Otras,93
2023-03-01,Mar 2023,Sureste,São Paulo,XBB.1.5.* (Omicron),93
2023-03-01,Mar 2023,Sur,Paraná,FE.1.* (Omicron),3
2023-03-01,Mar 2023,Sur,Paraná,Otras,16
2023-03-01,Mar 2023,Sur,Paraná,XBB.1.5.* (Omicron),16
2023-03-01,Mar 2023,Sur,Rio Grande do Sul,FE.1.* (Omicron),8
2023-03-01,Mar 2023,Sur,Rio Grande do Sul,Otras,67
2023-03-01,Mar 2023,Sur,Rio Grande do Sul,XBB.1.5.* (Omicron),60
2023-03-01,Mar 2023,Sur,Santa Catarina,FE.1.* (Omicron),16
2023-03-01,Mar 2023,Sur,Santa Catarina,Otras,49
2023-03-01,Mar 2023,Sur,Santa Catarina,XBB.1.5.* (Omicron),81
2023-04-01,Abr 2023,Centro-oeste,Distrito Federal,FE.1.* (Omicron),2
2023-04-01,Abr 2023,Centro-oeste,Distrito Federal,Otras,25
2023-04-01,Abr 2023,Centro-oeste,Distrito Federal,XBB.1.5.* (Omicron),5
2023-04-01,Abr 2023,Centro-oeste,Goiás,FE.1.* (Omicron),10
2023-04-01,Abr 2023,Centro-oeste,Goiás,Otras,25
2023-04-01,Abr 2023,Centro-oeste,Goiás,XBB.1.5.* (Omicron),28
2023-04-01,Abr 2023,Centro-oeste,Goiás,XBB.1.5.70.*+GK.* (Omicron),1
2023-04-01,Abr 2023,Centro-oeste,Mato Grosso,Otras,1
2023-04-01,Abr 2023,Centro-oeste,Mato Grosso,XBB.1.5.* (Omicron),2
2023-04-01,Abr 2023,Centro-oeste,Mato Grosso do Sul,FE.1.* (Omicron),6
2023-04-01,Abr 2023,Centro-oeste,Mato Grosso do Sul,Otras,20
2023-04-01,Abr 2023,Centro-oeste,Mato Grosso do Sul,XBB.1.5.* (Omicron),7
2023-04-01,Abr 2023,Noreste,Alagoas,FE.1.* (Omicron),12
2023-04-01,Abr 2023,Noreste,Alagoas,Otras,19
2023-04-01,Abr 2023,Noreste,Alagoas,XBB.1.5.* (Omicron),12
2023-04-01,Abr 2023,Noreste,Alagoas,XBB.1.5.70.*+GK.* (Omicron),1
2023-04-01,Abr 2023,Noreste,Bahia,FE.1.* (Omicron),101
2023-04-01,Abr 2023,Noreste,Bahia,Otras,14
2023-04-01,Abr 2023,Noreste,Bahia,XBB.1.5.* (Omicron),17
2023-04-01,Abr 2023,Noreste,Bahia,XBB.1.5.70.*+GK.* (Omicron),1
2023-04-01,Abr 2023,Noreste,Ceará,FE.1.* (Omicron),9
2023-04-01,Abr 2023,Noreste,Ceará,Otras,12
2023-04-01,Abr 2023,Noreste,Ceará,XBB.1.5.* (Omicron),9
2023-04-01,Abr 2023,Noreste,Ceará,XBB.1.5.70.*+GK.* (Omicron),92
2023-04-01,Abr 2023,Noreste,Maranhão,FE.1.* (Omicron),1
2023-04-01,Abr 2023,Noreste,Maranhão,Otras,12
2023-04-01,Abr 2023,Noreste,Maranhão,XBB.1.5.* (Omicron),2
2023-04-01,Abr 2023,Noreste,Paraíba,FE.1.* (Omicron),3
2023-04-01,Abr 2023,Noreste,Paraíba,Otras,2
2023-04-01,Abr 2023,Noreste,Paraíba,XBB.1.5.* (Omicron),1
2023-04-01,Abr 2023,Noreste,Pernambuco,FE.1.* (Omicron),8
2023-04-01,Abr 2023,Noreste,Pernambuco,Otras,12
2023-04-01,Abr 2023,Noreste,Pernambuco,XBB.1.5.* (Omicron),7
2023-04-01,Abr 2023,Noreste,Rio Grande do Norte,FE.1.* (Omicron),1
2023-04-01,Abr 2023,Noreste,Rio Grande do Norte,Otras,21
2023-04-01,Abr 2023,Noreste,Rio Grande do Norte,XBB.1.5.* (Omicron),13
2023-04-01,Abr 2023,Noreste,Rio Grande do Norte,XBB.1.5.70.*+GK.* (Omicron),1
2023-04-01,Abr 2023,Noreste,Sergipe,FE.1.* (Omicron),2
2023-04-01,Abr 2023,Noreste,Sergipe,Otras,3
2023-04-01,Abr 2023,Noreste,Sergipe,XBB.1.5.* (Omicron),1
2023-04-01,Abr 2023,Norte,Acre,FE.1.* (Omicron),2
2023-04-01,Abr 2023,Norte,Acre,Otras,5
2023-04-01,Abr 2023,Norte,Acre,XBB.1.5.* (Omicron),12
2023-04-01,Abr 2023,Norte,Amapá,FE.1.* (Omicron),1
2023-04-01,Abr 2023,Norte,Amazonas,Otras,7
2023-04-01,Abr 2023,Norte,Amazonas,XBB.1.5.* (Omicron),9
2023-04-01,Abr 2023,Norte,Pará,JD.1.* (Omicron),1
2023-04-01,Abr 2023,Norte,Pará,Otras,5
2023-04-01,Abr 2023,Norte,Pará,XBB.1.5.* (Omicron),3
2023-04-01,Abr 2023,Norte,Rondônia,Otras,3
2023-04-01,Abr 2023,Norte,Rondônia,XBB.1.5.* (Omicron),2
2023-04-01,Abr 2023,Norte,Rondônia,XBB.1.5.70.*+GK.* (Omicron),3
2023-04-01,Abr 2023,Norte,Roraima,Otras,3
2023-04-01,Abr 2023,Norte,Roraima,XBB.1.5.* (Omicron),4
2023-04-01,Abr 2023,Norte,Tocantins,FE.1.* (Omicron),7
2023-04-01,Abr 2023,Norte,Tocantins,Otras,33
2023-04-01,Abr 2023,Norte,Tocantins,XBB.1.5.* (Omicron),4
2023-04-01,Abr 2023,Sureste,Espírito Santo,EG.5.* (Omicron),1
2023-04-01,Abr 2023,Sureste,Espírito Santo,FE.1.* (Omicron),37
2023-04-01,Abr 2023,Sureste,Espírito Santo,Otras,11
2023-04-01,Abr 2023,Sureste,Espírito Santo,XBB.1.5.* (Omicron),46
2023-04-01,Abr 2023,Sureste,Espírito Santo,XBB.1.5.70.*+GK.* (Omicron),3
2023-04-01,Abr 2023,Sureste,Minas Gerais,FE.1.* (Omicron),22
2023-04-01,Abr 2023,Sureste,Minas Gerais,Otras,25
2023-04-01,Abr 2023,Sureste,Minas Gerais,XBB.1.5.* (Omicron),24
2023-04-01,Abr 2023,Sureste,Rio de Eneeiro,FE.1.* (Omicron),3
2023-04-01,Abr 2023,Sureste,Rio de Eneeiro,Otras,11
2023-04-01,Abr 2023,Sureste,Rio de Eneeiro,XBB.1.5.* (Omicron),18
2023-04-01,Abr 2023,Sureste,São Paulo,FE.1.* (Omicron),37
2023-04-01,Abr 2023,Sureste,São Paulo,Otras,26
2023-04-01,Abr 2023,Sureste,São Paulo,XBB.1.5.* (Omicron),33
2023-04-01,Abr 2023,Sureste,São Paulo,XBB.1.5.70.*+GK.* (Omicron),2
2023-04-01,Abr 2023,Sur,Paraná,FE.1.* (Omicron),10
2023-04-01,Abr 2023,Sur,Paraná,Otras,16
2023-04-01,Abr 2023,Sur,Paraná,XBB.1.5.* (Omicron),24
2023-04-01,Abr 2023,Sur,Rio Grande do Sul,FE.1.* (Omicron),30
2023-04-01,Abr 2023,Sur,Rio Grande do Sul,Otras,75
2023-04-01,Abr 2023,Sur,Rio Grande do Sul,XBB.1.5.* (Omicron),127
2023-04-01,Abr 2023,Sur,Rio Grande do Sul,XBB.1.5.70.*+GK.* (Omicron),2
2023-04-01,Abr 2023,Sur,Santa Catarina,FE.1.* (Omicron),25
2023-04-01,Abr 2023,Sur,Santa Catarina,HA.1.* (Omicron),2
2023-04-01,Abr 2023,Sur,Santa Catarina,Otras,27
2023-04-01,Abr 2023,Sur,Santa Catarina,XBB.1.5.* (Omicron),46
2023-05-01,May 2023,Centro-oeste,Distrito Federal,FE.1.* (Omicron),8
2023-05-01,May 2023,Centro-oeste,Distrito Federal,Otras,33
2023-05-01,May 2023,Centro-oeste,Distrito Federal,XBB.1.5.* (Omicron),3
2023-05-01,May 2023,Centro-oeste,Distrito Federal,XBB.1.5.70.*+GK.* (Omicron),1
2023-05-01,May 2023,Centro-oeste,Goiás,FE.1.* (Omicron),17
2023-05-01,May 2023,Centro-oeste,Goiás,Otras,25
2023-05-01,May 2023,Centro-oeste,Goiás,XBB.1.5.* (Omicron),7
2023-05-01,May 2023,Centro-oeste,Goiás,XBB.1.5.70.*+GK.* (Omicron),6
2023-05-01,May 2023,Centro-oeste,Mato Grosso,FE.1.* (Omicron),10
2023-05-01,May 2023,Centro-oeste,Mato Grosso,HA.1.* (Omicron),1
2023-05-01,May 2023,Centro-oeste,Mato Grosso,Otras,9
2023-05-01,May 2023,Centro-oeste,Mato Grosso,XBB.1.5.* (Omicron),5
2023-05-01,May 2023,Centro-oeste,Mato Grosso,XBB.1.5.70.*+GK.* (Omicron),3
2023-05-01,May 2023,Centro-oeste,Mato Grosso do Sul,FE.1.* (Omicron),18
2023-05-01,May 2023,Centro-oeste,Mato Grosso do Sul,Otras,9
2023-05-01,May 2023,Centro-oeste,Mato Grosso do Sul,XBB.1.5.* (Omicron),8
2023-05-01,May 2023,Centro-oeste,Mato Grosso do Sul,XBB.1.5.70.*+GK.* (Omicron),3
2023-05-01,May 2023,Noreste,Alagoas,FE.1.* (Omicron),45
2023-05-01,May 2023,Noreste,Alagoas,Otras,17
2023-05-01,May 2023,Noreste,Alagoas,XBB.1.5.* (Omicron),20
2023-05-01,May 2023,Noreste,Alagoas,XBB.1.5.70.*+GK.* (Omicron),5
2023-05-01,May 2023,Noreste,Bahia,FE.1.* (Omicron),105
2023-05-01,May 2023,Noreste,Bahia,Otras,2
2023-05-01,May 2023,Noreste,Bahia,XBB.1.5.* (Omicron),8
2023-05-01,May 2023,Noreste,Bahia,XBB.1.5.70.*+GK.* (Omicron),5
2023-05-01,May 2023,Noreste,Ceará,FE.1.* (Omicron),2
2023-05-01,May 2023,Noreste,Ceará,XBB.1.5.* (Omicron),1
2023-05-01,May 2023,Noreste,Ceará,XBB.1.5.70.*+GK.* (Omicron),20
2023-05-01,May 2023,Noreste,Maranhão,FE.1.* (Omicron),20
2023-05-01,May 2023,Noreste,Maranhão,Otras,7
2023-05-01,May 2023,Noreste,Maranhão,XBB.1.5.* (Omicron),2
2023-05-01,May 2023,Noreste,Maranhão,XBB.1.5.70.*+GK.* (Omicron),5
2023-05-01,May 2023,Noreste,Paraíba,FE.1.* (Omicron),32
2023-05-01,May 2023,Noreste,Paraíba,Otras,18
2023-05-01,May 2023,Noreste,Paraíba,XBB.1.5.* (Omicron),21
2023-05-01,May 2023,Noreste,Paraíba,XBB.1.5.70.*+GK.* (Omicron),14
2023-05-01,May 2023,Noreste,Pernambuco,FE.1.* (Omicron),25
2023-05-01,May 2023,Noreste,Pernambuco,Otras,19
2023-05-01,May 2023,Noreste,Pernambuco,XBB.1.5.* (Omicron),6
2023-05-01,May 2023,Noreste,Pernambuco,XBB.1.5.70.*+GK.* (Omicron),6
2023-05-01,May 2023,Noreste,Rio Grande do Norte,FE.1.* (Omicron),6
2023-05-01,May 2023,Noreste,Rio Grande do Norte,Otras,14
2023-05-01,May 2023,Noreste,Rio Grande do Norte,XBB.1.5.* (Omicron),4
2023-05-01,May 2023,Noreste,Rio Grande do Norte,XBB.1.5.70.*+GK.* (Omicron),2
2023-05-01,May 2023,Noreste,Sergipe,FE.1.* (Omicron),8
2023-05-01,May 2023,Noreste,Sergipe,Otras,6
2023-05-01,May 2023,Noreste,Sergipe,XBB.1.5.* (Omicron),3
2023-05-01,May 2023,Noreste,Sergipe,XBB.1.5.70.*+GK.* (Omicron),3
2023-05-01,May 2023,Norte,Acre,FE.1.* (Omicron),2
2023-05-01,May 2023,Norte,Acre,Otras,1
2023-05-01,May 2023,Norte,Acre,XBB.1.5.* (Omicron),1
2023-05-01,May 2023,Norte,Amapá,FE.1.* (Omicron),2
2023-05-01,May 2023,Norte,Amapá,Otras,7
2023-05-01,May 2023,Norte,Amapá,XBB.1.5.* (Omicron),1
2023-05-01,May 2023,Norte,Amazonas,Otras,9
2023-05-01,May 2023,Norte,Amazonas,XBB.1.5.* (Omicron),6
2023-05-01,May 2023,Norte,Amazonas,XBB.1.5.70.*+GK.* (Omicron),1
2023-05-01,May 2023,Norte,Pará,FE.1.* (Omicron),3
2023-05-01,May 2023,Norte,Pará,JD.1.* (Omicron),3
2023-05-01,May 2023,Norte,Pará,Otras,3
2023-05-01,May 2023,Norte,Pará,XBB.1.5.* (Omicron),4
2023-05-01,May 2023,Norte,Pará,XBB.1.5.70.*+GK.* (Omicron),3
2023-05-01,May 2023,Norte,Rondônia,FE.1.* (Omicron),1
2023-05-01,May 2023,Norte,Rondônia,Otras,7
2023-05-01,May 2023,Norte,Rondônia,XBB.1.5.* (Omicron),9
2023-05-01,May 2023,Norte,Rondônia,XBB.1.5.70.*+GK.* (Omicron),10
2023-05-01,May 2023,Norte,Roraima,FE.1.* (Omicron),1
2023-05-01,May 2023,Norte,Roraima,Otras,3
2023-05-01,May 2023,Norte,Roraima,XBB.1.5.* (Omicron),2
2023-05-01,May 2023,Norte,Tocantins,FE.1.* (Omicron),20
2023-05-01,May 2023,Norte,Tocantins,JD.1.* (Omicron),6
2023-05-01,May 2023,Norte,Tocantins,Otras,52
2023-05-01,May 2023,Norte,Tocantins,XBB.1.5.* (Omicron),4
2023-05-01,May 2023,Norte,Tocantins,XBB.1.5.70.*+GK.* (Omicron),1
2023-05-01,May 2023,Sureste,Espírito Santo,FE.1.* (Omicron),40
2023-05-01,May 2023,Sureste,Espírito Santo,Otras,9
2023-05-01,May 2023,Sureste,Espírito Santo,XBB.1.5.* (Omicron),25
2023-05-01,May 2023,Sureste,Espírito Santo,XBB.1.5.70.*+GK.* (Omicron),1
2023-05-01,May 2023,Sureste,Minas Gerais,FE.1.* (Omicron),41
2023-05-01,May 2023,Sureste,Minas Gerais,HA.1.* (Omicron),2
2023-05-01,May 2023,Sureste,Minas Gerais,JD.1.* (Omicron),1
2023-05-01,May 2023,Sureste,Minas Gerais,Otras,33
2023-05-01,May 2023,Sureste,Minas Gerais,XBB.1.5.* (Omicron),22
2023-05-01,May 2023,Sureste,Minas Gerais,XBB.1.5.70.*+GK.* (Omicron),1
2023-05-01,May 2023,Sureste,Rio de Eneeiro,Otras,6
2023-05-01,May 2023,Sureste,Rio de Eneeiro,XBB.1.5.* (Omicron),2
2023-05-01,May 2023,Sureste,Rio de Eneeiro,XBB.1.5.70.*+GK.* (Omicron),1
2023-05-01,May 2023,Sureste,São Paulo,FE.1.* (Omicron),36
2023-05-01,May 2023,Sureste,São Paulo,Otras,21
2023-05-01,May 2023,Sureste,São Paulo,XBB.1.5.* (Omicron),11
2023-05-01,May 2023,Sureste,São Paulo,XBB.1.5.70.*+GK.* (Omicron),3
2023-05-01,May 2023,Sur,Paraná,FE.1.* (Omicron),23
2023-05-01,May 2023,Sur,Paraná,Otras,13
2023-05-01,May 2023,Sur,Paraná,XBB.1.5.* (Omicron),20
2023-05-01,May 2023,Sur,Paraná,XBB.1.5.70.*+GK.* (Omicron),2
2023-05-01,May 2023,Sur,Rio Grande do Sul,FE.1.* (Omicron),18
2023-05-01,May 2023,Sur,Rio Grande do Sul,Otras,30
2023-05-01,May 2023,Sur,Rio Grande do Sul,XBB.1.5.* (Omicron),38
2023-05-01,May 2023,Sur,Rio Grande do Sul,XBB.1.5.70.*+GK.* (Omicron),3
2023-05-01,May 2023,Sur,Santa Catarina,FE.1.* (Omicron),18
2023-05-01,May 2023,Sur,Santa Catarina,HA.1.* (Omicron),4
2023-05-01,May 2023,Sur,Santa Catarina,Otras,19
2023-05-01,May 2023,Sur,Santa Catarina,XBB.1.5.* (Omicron),14
2023-05-01,May 2023,Sur,Santa Catarina,XBB.1.5.70.*+GK.* (Omicron),5
2023-06-01,Jun 2023,Centro-oeste,Distrito Federal,FE.1.* (Omicron),9
2023-06-01,Jun 2023,Centro-oeste,Distrito Federal,Otras,12
2023-06-01,Jun 2023,Centro-oeste,Distrito Federal,XBB.1.5.70.*+GK.* (Omicron),9
2023-06-01,Jun 2023,Centro-oeste,Goiás,FE.1.* (Omicron),20
2023-06-01,Jun 2023,Centro-oeste,Goiás,JD.1.* (Omicron),1
2023-06-01,Jun 2023,Centro-oeste,Goiás,Otras,16
2023-06-01,Jun 2023,Centro-oeste,Goiás,XBB.1.5.* (Omicron),10
2023-06-01,Jun 2023,Centro-oeste,Goiás,XBB.1.5.70.*+GK.* (Omicron),25
2023-06-01,Jun 2023,Centro-oeste,Mato Grosso,FE.1.* (Omicron),19
2023-06-01,Jun 2023,Centro-oeste,Mato Grosso,HA.1.* (Omicron),4
2023-06-01,Jun 2023,Centro-oeste,Mato Grosso,Otras,8
2023-06-01,Jun 2023,Centro-oeste,Mato Grosso,XBB.1.5.* (Omicron),12
2023-06-01,Jun 2023,Centro-oeste,Mato Grosso,XBB.1.5.70.*+GK.* (Omicron),12
2023-06-01,Jun 2023,Centro-oeste,Mato Grosso do Sul,FE.1.* (Omicron),21
2023-06-01,Jun 2023,Centro-oeste,Mato Grosso do Sul,Otras,5
2023-06-01,Jun 2023,Centro-oeste,Mato Grosso do Sul,XBB.1.5.* (Omicron),1
2023-06-01,Jun 2023,Centro-oeste,Mato Grosso do Sul,XBB.1.5.70.*+GK.* (Omicron),4
2023-06-01,Jun 2023,Noreste,Alagoas,FE.1.* (Omicron),23
2023-06-01,Jun 2023,Noreste,Alagoas,Otras,5
2023-06-01,Jun 2023,Noreste,Alagoas,XBB.1.5.* (Omicron),5
2023-06-01,Jun 2023,Noreste,Alagoas,XBB.1.5.70.*+GK.* (Omicron),4
2023-06-01,Jun 2023,Noreste,Bahia,FE.1.* (Omicron),70
2023-06-01,Jun 2023,Noreste,Bahia,Otras,4
2023-06-01,Jun 2023,Noreste,Bahia,XBB.1.5.* (Omicron),5
2023-06-01,Jun 2023,Noreste,Bahia,XBB.1.5.70.*+GK.* (Omicron),14
2023-06-01,Jun 2023,Noreste,Maranhão,FE.1.* (Omicron),4
2023-06-01,Jun 2023,Noreste,Maranhão,XBB.1.5.70.*+GK.* (Omicron),1
2023-06-01,Jun 2023,Noreste,Paraíba,FE.1.* (Omicron),43
2023-06-01,Jun 2023,Noreste,Paraíba,Otras,13
2023-06-01,Jun 2023,Noreste,Paraíba,XBB.1.5.* (Omicron),7
2023-06-01,Jun 2023,Noreste,Paraíba,XBB.1.5.70.*+GK.* (Omicron),24
2023-06-01,Jun 2023,Noreste,Pernambuco,FE.1.* (Omicron),17
2023-06-01,Jun 2023,Noreste,Pernambuco,Otras,7
2023-06-01,Jun 2023,Noreste,Pernambuco,XBB.1.5.* (Omicron),4
2023-06-01,Jun 2023,Noreste,Pernambuco,XBB.1.5.70.*+GK.* (Omicron),14
2023-06-01,Jun 2023,Noreste,Rio Grande do Norte,FE.1.* (Omicron),6
2023-06-01,Jun 2023,Noreste,Rio Grande do Norte,JD.1.* (Omicron),2
2023-06-01,Jun 2023,Noreste,Rio Grande do Norte,Otras,4
2023-06-01,Jun 2023,Noreste,Rio Grande do Norte,XBB.1.5.* (Omicron),1
2023-06-01,Jun 2023,Noreste,Rio Grande do Norte,XBB.1.5.70.*+GK.* (Omicron),9
2023-06-01,Jun 2023,Noreste,Sergipe,FE.1.* (Omicron),3
2023-06-01,Jun 2023,Noreste,Sergipe,Otras,1
2023-06-01,Jun 2023,Noreste,Sergipe,XBB.1.5.* (Omicron),1
2023-06-01,Jun 2023,Noreste,Sergipe,XBB.1.5.70.*+GK.* (Omicron),2
2023-06-01,Jun 2023,Norte,Acre,XBB.1.5.* (Omicron),1
2023-06-01,Jun 2023,Norte,Acre,XBB.1.5.70.*+GK.* (Omicron),2
2023-06-01,Jun 2023,Norte,Amapá,FE.1.* (Omicron),10
2023-06-01,Jun 2023,Norte,Amapá,JD.1.* (Omicron),1
2023-06-01,Jun 2023,Norte,Amapá,Otras,7
2023-06-01,Jun 2023,Norte,Amapá,XBB.1.5.* (Omicron),3
2023-06-01,Jun 2023,Norte,Amazonas,FE.1.* (Omicron),2
2023-06-01,Jun 2023,Norte,Amazonas,Otras,7
2023-06-01,Jun 2023,Norte,Amazonas,XBB.1.5.* (Omicron),6
2023-06-01,Jun 2023,Norte,Amazonas,XBB.1.5.70.*+GK.* (Omicron),10
2023-06-01,Jun 2023,Norte,Pará,FE.1.* (Omicron),3
2023-06-01,Jun 2023,Norte,Pará,JD.1.* (Omicron),19
2023-06-01,Jun 2023,Norte,Pará,Otras,2
2023-06-01,Jun 2023,Norte,Pará,XBB.1.5.* (Omicron),1
2023-06-01,Jun 2023,Norte,Pará,XBB.1.5.70.*+GK.* (Omicron),5
2023-06-01,Jun 2023,Norte,Rondônia,FE.1.* (Omicron),8
2023-06-01,Jun 2023,Norte,Rondônia,Otras,1
2023-06-01,Jun 2023,Norte,Rondônia,XBB.1.5.* (Omicron),10
2023-06-01,Jun 2023,Norte,Rondônia,XBB.1.5.70.*+GK.* (Omicron),22
2023-06-01,Jun 2023,Norte,Roraima,FE.1.* (Omicron),1
2023-06-01,Jun 2023,Norte,Roraima,Otras,2
2023-06-01,Jun 2023,Norte,Roraima,XBB.1.5.* (Omicron),1
2023-06-01,Jun 2023,Norte,Tocantins,FE.1.* (Omicron),10
2023-06-01,Jun 2023,Norte,Tocantins,JD.1.* (Omicron),15
2023-06-01,Jun 2023,Norte,Tocantins,Otras,24
2023-06-01,Jun 2023,Norte,Tocantins,XBB.1.5.* (Omicron),7
2023-06-01,Jun 2023,Norte,Tocantins,XBB.1.5.70.*+GK.* (Omicron),4
2023-06-01,Jun 2023,Sureste,Espírito Santo,FE.1.* (Omicron),23
2023-06-01,Jun 2023,Sureste,Espírito Santo,HA.1.* (Omicron),2
2023-06-01,Jun 2023,Sureste,Espírito Santo,Otras,6
2023-06-01,Jun 2023,Sureste,Espírito Santo,XBB.1.5.* (Omicron),8
2023-06-01,Jun 2023,Sureste,Espírito Santo,XBB.1.5.70.*+GK.* (Omicron),6
2023-06-01,Jun 2023,Sureste,Minas Gerais,FE.1.* (Omicron),25
2023-06-01,Jun 2023,Sureste,Minas Gerais,JD.1.* (Omicron),3
2023-06-01,Jun 2023,Sureste,Minas Gerais,Otras,26
2023-06-01,Jun 2023,Sureste,Minas Gerais,XBB.1.5.* (Omicron),11
2023-06-01,Jun 2023,Sureste,Minas Gerais,XBB.1.5.70.*+GK.* (Omicron),8
2023-06-01,Jun 2023,Sureste,Rio de Eneeiro,FE.1.* (Omicron),6
2023-06-01,Jun 2023,Sureste,Rio de Eneeiro,Otras,2
2023-06-01,Jun 2023,Sureste,Rio de Eneeiro,XBB.1.5.* (Omicron),2
2023-06-01,Jun 2023,Sureste,Rio de Eneeiro,XBB.1.5.70.*+GK.* (Omicron),2
2023-06-01,Jun 2023,Sureste,São Paulo,FE.1.* (Omicron),18
2023-06-01,Jun 2023,Sureste,São Paulo,HA.1.* (Omicron),2
2023-06-01,Jun 2023,Sureste,São Paulo,Otras,6
2023-06-01,Jun 2023,Sureste,São Paulo,XBB.1.5.* (Omicron),4
2023-06-01,Jun 2023,Sureste,São Paulo,XBB.1.5.70.*+GK.* (Omicron),10
2023-06-01,Jun 2023,Sur,Paraná,FE.1.* (Omicron),2
2023-06-01,Jun 2023,Sur,Paraná,XBB.1.5.* (Omicron),1
2023-06-01,Jun 2023,Sur,Paraná,XBB.1.5.70.*+GK.* (Omicron),1
2023-06-01,Jun 2023,Sur,Rio Grande do Sul,FE.1.* (Omicron),8
2023-06-01,Jun 2023,Sur,Rio Grande do Sul,Otras,14
2023-06-01,Jun 2023,Sur,Rio Grande do Sul,XBB.1.5.* (Omicron),4
2023-06-01,Jun 2023,Sur,Rio Grande do Sul,XBB.1.5.70.*+GK.* (Omicron),4
2023-06-01,Jun 2023,Sur,Santa Catarina,FE.1.* (Omicron),34
2023-06-01,Jun 2023,Sur,Santa Catarina,HA.1.* (Omicron),6
2023-06-01,Jun 2023,Sur,Santa Catarina,JD.1.* (Omicron),2
2023-06-01,Jun 2023,Sur,Santa Catarina,Otras,19
2023-06-01,Jun 2023,Sur,Santa Catarina,XBB.1.5.* (Omicron),3
2023-06-01,Jun 2023,Sur,Santa Catarina,XBB.1.5.70.*+GK.* (Omicron),6
2023-07-01,Jul 2023,Centro-oeste,Distrito Federal,FE.1.* (Omicron),3
2023-07-01,Jul 2023,Centro-oeste,Distrito Federal,Otras,8
2023-07-01,Jul 2023,Centro-oeste,Distrito Federal,XBB.1.5.70.*+GK.* (Omicron),8
2023-07-01,Jul 2023,Centro-oeste,Goiás,FE.1.* (Omicron),5
2023-07-01,Jul 2023,Centro-oeste,Goiás,JD.1.* (Omicron),1
2023-07-01,Jul 2023,Centro-oeste,Goiás,Otras,3
2023-07-01,Jul 2023,Centro-oeste,Goiás,XBB.1.5.* (Omicron),2
2023-07-01,Jul 2023,Centro-oeste,Goiás,XBB.1.5.70.*+GK.* (Omicron),11
2023-07-01,Jul 2023,Centro-oeste,Mato Grosso,FE.1.* (Omicron),3
2023-07-01,Jul 2023,Centro-oeste,Mato Grosso,HA.1.* (Omicron),1
2023-07-01,Jul 2023,Centro-oeste,Mato Grosso,JD.1.* (Omicron),3
2023-07-01,Jul 2023,Centro-oeste,Mato Grosso,Otras,1
2023-07-01,Jul 2023,Centro-oeste,Mato Grosso,XBB.1.5.* (Omicron),1
2023-07-01,Jul 2023,Centro-oeste,Mato Grosso,XBB.1.5.70.*+GK.* (Omicron),12
2023-07-01,Jul 2023,Centro-oeste,Mato Grosso do Sul,FE.1.* (Omicron),9
2023-07-01,Jul 2023,Centro-oeste,Mato Grosso do Sul,Otras,1
2023-07-01,Jul 2023,Centro-oeste,Mato Grosso do Sul,XBB.1.5.* (Omicron),1
2023-07-01,Jul 2023,Centro-oeste,Mato Grosso do Sul,XBB.1.5.70.*+GK.* (Omicron),2
2023-07-01,Jul 2023,Noreste,Alagoas,EG.5.* (Omicron),1
2023-07-01,Jul 2023,Noreste,Alagoas,FE.1.* (Omicron),4
2023-07-01,Jul 2023,Noreste,Alagoas,Otras,1
2023-07-01,Jul 2023,Noreste,Bahia,FE.1.* (Omicron),25
2023-07-01,Jul 2023,Noreste,Bahia,JD.1.* (Omicron),1
2023-07-01,Jul 2023,Noreste,Bahia,Otras,4
2023-07-01,Jul 2023,Noreste,Bahia,XBB.1.5.* (Omicron),2
2023-07-01,Jul 2023,Noreste,Bahia,XBB.1.5.70.*+GK.* (Omicron),16
2023-07-01,Jul 2023,Noreste,Maranhão,JD.1.* (Omicron),1
2023-07-01,Jul 2023,Noreste,Maranhão,XBB.1.5.70.*+GK.* (Omicron),1
2023-07-01,Jul 2023,Noreste,Paraíba,FE.1.* (Omicron),9
2023-07-01,Jul 2023,Noreste,Paraíba,Otras,1
2023-07-01,Jul 2023,Noreste,Paraíba,XBB.1.5.70.*+GK.* (Omicron),11
2023-07-01,Jul 2023,Noreste,Pernambuco,FE.1.* (Omicron),3
2023-07-01,Jul 2023,Noreste,Pernambuco,Otras,1
2023-07-01,Jul 2023,Noreste,Pernambuco,XBB.1.5.* (Omicron),1
2023-07-01,Jul 2023,Noreste,Pernambuco,XBB.1.5.70.*+GK.* (Omicron),3
2023-07-01,Jul 2023,Noreste,Sergipe,FE.1.* (Omicron),1
2023-07-01,Jul 2023,Norte,Amapá,FE.1.* (Omicron),6
2023-07-01,Jul 2023,Norte,Amapá,JD.1.* (Omicron),2
2023-07-01,Jul 2023,Norte,Amapá,Otras,2
2023-07-01,Jul 2023,Norte,Amapá,XBB.1.5.70.*+GK.* (Omicron),2
2023-07-01,Jul 2023,Norte,Amazonas,Otras,10
2023-07-01,Jul 2023,Norte,Amazonas,XBB.1.5.* (Omicron),1
2023-07-01,Jul 2023,Norte,Amazonas,XBB.1.5.70.*+GK.* (Omicron),11
2023-07-01,Jul 2023,Norte,Pará,FE.1.* (Omicron),1
2023-07-01,Jul 2023,Norte,Pará,JD.1.* (Omicron),18
2023-07-01,Jul 2023,Norte,Pará,Otras,1
2023-07-01,Jul 2023,Norte,Pará,XBB.1.5.70.*+GK.* (Omicron),5
2023-07-01,Jul 2023,Norte,Rondônia,FE.1.* (Omicron),2
2023-07-01,Jul 2023,Norte,Rondônia,XBB.1.5.70.*+GK.* (Omicron),2
2023-07-01,Jul 2023,Norte,Tocantins,JD.1.* (Omicron),6
2023-07-01,Jul 2023,Norte,Tocantins,Otras,4
2023-07-01,Jul 2023,Norte,Tocantins,XBB.1.5.* (Omicron),1
2023-07-01,Jul 2023,Sureste,Espírito Santo,FE.1.* (Omicron),9
2023-07-01,Jul 2023,Sureste,Espírito Santo,Otras,7
2023-07-01,Jul 2023,Sureste,Espírito Santo,XBB.1.5.70.*+GK.* (Omicron),3
2023-07-01,Jul 2023,Sureste,Minas Gerais,FE.1.* (Omicron),24
2023-07-01,Jul 2023,Sureste,Minas Gerais,HA.1.* (Omicron),1
2023-07-01,Jul 2023,Sureste,Minas Gerais,JD.1.* (Omicron),2
2023-07-01,Jul 2023,Sureste,Minas Gerais,Otras,14
2023-07-01,Jul 2023,Sureste,Minas Gerais,XBB.1.5.* (Omicron),6
2023-07-01,Jul 2023,Sureste,Minas Gerais,XBB.1.5.70.*+GK.* (Omicron),24
2023-07-01,Jul 2023,Sureste,Rio de Eneeiro,EG.5.* (Omicron),1
2023-07-01,Jul 2023,Sureste,Rio de Eneeiro,FE.1.* (Omicron),1
2023-07-01,Jul 2023,Sureste,Rio de Eneeiro,HA.1.* (Omicron),1
2023-07-01,Jul 2023,Sureste,Rio de Eneeiro,Otras,6
2023-07-01,Jul 2023,Sureste,Rio de Eneeiro,XBB.1.5.70.*+GK.* (Omicron),4
2023-07-01,Jul 2023,Sureste,São Paulo,FE.1.* (Omicron),20
2023-07-01,Jul 2023,Sureste,São Paulo,HA.1.* (Omicron),1
2023-07-01,Jul 2023,Sureste,São Paulo,Otras,5
2023-07-01,Jul 2023,Sureste,São Paulo,XBB.1.5.70.*+GK.* (Omicron),8
2023-07-01,Jul 2023,Sur,Paraná,FE.1.* (Omicron),2
2023-07-01,Jul 2023,Sur,Paraná,Otras,2
2023-07-01,Jul 2023,Sur,Paraná,XBB.1.5.70.*+GK.* (Omicron),2
2023-07-01,Jul 2023,Sur,Rio Grande do Sul,FE.1.* (Omicron),9
2023-07-01,Jul 2023,Sur,Rio Grande do Sul,JD.1.* (Omicron),3
2023-07-01,Jul 2023,Sur,Rio Grande do Sul,Otras,6
2023-07-01,Jul 2023,Sur,Rio Grande do Sul,XBB.1.5.* (Omicron),10
2023-07-01,Jul 2023,Sur,Rio Grande do Sul,XBB.1.5.70.*+GK.* (Omicron),7
2023-07-01,Jul 2023,Sur,Santa Catarina,EG.5.* (Omicron),1
2023-07-01,Jul 2023,Sur,Santa Catarina,FE.1.* (Omicron),12
2023-07-01,Jul 2023,Sur,Santa Catarina,HA.1.* (Omicron),2
2023-07-01,Jul 2023,Sur,Santa Catarina,JD.1.* (Omicron),1
2023-07-01,Jul 2023,Sur,Santa Catarina,Otras,2
2023-07-01,Jul 2023,Sur,Santa Catarina,XBB.1.5.* (Omicron),4
2023-07-01,Jul 2023,Sur,Santa Catarina,XBB.1.5.70.*+GK.* (Omicron),7
2023-08-01,Ago 2023,Centro-oeste,Distrito Federal,EG.5.* (Omicron),1
2023-08-01,Ago 2023,Centro-oeste,Goiás,FE.1.* (Omicron),4
2023-08-01,Ago 2023,Centro-oeste,Goiás,JD.1.* (Omicron),54
2023-08-01,Ago 2023,Centro-oeste,Goiás,Otras,4
2023-08-01,Ago 2023,Centro-oeste,Goiás,XBB.1.5.* (Omicron),2
2023-08-01,Ago 2023,Centro-oeste,Goiás,XBB.1.5.70.*+GK.* (Omicron),34
2023-08-01,Ago 2023,Centro-oeste,Mato Grosso,FE.1.* (Omicron),1
2023-08-01,Ago 2023,Centro-oeste,Mato Grosso,HA.1.* (Omicron),1
2023-08-01,Ago 2023,Centro-oeste,Mato Grosso,JD.1.* (Omicron),5
2023-08-01,Ago 2023,Centro-oeste,Mato Grosso,XBB.1.5.70.*+GK.* (Omicron),5
2023-08-01,Ago 2023,Centro-oeste,Mato Grosso do Sul,FE.1.* (Omicron),5
2023-08-01,Ago 2023,Centro-oeste,Mato Grosso do Sul,JD.1.* (Omicron),2
2023-08-01,Ago 2023,Centro-oeste,Mato Grosso do Sul,Otras,3
2023-08-01,Ago 2023,Centro-oeste,Mato Grosso do Sul,XBB.1.5.70.*+GK.* (Omicron),8
2023-08-01,Ago 2023,Noreste,Bahia,HA.1.* (Omicron),1
2023-08-01,Ago 2023,Noreste,Bahia,JD.1.* (Omicron),1
2023-08-01,Ago 2023,Noreste,Bahia,Otras,4
2023-08-01,Ago 2023,Noreste,Bahia,XBB.1.5.70.*+GK.* (Omicron),5
2023-08-01,Ago 2023,Noreste,Paraíba,EG.5.* (Omicron),1
2023-08-01,Ago 2023,Noreste,Paraíba,FE.1.* (Omicron),1
2023-08-01,Ago 2023,Noreste,Paraíba,Otras,1
2023-08-01,Ago 2023,Noreste,Paraíba,XBB.1.5.70.*+GK.* (Omicron),2
2023-08-01,Ago 2023,Noreste,Pernambuco,Otras,1
2023-08-01,Ago 2023,Noreste,Pernambuco,XBB.1.5.70.*+GK.* (Omicron),3
2023-08-01,Ago 2023,Norte,Acre,Otras,1
2023-08-01,Ago 2023,Norte,Amapá,FE.1.* (Omicron),6
2023-08-01,Ago 2023,Norte,Amapá,JD.1.* (Omicron),5
2023-08-01,Ago 2023,Norte,Amapá,XBB.1.5.70.*+GK.* (Omicron),4
2023-08-01,Ago 2023,Norte,Amazonas,JD.1.* (Omicron),1
2023-08-01,Ago 2023,Norte,Amazonas,Otras,5
2023-08-01,Ago 2023,Norte,Amazonas,XBB.1.5.* (Omicron),2
2023-08-01,Ago 2023,Norte,Amazonas,XBB.1.5.70.*+GK.* (Omicron),18
2023-08-01,Ago 2023,Norte,Pará,FE.1.* (Omicron),1
2023-08-01,Ago 2023,Norte,Pará,JD.1.* (Omicron),5
2023-08-01,Ago 2023,Norte,Pará,XBB.1.5.70.*+GK.* (Omicron),1
2023-08-01,Ago 2023,Norte,Rondônia,JD.1.* (Omicron),1
2023-08-01,Ago 2023,Norte,Rondônia,XBB.1.5.70.*+GK.* (Omicron),4
2023-08-01,Ago 2023,Norte,Roraima,Otras,2
2023-08-01,Ago 2023,Norte,Roraima,XBB.1.5.70.*+GK.* (Omicron),6
2023-08-01,Ago 2023,Norte,Tocantins,JD.1.* (Omicron),4
2023-08-01,Ago 2023,Norte,Tocantins,Otras,3
2023-08-01,Ago 2023,Norte,Tocantins,XBB.1.5.* (Omicron),2
2023-08-01,Ago 2023,Norte,Tocantins,XBB.1.5.70.*+GK.* (Omicron),2
2023-08-01,Ago 2023,Sureste,Espírito Santo,FE.1.* (Omicron),4
2023-08-01,Ago 2023,Sureste,Espírito Santo,JD.1.* (Omicron),2
2023-08-01,Ago 2023,Sureste,Espírito Santo,Otras,5
2023-08-01,Ago 2023,Sureste,Espírito Santo,XBB.1.5.* (Omicron),1
2023-08-01,Ago 2023,Sureste,Espírito Santo,XBB.1.5.70.*+GK.* (Omicron),10
2023-08-01,Ago 2023,Sureste,Minas Gerais,EG.5.* (Omicron),2
2023-08-01,Ago 2023,Sureste,Minas Gerais,FE.1.* (Omicron),17
2023-08-01,Ago 2023,Sureste,Minas Gerais,JD.1.* (Omicron),10
2023-08-01,Ago 2023,Sureste,Minas Gerais,Otras,16
2023-08-01,Ago 2023,Sureste,Minas Gerais,XBB.1.5.* (Omicron),12
2023-08-01,Ago 2023,Sureste,Minas Gerais,XBB.1.5.70.*+GK.* (Omicron),55
2023-08-01,Ago 2023,Sureste,Rio de Eneeiro,EG.5.* (Omicron),9
2023-08-01,Ago 2023,Sureste,Rio de Eneeiro,FE.1.* (Omicron),22
2023-08-01,Ago 2023,Sureste,Rio de Eneeiro,HA.1.* (Omicron),2
2023-08-01,Ago 2023,Sureste,Rio de Eneeiro,JD.1.* (Omicron),6
2023-08-01,Ago 2023,Sureste,Rio de Eneeiro,Otras,82
2023-08-01,Ago 2023,Sureste,Rio de Eneeiro,XBB.1.5.* (Omicron),9
2023-08-01,Ago 2023,Sureste,Rio de Eneeiro,XBB.1.5.70.*+GK.* (Omicron),60
2023-08-01,Ago 2023,Sureste,São Paulo,EG.5.* (Omicron),8
2023-08-01,Ago 2023,Sureste,São Paulo,FE.1.* (Omicron),25
2023-08-01,Ago 2023,Sureste,São Paulo,JD.1.* (Omicron),4
2023-08-01,Ago 2023,Sureste,São Paulo,Otras,15
2023-08-01,Ago 2023,Sureste,São Paulo,XBB.1.5.* (Omicron),4
2023-08-01,Ago 2023,Sureste,São Paulo,XBB.1.5.70.*+GK.* (Omicron),80
2023-08-01,Ago 2023,Sur,Paraná,FE.1.* (Omicron),2
2023-08-01,Ago 2023,Sur,Paraná,Otras,1
2023-08-01,Ago 2023,Sur,Paraná,XBB.1.5.* (Omicron),3
2023-08-01,Ago 2023,Sur,Paraná,XBB.1.5.70.*+GK.* (Omicron),9
2023-08-01,Ago 2023,Sur,Rio Grande do Sul,EG.5.* (Omicron),1
2023-08-01,Ago 2023,Sur,Rio Grande do Sul,FE.1.* (Omicron),7
2023-08-01,Ago 2023,Sur,Rio Grande do Sul,JD.1.* (Omicron),2
2023-08-01,Ago 2023,Sur,Rio Grande do Sul,Otras,8
2023-08-01,Ago 2023,Sur,Rio Grande do Sul,XBB.1.5.* (Omicron),5
2023-08-01,Ago 2023,Sur,Rio Grande do Sul,XBB.1.5.70.*+GK.* (Omicron),29
2023-08-01,Ago 2023,Sur,Santa Catarina,FE.1.* (Omicron),10
2023-08-01,Ago 2023,Sur,Santa Catarina,HA.1.* (Omicron),2
2023-08-01,Ago 2023,Sur,Santa Catarina,JD.1.* (Omicron),11
2023-08-01,Ago 2023,Sur,Santa Catarina,Otras,5
2023-08-01,Ago 2023,Sur,Santa Catarina,XBB.1.5.* (Omicron),2
2023-08-01,Ago 2023,Sur,Santa Catarina,XBB.1.5.70.*+GK.* (Omicron),24
2023-09-01,Sep 2023,Centro-oeste,Goiás,FE.1.* (Omicron),4
2023-09-01,Sep 2023,Centro-oeste,Goiás,JD.1.* (Omicron),134
2023-09-01,Sep 2023,Centro-oeste,Goiás,XBB.1.5.70.*+GK.* (Omicron),18
2023-09-01,Sep 2023,Centro-oeste,Mato Grosso,JD.1.* (Omicron),1
2023-09-01,Sep 2023,Centro-oeste,Mato Grosso,XBB.1.5.70.*+GK.* (Omicron),3
2023-09-01,Sep 2023,Centro-oeste,Mato Grosso do Sul,FE.1.* (Omicron),4
2023-09-01,Sep 2023,Centro-oeste,Mato Grosso do Sul,HA.1.* (Omicron),1
2023-09-01,Sep 2023,Centro-oeste,Mato Grosso do Sul,JD.1.* (Omicron),11
2023-09-01,Sep 2023,Centro-oeste,Mato Grosso do Sul,XBB.1.5.* (Omicron),1
2023-09-01,Sep 2023,Centro-oeste,Mato Grosso do Sul,XBB.1.5.70.*+GK.* (Omicron),16
2023-09-01,Sep 2023,Noreste,Alagoas,EG.5.* (Omicron),1
2023-09-01,Sep 2023,Noreste,Alagoas,JD.1.* (Omicron),1
2023-09-01,Sep 2023,Noreste,Alagoas,Otras,1
2023-09-01,Sep 2023,Noreste,Alagoas,XBB.1.5.70.*+GK.* (Omicron),2
2023-09-01,Sep 2023,Noreste,Bahia,FE.1.* (Omicron),1
2023-09-01,Sep 2023,Noreste,Bahia,JD.1.* (Omicron),4
2023-09-01,Sep 2023,Noreste,Bahia,XBB.1.5.70.*+GK.* (Omicron),7
2023-09-01,Sep 2023,Noreste,Maranhão,JD.1.* (Omicron),2
2023-09-01,Sep 2023,Noreste,Maranhão,Otras,1
2023-09-01,Sep 2023,Noreste,Paraíba,Otras,2
2023-09-01,Sep 2023,Noreste,Paraíba,XBB.1.5.70.*+GK.* (Omicron),6
2023-09-01,Sep 2023,Noreste,Pernambuco,FE.1.* (Omicron),1
2023-09-01,Sep 2023,Noreste,Pernambuco,JD.1.* (Omicron),1
2023-09-01,Sep 2023,Noreste,Pernambuco,Otras,2
2023-09-01,Sep 2023,Noreste,Pernambuco,XBB.1.5.70.*+GK.* (Omicron),2
2023-09-01,Sep 2023,Norte,Acre,JD.1.* (Omicron),3
2023-09-01,Sep 2023,Norte,Amapá,FE.1.* (Omicron),1
2023-09-01,Sep 2023,Norte,Amapá,JD.1.* (Omicron),5
2023-09-01,Sep 2023,Norte,Amapá,XBB.1.5.* (Omicron),1
2023-09-01,Sep 2023,Norte,Amazonas,Otras,1
2023-09-01,Sep 2023,Norte,Amazonas,XBB.1.5.* (Omicron),3
2023-09-01,Sep 2023,Norte,Amazonas,XBB.1.5.70.*+GK.* (Omicron),23
2023-09-01,Sep 2023,Norte,Pará,JD.1.* (Omicron),6
2023-09-01,Sep 2023,Norte,Pará,Otras,1
2023-09-01,Sep 2023,Norte,Pará,XBB.1.5.70.*+GK.* (Omicron),2
2023-09-01,Sep 2023,Norte,Rondônia,Otras,1
2023-09-01,Sep 2023,Norte,Rondônia,XBB.1.5.70.*+GK.* (Omicron),1
2023-09-01,Sep 2023,Norte,Roraima,Otras,2
2023-09-01,Sep 2023,Norte,Roraima,XBB.1.5.70.*+GK.* (Omicron),4
2023-09-01,Sep 2023,Norte,Tocantins,JD.1.* (Omicron),6
2023-09-01,Sep 2023,Sureste,Espírito Santo,EG.5.* (Omicron),5
2023-09-01,Sep 2023,Sureste,Espírito Santo,JD.1.* (Omicron),8
2023-09-01,Sep 2023,Sureste,Espírito Santo,Otras,5
2023-09-01,Sep 2023,Sureste,Espírito Santo,XBB.1.5.* (Omicron),1
2023-09-01,Sep 2023,Sureste,Espírito Santo,XBB.1.5.70.*+GK.* (Omicron),34
2023-09-01,Sep 2023,Sureste,Minas Gerais,EG.5.* (Omicron),4
2023-09-01,Sep 2023,Sureste,Minas Gerais,FE.1.* (Omicron),3
2023-09-01,Sep 2023,Sureste,Minas Gerais,JD.1.* (Omicron),23
2023-09-01,Sep 2023,Sureste,Minas Gerais,Otras,13
2023-09-01,Sep 2023,Sureste,Minas Gerais,XBB.1.5.* (Omicron),10
2023-09-01,Sep 2023,Sureste,Minas Gerais,XBB.1.5.70.*+GK.* (Omicron),72
2023-09-01,Sep 2023,Sureste,Rio de Eneeiro,EG.5.* (Omicron),24
2023-09-01,Sep 2023,Sureste,Rio de Eneeiro,FE.1.* (Omicron),18
2023-09-01,Sep 2023,Sureste,Rio de Eneeiro,HA.1.* (Omicron),1
2023-09-01,Sep 2023,Sureste,Rio de Eneeiro,JD.1.* (Omicron),52
2023-09-01,Sep 2023,Sureste,Rio de Eneeiro,Otras,249
2023-09-01,Sep 2023,Sureste,Rio de Eneeiro,XBB.1.5.* (Omicron),31
2023-09-01,Sep 2023,Sureste,Rio de Eneeiro,XBB.1.5.70.*+GK.* (Omicron),200
2023-09-01,Sep 2023,Sureste,São Paulo,EG.5.* (Omicron),11
2023-09-01,Sep 2023,Sureste,São Paulo,FE.1.* (Omicron),20
2023-09-01,Sep 2023,Sureste,São Paulo,HA.1.* (Omicron),2
2023-09-01,Sep 2023,Sureste,São Paulo,JD.1.* (Omicron),89
2023-09-01,Sep 2023,Sureste,São Paulo,JN.1.*+BA.2.86.* (Omicron),1
2023-09-01,Sep 2023,Sureste,São Paulo,Otras,21
2023-09-01,Sep 2023,Sureste,São Paulo,XBB.1.5.* (Omicron),1
2023-09-01,Sep 2023,Sureste,São Paulo,XBB.1.5.70.*+GK.* (Omicron),186
2023-09-01,Sep 2023,Sur,Paraná,FE.1.* (Omicron),5
2023-09-01,Sep 2023,Sur,Paraná,JD.1.* (Omicron),6
2023-09-01,Sep 2023,Sur,Paraná,Otras,12
2023-09-01,Sep 2023,Sur,Paraná,XBB.1.5.* (Omicron),4
2023-09-01,Sep 2023,Sur,Paraná,XBB.1.5.70.*+GK.* (Omicron),67
2023-09-01,Sep 2023,Sur,Rio Grande do Sul,EG.5.* (Omicron),2
2023-09-01,Sep 2023,Sur,Rio Grande do Sul,FE.1.* (Omicron),11
2023-09-01,Sep 2023,Sur,Rio Grande do Sul,JD.1.* (Omicron),22
2023-09-01,Sep 2023,Sur,Rio Grande do Sul,Otras,13
2023-09-01,Sep 2023,Sur,Rio Grande do Sul,XBB.1.5.* (Omicron),3
2023-09-01,Sep 2023,Sur,Rio Grande do Sul,XBB.1.5.70.*+GK.* (Omicron),70
2023-09-01,Sep 2023,Sur,Santa Catarina,EG.5.* (Omicron),3
2023-09-01,Sep 2023,Sur,Santa Catarina,FE.1.* (Omicron),10
2023-09-01,Sep 2023,Sur,Santa Catarina,HA.1.* (Omicron),1
2023-09-01,Sep 2023,Sur,Santa Catarina,JD.1.* (Omicron),20
2023-09-01,Sep 2023,Sur,Santa Catarina,Otras,10
2023-09-01,Sep 2023,Sur,Santa Catarina,XBB.1.5.* (Omicron),2
2023-09-01,Sep 2023,Sur,Santa Catarina,XBB.1.5.70.*+GK.* (Omicron),61
2023-10-01,Oct 2023,Centro-oeste,Distrito Federal,JD.1.* (Omicron),34
2023-10-01,Oct 2023,Centro-oeste,Distrito Federal,JN.1.*+BA.2.86.* (Omicron),1
2023-10-01,Oct 2023,Centro-oeste,Distrito Federal,XBB.1.5.70.*+GK.* (Omicron),5
2023-10-01,Oct 2023,Centro-oeste,Goiás,FE.1.* (Omicron),1
2023-10-01,Oct 2023,Centro-oeste,Goiás,JD.1.* (Omicron),154
2023-10-01,Oct 2023,Centro-oeste,Goiás,Otras,1
2023-10-01,Oct 2023,Centro-oeste,Goiás,XBB.1.5.70.*+GK.* (Omicron),18
2023-10-01,Oct 2023,Centro-oeste,Mato Grosso,JD.1.* (Omicron),7
2023-10-01,Oct 2023,Centro-oeste,Mato Grosso,Otras,1
2023-10-01,Oct 2023,Centro-oeste,Mato Grosso,XBB.1.5.70.*+GK.* (Omicron),1
2023-10-01,Oct 2023,Centro-oeste,Mato Grosso do Sul,EG.5.* (Omicron),2
2023-10-01,Oct 2023,Centro-oeste,Mato Grosso do Sul,FE.1.* (Omicron),1
2023-10-01,Oct 2023,Centro-oeste,Mato Grosso do Sul,JD.1.* (Omicron),22
2023-10-01,Oct 2023,Centro-oeste,Mato Grosso do Sul,JN.1.*+BA.2.86.* (Omicron),1
2023-10-01,Oct 2023,Centro-oeste,Mato Grosso do Sul,Otras,2
2023-10-01,Oct 2023,Centro-oeste,Mato Grosso do Sul,XBB.1.5.* (Omicron),1
2023-10-01,Oct 2023,Centro-oeste,Mato Grosso do Sul,XBB.1.5.70.*+GK.* (Omicron),24
2023-10-01,Oct 2023,Noreste,Alagoas,JD.1.* (Omicron),3
2023-10-01,Oct 2023,Noreste,Alagoas,XBB.1.5.70.*+GK.* (Omicron),5
2023-10-01,Oct 2023,Noreste,Bahia,JD.1.* (Omicron),55
2023-10-01,Oct 2023,Noreste,Bahia,Otras,12
2023-10-01,Oct 2023,Noreste,Bahia,XBB.1.5.70.*+GK.* (Omicron),39
2023-10-01,Oct 2023,Noreste,Ceará,JD.1.* (Omicron),6
2023-10-01,Oct 2023,Noreste,Ceará,Otras,1
2023-10-01,Oct 2023,Noreste,Maranhão,JD.1.* (Omicron),2
2023-10-01,Oct 2023,Noreste,Maranhão,Otras,1
2023-10-01,Oct 2023,Noreste,Maranhão,XBB.1.5.70.*+GK.* (Omicron),1
2023-10-01,Oct 2023,Noreste,Paraíba,JD.1.* (Omicron),1
2023-10-01,Oct 2023,Noreste,Paraíba,JN.1.*+BA.2.86.* (Omicron),1
2023-10-01,Oct 2023,Noreste,Paraíba,XBB.1.5.70.*+GK.* (Omicron),5
2023-10-01,Oct 2023,Noreste,Pernambuco,JD.1.* (Omicron),3
2023-10-01,Oct 2023,Noreste,Pernambuco,XBB.1.5.70.*+GK.* (Omicron),4
2023-10-01,Oct 2023,Noreste,Rio Grande do Norte,JD.1.* (Omicron),2
2023-10-01,Oct 2023,Noreste,Rio Grande do Norte,XBB.1.5.70.*+GK.* (Omicron),9
2023-10-01,Oct 2023,Noreste,Sergipe,Otras,1
2023-10-01,Oct 2023,Norte,Acre,JD.1.* (Omicron),23
2023-10-01,Oct 2023,Norte,Acre,XBB.1.5.70.*+GK.* (Omicron),2
2023-10-01,Oct 2023,Norte,Amapá,JD.1.* (Omicron),5
2023-10-01,Oct 2023,Norte,Amazonas,JD.1.* (Omicron),1
2023-10-01,Oct 2023,Norte,Amazonas,Otras,1
2023-10-01,Oct 2023,Norte,Amazonas,XBB.1.5.70.*+GK.* (Omicron),22
2023-10-01,Oct 2023,Norte,Pará,JD.1.* (Omicron),6
2023-10-01,Oct 2023,Norte,Pará,Otras,1
2023-10-01,Oct 2023,Norte,Pará,XBB.1.5.70.*+GK.* (Omicron),1
2023-10-01,Oct 2023,Norte,Rondônia,JD.1.* (Omicron),3
2023-10-01,Oct 2023,Norte,Roraima,XBB.1.5.* (Omicron),2
2023-10-01,Oct 2023,Norte,Tocantins,JD.1.* (Omicron),4
2023-10-01,Oct 2023,Sureste,Espírito Santo,FE.1.* (Omicron),1
2023-10-01,Oct 2023,Sureste,Espírito Santo,JD.1.* (Omicron),36
2023-10-01,Oct 2023,Sureste,Espírito Santo,Otras,10
2023-10-01,Oct 2023,Sureste,Espírito Santo,XBB.1.5.* (Omicron),1
2023-10-01,Oct 2023,Sureste,Espírito Santo,XBB.1.5.70.*+GK.* (Omicron),47
2023-10-01,Oct 2023,Sureste,Minas Gerais,EG.5.* (Omicron),3
2023-10-01,Oct 2023,Sureste,Minas Gerais,FE.1.* (Omicron),1
2023-10-01,Oct 2023,Sureste,Minas Gerais,JD.1.* (Omicron),37
2023-10-01,Oct 2023,Sureste,Minas Gerais,Otras,6
2023-10-01,Oct 2023,Sureste,Minas Gerais,XBB.1.5.* (Omicron),2
2023-10-01,Oct 2023,Sureste,Minas Gerais,XBB.1.5.70.*+GK.* (Omicron),38
2023-10-01,Oct 2023,Sureste,Rio de Eneeiro,EG.5.* (Omicron),12
2023-10-01,Oct 2023,Sureste,Rio de Eneeiro,JD.1.* (Omicron),59
2023-10-01,Oct 2023,Sureste,Rio de Eneeiro,Otras,68
2023-10-01,Oct 2023,Sureste,Rio de Eneeiro,XBB.1.5.* (Omicron),23
2023-10-01,Oct 2023,Sureste,Rio de Eneeiro,XBB.1.5.70.*+GK.* (Omicron),155
2023-10-01,Oct 2023,Sureste,São Paulo,EG.5.* (Omicron),16
2023-10-01,Oct 2023,Sureste,São Paulo,FE.1.* (Omicron),11
2023-10-01,Oct 2023,Sureste,São Paulo,JD.1.* (Omicron),322
2023-10-01,Oct 2023,Sureste,São Paulo,JN.1.*+BA.2.86.* (Omicron),5
2023-10-01,Oct 2023,Sureste,São Paulo,Otras,42
2023-10-01,Oct 2023,Sureste,São Paulo,XBB.1.5.* (Omicron),9
2023-10-01,Oct 2023,Sureste,São Paulo,XBB.1.5.70.*+GK.* (Omicron),419
2023-10-01,Oct 2023,Sur,Paraná,EG.5.* (Omicron),1
2023-10-01,Oct 2023,Sur,Paraná,FE.1.* (Omicron),3
2023-10-01,Oct 2023,Sur,Paraná,JD.1.* (Omicron),32
2023-10-01,Oct 2023,Sur,Paraná,Otras,9
2023-10-01,Oct 2023,Sur,Paraná,XBB.1.5.70.*+GK.* (Omicron),37
2023-10-01,Oct 2023,Sur,Rio Grande do Sul,EG.5.* (Omicron),6
2023-10-01,Oct 2023,Sur,Rio Grande do Sul,FE.1.* (Omicron),3
2023-10-01,Oct 2023,Sur,Rio Grande do Sul,JD.1.* (Omicron),28
2023-10-01,Oct 2023,Sur,Rio Grande do Sul,JN.1.*+BA.2.86.* (Omicron),7
2023-10-01,Oct 2023,Sur,Rio Grande do Sul,Otras,14
2023-10-01,Oct 2023,Sur,Rio Grande do Sul,XBB.1.5.* (Omicron),2
2023-10-01,Oct 2023,Sur,Rio Grande do Sul,XBB.1.5.70.*+GK.* (Omicron),56
2023-10-01,Oct 2023,Sur,Santa Catarina,EG.5.* (Omicron),2
2023-10-01,Oct 2023,Sur,Santa Catarina,FE.1.* (Omicron),3
2023-10-01,Oct 2023,Sur,Santa Catarina,JD.1.* (Omicron),58
2023-10-01,Oct 2023,Sur,Santa Catarina,Otras,18
2023-10-01,Oct 2023,Sur,Santa Catarina,XBB.1.5.* (Omicron),2
2023-10-01,Oct 2023,Sur,Santa Catarina,XBB.1.5.70.*+GK.* (Omicron),82
2023-11-01,Nov 2023,Centro-oeste,Distrito Federal,JD.1.* (Omicron),34
2023-11-01,Nov 2023,Centro-oeste,Distrito Federal,JN.1.*+BA.2.86.* (Omicron),1
2023-11-01,Nov 2023,Centro-oeste,Distrito Federal,Otras,1
2023-11-01,Nov 2023,Centro-oeste,Distrito Federal,XBB.1.5.70.*+GK.* (Omicron),5
2023-11-01,Nov 2023,Centro-oeste,Goiás,JD.1.* (Omicron),60
2023-11-01,Nov 2023,Centro-oeste,Goiás,Otras,4
2023-11-01,Nov 2023,Centro-oeste,Goiás,XBB.1.5.70.*+GK.* (Omicron),6
2023-11-01,Nov 2023,Centro-oeste,Mato Grosso,JD.1.* (Omicron),1
2023-11-01,Nov 2023,Centro-oeste,Mato Grosso do Sul,JD.1.* (Omicron),56
2023-11-01,Nov 2023,Centro-oeste,Mato Grosso do Sul,Otras,5
2023-11-01,Nov 2023,Centro-oeste,Mato Grosso do Sul,XBB.1.5.* (Omicron),1
2023-11-01,Nov 2023,Centro-oeste,Mato Grosso do Sul,XBB.1.5.70.*+GK.* (Omicron),21
2023-11-01,Nov 2023,Noreste,Alagoas,JD.1.* (Omicron),38
2023-11-01,Nov 2023,Noreste,Alagoas,JN.1.*+BA.2.86.* (Omicron),3
2023-11-01,Nov 2023,Noreste,Alagoas,XBB.1.5.70.*+GK.* (Omicron),8
2023-11-01,Nov 2023,Noreste,Bahia,FE.1.* (Omicron),1
2023-11-01,Nov 2023,Noreste,Bahia,JD.1.* (Omicron),89
2023-11-01,Nov 2023,Noreste,Bahia,JN.1.*+BA.2.86.* (Omicron),1
2023-11-01,Nov 2023,Noreste,Bahia,Otras,15
2023-11-01,Nov 2023,Noreste,Bahia,XBB.1.5.70.*+GK.* (Omicron),22
2023-11-01,Nov 2023,Noreste,Ceará,JD.1.* (Omicron),23
2023-11-01,Nov 2023,Noreste,Ceará,JN.1.*+BA.2.86.* (Omicron),203
2023-11-01,Nov 2023,Noreste,Ceará,Otras,2
2023-11-01,Nov 2023,Noreste,Ceará,XBB.1.5.70.*+GK.* (Omicron),2
2023-11-01,Nov 2023,Noreste,Maranhão,EG.5.* (Omicron),1
2023-11-01,Nov 2023,Noreste,Maranhão,JD.1.* (Omicron),8
2023-11-01,Nov 2023,Noreste,Maranhão,JN.1.*+BA.2.86.* (Omicron),2
2023-11-01,Nov 2023,Noreste,Maranhão,XBB.1.5.70.*+GK.* (Omicron),14
2023-11-01,Nov 2023,Noreste,Paraíba,JD.1.* (Omicron),15
2023-11-01,Nov 2023,Noreste,Paraíba,JN.1.*+BA.2.86.* (Omicron),10
2023-11-01,Nov 2023,Noreste,Paraíba,Otras,1
2023-11-01,Nov 2023,Noreste,Paraíba,XBB.1.5.70.*+GK.* (Omicron),32
2023-11-01,Nov 2023,Noreste,Pernambuco,JD.1.* (Omicron),33
2023-11-01,Nov 2023,Noreste,Pernambuco,Otras,1
2023-11-01,Nov 2023,Noreste,Pernambuco,XBB.1.5.70.*+GK.* (Omicron),14
2023-11-01,Nov 2023,Noreste,Rio Grande do Norte,JD.1.* (Omicron),4
2023-11-01,Nov 2023,Noreste,Rio Grande do Norte,Otras,1
2023-11-01,Nov 2023,Noreste,Rio Grande do Norte,XBB.1.5.70.*+GK.* (Omicron),19
2023-11-01,Nov 2023,Noreste,Sergipe,JD.1.* (Omicron),14
2023-11-01,Nov 2023,Noreste,Sergipe,Otras,1
2023-11-01,Nov 2023,Noreste,Sergipe,XBB.1.5.70.*+GK.* (Omicron),3
2023-11-01,Nov 2023,Norte,Acre,JD.1.* (Omicron),46
2023-11-01,Nov 2023,Norte,Acre,Otras,4
2023-11-01,Nov 2023,Norte,Acre,XBB.1.5.70.*+GK.* (Omicron),4
2023-11-01,Nov 2023,Norte,Amapá,JD.1.* (Omicron),1
2023-11-01,Nov 2023,Norte,Amapá,XBB.1.5.70.*+GK.* (Omicron),1
2023-11-01,Nov 2023,Norte,Amazonas,XBB.1.5.70.*+GK.* (Omicron),3
2023-11-01,Nov 2023,Norte,Pará,JD.1.* (Omicron),13
2023-11-01,Nov 2023,Norte,Pará,Otras,1
2023-11-01,Nov 2023,Norte,Pará,XBB.1.5.70.*+GK.* (Omicron),2
2023-11-01,Nov 2023,Norte,Roraima,XBB.1.5.70.*+GK.* (Omicron),1
2023-11-01,Nov 2023,Norte,Tocantins,JD.1.* (Omicron),15
2023-11-01,Nov 2023,Norte,Tocantins,JN.1.*+BA.2.86.* (Omicron),1
2023-11-01,Nov 2023,Norte,Tocantins,XBB.1.5.70.*+GK.* (Omicron),3
2023-11-01,Nov 2023,Sureste,Espírito Santo,EG.5.* (Omicron),1
2023-11-01,Nov 2023,Sureste,Espírito Santo,JD.1.* (Omicron),54
2023-11-01,Nov 2023,Sureste,Espírito Santo,JN.1.*+BA.2.86.* (Omicron),1
2023-11-01,Nov 2023,Sureste,Espírito Santo,Otras,7
2023-11-01,Nov 2023,Sureste,Espírito Santo,XBB.1.5.70.*+GK.* (Omicron),39
2023-11-01,Nov 2023,Sureste,Minas Gerais,EG.5.* (Omicron),4
2023-11-01,Nov 2023,Sureste,Minas Gerais,JD.1.* (Omicron),54
2023-11-01,Nov 2023,Sureste,Minas Gerais,JN.1.*+BA.2.86.* (Omicron),1
2023-11-01,Nov 2023,Sureste,Minas Gerais,Otras,3
2023-11-01,Nov 2023,Sureste,Minas Gerais,XBB.1.5.* (Omicron),1
2023-11-01,Nov 2023,Sureste,Minas Gerais,XBB.1.5.70.*+GK.* (Omicron),55
2023-11-01,Nov 2023,Sureste,Rio de Eneeiro,JD.1.* (Omicron),33
2023-11-01,Nov 2023,Sureste,Rio de Eneeiro,Otras,10
2023-11-01,Nov 2023,Sureste,Rio de Eneeiro,XBB.1.5.* (Omicron),6
2023-11-01,Nov 2023,Sureste,Rio de Eneeiro,XBB.1.5.70.*+GK.* (Omicron),37
2023-11-01,Nov 2023,Sureste,São Paulo,EG.5.* (Omicron),6
2023-11-01,Nov 2023,Sureste,São Paulo,JD.1.* (Omicron),148
2023-11-01,Nov 2023,Sureste,São Paulo,JN.1.*+BA.2.86.* (Omicron),4
2023-11-01,Nov 2023,Sureste,São Paulo,Otras,21
2023-11-01,Nov 2023,Sureste,São Paulo,XBB.1.5.70.*+GK.* (Omicron),105
2023-11-01,Nov 2023,Sur,Paraná,EG.5.* (Omicron),1
2023-11-01,Nov 2023,Sur,Paraná,FE.1.* (Omicron),2
2023-11-01,Nov 2023,Sur,Paraná,JD.1.* (Omicron),22
2023-11-01,Nov 2023,Sur,Paraná,Otras,4
2023-11-01,Nov 2023,Sur,Paraná,XBB.1.5.70.*+GK.* (Omicron),14
2023-11-01,Nov 2023,Sur,Rio Grande do Sul,EG.5.* (Omicron),8
2023-11-01,Nov 2023,Sur,Rio Grande do Sul,FE.1.* (Omicron),3
2023-11-01,Nov 2023,Sur,Rio Grande do Sul,JD.1.* (Omicron),27
2023-11-01,Nov 2023,Sur,Rio Grande do Sul,JN.1.*+BA.2.86.* (Omicron),1
2023-11-01,Nov 2023,Sur,Rio Grande do Sul,Otras,5
2023-11-01,Nov 2023,Sur,Rio Grande do Sul,XBB.1.5.* (Omicron),1
2023-11-01,Nov 2023,Sur,Rio Grande do Sul,XBB.1.5.70.*+GK.* (Omicron),37
2023-11-01,Nov 2023,Sur,Santa Catarina,EG.5.* (Omicron),3
2023-11-01,Nov 2023,Sur,Santa Catarina,JD.1.* (Omicron),49
2023-11-01,Nov 2023,Sur,Santa Catarina,JN.1.*+BA.2.86.* (Omicron),1
2023-11-01,Nov 2023,Sur,Santa Catarina,Otras,10
2023-11-01,Nov 2023,Sur,Santa Catarina,XBB.1.5.70.*+GK.* (Omicron),57
2023-12-01,Dic 2023,Centro-oeste,Distrito Federal,JD.1.* (Omicron),12
2023-12-01,Dic 2023,Centro-oeste,Distrito Federal,JN.1.*+BA.2.86.* (Omicron),1
2023-12-01,Dic 2023,Centro-oeste,Distrito Federal,Otras,1
2023-12-01,Dic 2023,Centro-oeste,Distrito Federal,XBB.1.5.70.*+GK.* (Omicron),1
2023-12-01,Dic 2023,Centro-oeste,Goiás,JD.1.* (Omicron),15
2023-12-01,Dic 2023,Centro-oeste,Goiás,JN.1.*+BA.2.86.* (Omicron),10
2023-12-01,Dic 2023,Centro-oeste,Goiás,Otras,2
2023-12-01,Dic 2023,Centro-oeste,Goiás,XBB.1.5.70.*+GK.* (Omicron),2
2023-12-01,Dic 2023,Centro-oeste,Mato Grosso,JD.1.* (Omicron),4
2023-12-01,Dic 2023,Centro-oeste,Mato Grosso,JN.1.*+BA.2.86.* (Omicron),2
2023-12-01,Dic 2023,Centro-oeste,Mato Grosso do Sul,JD.1.* (Omicron),46
2023-12-01,Dic 2023,Centro-oeste,Mato Grosso do Sul,JN.1.*+BA.2.86.* (Omicron),9
2023-12-01,Dic 2023,Centro-oeste,Mato Grosso do Sul,Otras,3
2023-12-01,Dic 2023,Centro-oeste,Mato Grosso do Sul,XBB.1.5.70.*+GK.* (Omicron),24
2023-12-01,Dic 2023,Noreste,Alagoas,JD.1.* (Omicron),102
2023-12-01,Dic 2023,Noreste,Alagoas,JN.1.*+BA.2.86.* (Omicron),40
2023-12-01,Dic 2023,Noreste,Alagoas,Otras,7
2023-12-01,Dic 2023,Noreste,Alagoas,XBB.1.5.70.*+GK.* (Omicron),14
2023-12-01,Dic 2023,Noreste,Bahia,JD.1.* (Omicron),40
2023-12-01,Dic 2023,Noreste,Bahia,JN.1.*+BA.2.86.* (Omicron),3
2023-12-01,Dic 2023,Noreste,Bahia,Otras,3
2023-12-01,Dic 2023,Noreste,Bahia,XBB.1.5.70.*+GK.* (Omicron),7
2023-12-01,Dic 2023,Noreste,Ceará,JD.1.* (Omicron),13
2023-12-01,Dic 2023,Noreste,Ceará,JN.1.*+BA.2.86.* (Omicron),539
2023-12-01,Dic 2023,Noreste,Ceará,Otras,5
2023-12-01,Dic 2023,Noreste,Ceará,XBB.1.5.70.*+GK.* (Omicron),3
2023-12-01,Dic 2023,Noreste,Maranhão,JD.1.* (Omicron),3
2023-12-01,Dic 2023,Noreste,Maranhão,JN.1.*+BA.2.86.* (Omicron),1
2023-12-01,Dic 2023,Noreste,Maranhão,XBB.1.5.70.*+GK.* (Omicron),10
2023-12-01,Dic 2023,Noreste,Paraíba,EG.5.* (Omicron),1
2023-12-01,Dic 2023,Noreste,Paraíba,JD.1.* (Omicron),25
2023-12-01,Dic 2023,Noreste,Paraíba,JN.1.*+BA.2.86.* (Omicron),48
2023-12-01,Dic 2023,Noreste,Paraíba,Otras,7
2023-12-01,Dic 2023,Noreste,Paraíba,XBB.1.5.* (Omicron),1
2023-12-01,Dic 2023,Noreste,Paraíba,XBB.1.5.70.*+GK.* (Omicron),18
2023-12-01,Dic 2023,Noreste,Pernambuco,JD.1.* (Omicron),47
2023-12-01,Dic 2023,Noreste,Pernambuco,JN.1.*+BA.2.86.* (Omicron),11
2023-12-01,Dic 2023,Noreste,Pernambuco,Otras,2
2023-12-01,Dic 2023,Noreste,Pernambuco,XBB.1.5.70.*+GK.* (Omicron),17
2023-12-01,Dic 2023,Noreste,Piauí,JD.1.* (Omicron),4
2023-12-01,Dic 2023,Noreste,Piauí,JN.1.*+BA.2.86.* (Omicron),23
2023-12-01,Dic 2023,Noreste,Piauí,Otras,2
2023-12-01,Dic 2023,Noreste,Piauí,XBB.1.5.70.*+GK.* (Omicron),4
2023-12-01,Dic 2023,Noreste,Rio Grande do Norte,JD.1.* (Omicron),6
2023-12-01,Dic 2023,Noreste,Rio Grande do Norte,JN.1.*+BA.2.86.* (Omicron),11
2023-12-01,Dic 2023,Noreste,Rio Grande do Norte,Otras,3
2023-12-01,Dic 2023,Noreste,Rio Grande do Norte,XBB.1.5.70.*+GK.* (Omicron),20
2023-12-01,Dic 2023,Noreste,Sergipe,JD.1.* (Omicron),2
2023-12-01,Dic 2023,Norte,Acre,JD.1.* (Omicron),42
2023-12-01,Dic 2023,Norte,Acre,JN.1.*+BA.2.86.* (Omicron),1
2023-12-01,Dic 2023,Norte,Acre,Otras,9
2023-12-01,Dic 2023,Norte,Acre,XBB.1.5.* (Omicron),1
2023-12-01,Dic 2023,Norte,Acre,XBB.1.5.70.*+GK.* (Omicron),7
2023-12-01,Dic 2023,Norte,Amapá,JD.1.* (Omicron),9
2023-12-01,Dic 2023,Norte,Amapá,JN.1.*+BA.2.86.* (Omicron),28
2023-12-01,Dic 2023,Norte,Amapá,Otras,1
2023-12-01,Dic 2023,Norte,Amapá,XBB.1.5.70.*+GK.* (Omicron),2
2023-12-01,Dic 2023,Norte,Amazonas,JD.1.* (Omicron),2
2023-12-01,Dic 2023,Norte,Amazonas,JN.1.*+BA.2.86.* (Omicron),4
2023-12-01,Dic 2023,Norte,Amazonas,XBB.1.5.70.*+GK.* (Omicron),16
2023-12-01,Dic 2023,Norte,Pará,JD.1.* (Omicron),20
2023-12-01,Dic 2023,Norte,Pará,JN.1.*+BA.2.86.* (Omicron),13
2023-12-01,Dic 2023,Norte,Pará,Otras,16
2023-12-01,Dic 2023,Norte,Pará,XBB.1.5.70.*+GK.* (Omicron),19
2023-12-01,Dic 2023,Norte,Roraima,JD.1.* (Omicron),1
2023-12-01,Dic 2023,Norte,Roraima,XBB.1.5.70.*+GK.* (Omicron),2
2023-12-01,Dic 2023,Norte,Tocantins,JD.1.* (Omicron),10
2023-12-01,Dic 2023,Norte,Tocantins,JN.1.*+BA.2.86.* (Omicron),3
2023-12-01,Dic 2023,Sureste,Espírito Santo,JD.1.* (Omicron),22
2023-12-01,Dic 2023,Sureste,Espírito Santo,JN.1.*+BA.2.86.* (Omicron),7
2023-12-01,Dic 2023,Sureste,Espírito Santo,Otras,4
2023-12-01,Dic 2023,Sureste,Espírito Santo,XBB.1.5.70.*+GK.* (Omicron),17
2023-12-01,Dic 2023,Sureste,Minas Gerais,JD.1.* (Omicron),5
2023-12-01,Dic 2023,Sureste,Minas Gerais,XBB.1.5.70.*+GK.* (Omicron),2
2023-12-01,Dic 2023,Sureste,Rio de Eneeiro,JD.1.* (Omicron),6
2023-12-01,Dic 2023,Sureste,Rio de Eneeiro,JN.1.*+BA.2.86.* (Omicron),6
2023-12-01,Dic 2023,Sureste,Rio de Eneeiro,Otras,4
2023-12-01,Dic 2023,Sureste,Rio de Eneeiro,XBB.1.5.70.*+GK.* (Omicron),10
2023-12-01,Dic 2023,Sureste,São Paulo,JD.1.* (Omicron),24
2023-12-01,Dic 2023,Sureste,São Paulo,JN.1.*+BA.2.86.* (Omicron),8
2023-12-01,Dic 2023,Sureste,São Paulo,Otras,3
2023-12-01,Dic 2023,Sureste,São Paulo,XBB.1.5.70.*+GK.* (Omicron),12
2023-12-01,Dic 2023,Sur,Paraná,JD.1.* (Omicron),5
2023-12-01,Dic 2023,Sur,Paraná,XBB.1.5.70.*+GK.* (Omicron),1
2023-12-01,Dic 2023,Sur,Rio Grande do Sul,EG.5.* (Omicron),2
2023-12-01,Dic 2023,Sur,Rio Grande do Sul,JD.1.* (Omicron),32
2023-12-01,Dic 2023,Sur,Rio Grande do Sul,JN.1.*+BA.2.86.* (Omicron),12
2023-12-01,Dic 2023,Sur,Rio Grande do Sul,Otras,14
2023-12-01,Dic 2023,Sur,Rio Grande do Sul,XBB.1.5.70.*+GK.* (Omicron),43
2023-12-01,Dic 2023,Sur,Santa Catarina,JD.1.* (Omicron),33
2023-12-01,Dic 2023,Sur,Santa Catarina,JN.1.*+BA.2.86.* (Omicron),9
2023-12-01,Dic 2023,Sur,Santa Catarina,Otras,5
2023-12-01,Dic 2023,Sur,Santa Catarina,XBB.1.5.70.*+GK.* (Omicron),18
2024-01-01,Ene 2024,Centro-oeste,Distrito Federal,JD.1.* (Omicron),2
2024-01-01,Ene 2024,Centro-oeste,Distrito Federal,JN.1.*+BA.2.86.* (Omicron),34
2024-01-01,Ene 2024,Centro-oeste,Distrito Federal,Otras,10
2024-01-01,Ene 2024,Centro-oeste,Goiás,EG.5.* (Omicron),1
2024-01-01,Ene 2024,Centro-oeste,Goiás,JD.1.* (Omicron),11
2024-01-01,Ene 2024,Centro-oeste,Goiás,JN.1.*+BA.2.86.* (Omicron),53
2024-01-01,Ene 2024,Centro-oeste,Goiás,Otras,6
2024-01-01,Ene 2024,Centro-oeste,Mato Grosso,JD.1.* (Omicron),3
2024-01-01,Ene 2024,Centro-oeste,Mato Grosso,JN.1.*+BA.2.86.* (Omicron),6
2024-01-01,Ene 2024,Centro-oeste,Mato Grosso,Otras,4
2024-01-01,Ene 2024,Centro-oeste,Mato Grosso,XBB.1.5.70.*+GK.* (Omicron),1
2024-01-01,Ene 2024,Centro-oeste,Mato Grosso do Sul,EG.5.* (Omicron),1
2024-01-01,Ene 2024,Centro-oeste,Mato Grosso do Sul,JD.1.* (Omicron),38
2024-01-01,Ene 2024,Centro-oeste,Mato Grosso do Sul,JN.1.*+BA.2.86.* (Omicron),30
2024-01-01,Ene 2024,Centro-oeste,Mato Grosso do Sul,Otras,15
2024-01-01,Ene 2024,Centro-oeste,Mato Grosso do Sul,XBB.1.5.70.*+GK.* (Omicron),4
2024-01-01,Ene 2024,Noreste,Alagoas,JD.1.* (Omicron),26
2024-01-01,Ene 2024,Noreste,Alagoas,JN.1.*+BA.2.86.* (Omicron),47
2024-01-01,Ene 2024,Noreste,Alagoas,Otras,7
2024-01-01,Ene 2024,Noreste,Alagoas,XBB.1.5.70.*+GK.* (Omicron),1
2024-01-01,Ene 2024,Noreste,Bahia,JD.1.* (Omicron),23
2024-01-01,Ene 2024,Noreste,Bahia,JN.1.*+BA.2.86.* (Omicron),45
2024-01-01,Ene 2024,Noreste,Bahia,Otras,1
2024-01-01,Ene 2024,Noreste,Bahia,XBB.1.5.70.*+GK.* (Omicron),5
2024-01-01,Ene 2024,Noreste,Ceará,JN.1.*+BA.2.86.* (Omicron),4
2024-01-01,Ene 2024,Noreste,Paraíba,JD.1.* (Omicron),12
2024-01-01,Ene 2024,Noreste,Paraíba,JN.1.*+BA.2.86.* (Omicron),67
2024-01-01,Ene 2024,Noreste,Paraíba,Otras,45
2024-01-01,Ene 2024,Noreste,Paraíba,XBB.1.5.70.*+GK.* (Omicron),20
2024-01-01,Ene 2024,Noreste,Pernambuco,JD.1.* (Omicron),8
2024-01-01,Ene 2024,Noreste,Pernambuco,JN.1.*+BA.2.86.* (Omicron),33
2024-01-01,Ene 2024,Noreste,Pernambuco,Otras,14
2024-01-01,Ene 2024,Noreste,Pernambuco,XBB.1.5.70.*+GK.* (Omicron),2
2024-01-01,Ene 2024,Noreste,Piauí,JN.1.*+BA.2.86.* (Omicron),8
2024-01-01,Ene 2024,Noreste,Piauí,XBB.1.5.70.*+GK.* (Omicron),1
2024-01-01,Ene 2024,Noreste,Rio Grande do Norte,JD.1.* (Omicron),4
2024-01-01,Ene 2024,Noreste,Rio Grande do Norte,JN.1.*+BA.2.86.* (Omicron),37
2024-01-01,Ene 2024,Noreste,Rio Grande do Norte,Otras,19
2024-01-01,Ene 2024,Noreste,Rio Grande do Norte,XBB.1.5.70.*+GK.* (Omicron),3
2024-01-01,Ene 2024,Noreste,Sergipe,JD.1.* (Omicron),9
2024-01-01,Ene 2024,Noreste,Sergipe,JN.1.*+BA.2.86.* (Omicron),11
2024-01-01,Ene 2024,Noreste,Sergipe,Otras,9
2024-01-01,Ene 2024,Noreste,Sergipe,XBB.1.5.70.*+GK.* (Omicron),1
2024-01-01,Ene 2024,Norte,Acre,JD.1.* (Omicron),19
2024-01-01,Ene 2024,Norte,Acre,JN.1.*+BA.2.86.* (Omicron),6
2024-01-01,Ene 2024,Norte,Acre,Otras,6
2024-01-01,Ene 2024,Norte,Amapá,JD.1.* (Omicron),4
2024-01-01,Ene 2024,Norte,Amapá,JN.1.*+BA.2.86.* (Omicron),127
2024-01-01,Ene 2024,Norte,Amapá,Otras,13
2024-01-01,Ene 2024,Norte,Amapá,XBB.1.5.* (Omicron),1
2024-01-01,Ene 2024,Norte,Amapá,XBB.1.5.70.*+GK.* (Omicron),10
2024-01-01,Ene 2024,Norte,Amazonas,JD.1.* (Omicron),2
2024-01-01,Ene 2024,Norte,Pará,JN.1.*+BA.2.86.* (Omicron),1
2024-01-01,Ene 2024,Norte,Pará,Otras,2
2024-01-01,Ene 2024,Norte,Pará,XBB.1.5.70.*+GK.* (Omicron),1
2024-01-01,Ene 2024,Norte,Roraima,JN.1.*+BA.2.86.* (Omicron),20
2024-01-01,Ene 2024,Norte,Roraima,Otras,2
2024-01-01,Ene 2024,Norte,Roraima,XBB.1.5.* (Omicron),1
2024-01-01,Ene 2024,Norte,Roraima,XBB.1.5.70.*+GK.* (Omicron),5
2024-01-01,Ene 2024,Norte,Tocantins,JD.1.* (Omicron),8
2024-01-01,Ene 2024,Norte,Tocantins,JN.1.*+BA.2.86.* (Omicron),60
2024-01-01,Ene 2024,Norte,Tocantins,Otras,15
2024-01-01,Ene 2024,Norte,Tocantins,XBB.1.5.70.*+GK.* (Omicron),2
2024-01-01,Ene 2024,Sureste,Espírito Santo,JD.1.* (Omicron),23
2024-01-01,Ene 2024,Sureste,Espírito Santo,JN.1.*+BA.2.86.* (Omicron),62
2024-01-01,Ene 2024,Sureste,Espírito Santo,Otras,16
2024-01-01,Ene 2024,Sureste,Espírito Santo,XBB.1.5.70.*+GK.* (Omicron),10
2024-01-01,Ene 2024,Sureste,Minas Gerais,JN.1.*+BA.2.86.* (Omicron),4
2024-01-01,Ene 2024,Sureste,Rio de Eneeiro,JD.1.* (Omicron),4
2024-01-01,Ene 2024,Sureste,Rio de Eneeiro,JN.1.*+BA.2.86.* (Omicron),42
2024-01-01,Ene 2024,Sureste,Rio de Eneeiro,Otras,9
2024-01-01,Ene 2024,Sureste,Rio de Eneeiro,XBB.1.5.70.*+GK.* (Omicron),3
2024-01-01,Ene 2024,Sureste,São Paulo,JD.1.* (Omicron),15
2024-01-01,Ene 2024,Sureste,São Paulo,JN.1.*+BA.2.86.* (Omicron),91
2024-01-01,Ene 2024,Sureste,São Paulo,Otras,17
2024-01-01,Ene 2024,Sureste,São Paulo,XBB.1.5.70.*+GK.* (Omicron),6
2024-01-01,Ene 2024,Sur,Paraná,JD.1.* (Omicron),2
2024-01-01,Ene 2024,Sur,Paraná,JN.1.*+BA.2.86.* (Omicron),5
2024-01-01,Ene 2024,Sur,Paraná,Otras,2
2024-01-01,Ene 2024,Sur,Paraná,XBB.1.5.70.*+GK.* (Omicron),1
2024-01-01,Ene 2024,Sur,Rio Grande do Sul,JD.1.* (Omicron),9
2024-01-01,Ene 2024,Sur,Rio Grande do Sul,JN.1.*+BA.2.86.* (Omicron),9
2024-01-01,Ene 2024,Sur,Rio Grande do Sul,Otras,3
2024-01-01,Ene 2024,Sur,Rio Grande do Sul,XBB.1.5.* (Omicron),1
2024-01-01,Ene 2024,Sur,Rio Grande do Sul,XBB.1.5.70.*+GK.* (Omicron),2
2024-01-01,Ene 2024,Sur,Santa Catarina,JD.1.* (Omicron),30
2024-01-01,Ene 2024,Sur,Santa Catarina,JN.1.*+BA.2.86.* (Omicron),37
2024-01-01,Ene 2024,Sur,Santa Catarina,Otras,6
2024-01-01,Ene 2024,Sur,Santa Catarina,XBB.1.5.70.*+GK.* (Omicron),7
2024-02-01,Feb 2024,Centro-oeste,Distrito Federal,JD.1.* (Omicron),2
2024-02-01,Feb 2024,Centro-oeste,Distrito Federal,JN.1.*+BA.2.86.* (Omicron),47
2024-02-01,Feb 2024,Centro-oeste,Distrito Federal,Otras,5
2024-02-01,Feb 2024,Centro-oeste,Distrito Federal,XBB.1.5.70.*+GK.* (Omicron),1
2024-02-01,Feb 2024,Centro-oeste,Goiás,JD.1.* (Omicron),1
2024-02-01,Feb 2024,Centro-oeste,Goiás,JN.1.*+BA.2.86.* (Omicron),31
2024-02-01,Feb 2024,Centro-oeste,Goiás,Otras,5
2024-02-01,Feb 2024,Centro-oeste,Mato Grosso do Sul,JD.1.* (Omicron),13
2024-02-01,Feb 2024,Centro-oeste,Mato Grosso do Sul,JN.1.*+BA.2.86.* (Omicron),36
2024-02-01,Feb 2024,Centro-oeste,Mato Grosso do Sul,Otras,19
2024-02-01,Feb 2024,Noreste,Alagoas,JD.1.* (Omicron),2
2024-02-01,Feb 2024,Noreste,Alagoas,JN.1.*+BA.2.86.* (Omicron),10
2024-02-01,Feb 2024,Noreste,Alagoas,Otras,3
2024-02-01,Feb 2024,Noreste,Paraíba,JN.1.*+BA.2.86.* (Omicron),4
2024-02-01,Feb 2024,Noreste,Paraíba,Otras,1
2024-02-01,Feb 2024,Noreste,Paraíba,XBB.1.5.70.*+GK.* (Omicron),1
2024-02-01,Feb 2024,Norte,Acre,JN.1.*+BA.2.86.* (Omicron),5
2024-02-01,Feb 2024,Norte,Acre,Otras,2
2024-02-01,Feb 2024,Norte,Amapá,JN.1.*+BA.2.86.* (Omicron),9
2024-02-01,Feb 2024,Norte,Roraima,JN.1.*+BA.2.86.* (Omicron),8
2024-02-01,Feb 2024,Norte,Roraima,XBB.1.5.70.*+GK.* (Omicron),1
2024-02-01,Feb 2024,Sureste,Espírito Santo,JN.1.*+BA.2.86.* (Omicron),6
2024-02-01,Feb 2024,Sureste,Espírito Santo,Otras,1
2024-02-01,Feb 2024,Sureste,Rio de Eneeiro,JN.1.*+BA.2.86.* (Omicron),73
2024-02-01,Feb 2024,Sureste,Rio de Eneeiro,Otras,9
2024-02-01,Feb 2024,Sureste,São Paulo,EG.5.* (Omicron),1
2024-02-01,Feb 2024,Sureste,São Paulo,JD.1.* (Omicron),8
2024-02-01,Feb 2024,Sureste,São Paulo,JN.1.*+BA.2.86.* (Omicron),123
2024-02-01,Feb 2024,Sureste,São Paulo,Otras,32
2024-02-01,Feb 2024,Sureste,São Paulo,XBB.1.5.70.*+GK.* (Omicron),2
2024-02-01,Feb 2024,Sur,Rio Grande do Sul,JD.1.* (Omicron),2
2024-02-01,Feb 2024,Sur,Rio Grande do Sul,JN.1.*+BA.2.86.* (Omicron),10
2024-02-01,Feb 2024,Sur,Rio Grande do Sul,Otras,3
2024-02-01,Feb 2024,Sur,Santa Catarina,JD.1.* (Omicron),6
2024-02-01,Feb 2024,Sur,Santa Catarina,JN.1.*+BA.2.86.* (Omicron),110
2024-02-01,Feb 2024,Sur,Santa Catarina,Otras,16
2024-02-01,Feb 2024,Sur,Santa Catarina,XBB.1.5.70.*+GK.* (Omicron),4
2024-03-01,Mar 2024,Centro-oeste,Distrito Federal,JN.1.*+BA.2.86.* (Omicron),20
2024-03-01,Mar 2024,Centro-oeste,Distrito Federal,Otras,1
