Date,Period,Region,State,Relevant variants,Quantity
2023-01-01,Jan 2023,Central-west,Distrito Federal,Others,4
2023-01-01,Jan 2023,Central-west,Goiás,Others,107
2023-01-01,Jan 2023,Central-west,Goiás,XBB.1.5.* (Omicron),8
2023-01-01,Jan 2023,Central-west,Mato Grosso,Others,13
2023-01-01,Jan 2023,Central-west,Mato Grosso do Sul,Others,86
2023-01-01,Jan 2023,Central-west,Mato Grosso do Sul,XBB.1.5.* (Omicron),2
2023-01-01,Jan 2023,Northeast,Alagoas,Others,34
2023-01-01,Jan 2023,Northeast,Bahia,Others,50
2023-01-01,Jan 2023,Northeast,Bahia,XBB.1.5.* (Omicron),1
2023-01-01,Jan 2023,Northeast,Ceará,Others,41
2023-01-01,Jan 2023,Northeast,Ceará,XBB.1.5.70.*+GK.* (Omicron),1
2023-01-01,Jan 2023,Northeast,Maranhão,Others,8
2023-01-01,Jan 2023,Northeast,Maranhão,XBB.1.5.* (Omicron),2
2023-01-01,Jan 2023,Northeast,Paraíba,Others,5
2023-01-01,Jan 2023,Northeast,Pernambuco,Others,23
2023-01-01,Jan 2023,Northeast,Rio Grande do Norte,Others,4
2023-01-01,Jan 2023,North,Acre,Others,1
2023-01-01,Jan 2023,North,Amapá,Others,31
2023-01-01,Jan 2023,North,Amazonas,Others,84
2023-01-01,Jan 2023,North,Amazonas,XBB.1.5.* (Omicron),16
2023-01-01,Jan 2023,North,Pará,Others,21
2023-01-01,Jan 2023,North,Pará,XBB.1.5.* (Omicron),3
2023-01-01,Jan 2023,North,Rondônia,Others,17
2023-01-01,Jan 2023,North,Tocantins,Others,99
2023-01-01,Jan 2023,North,Tocantins,XBB.1.5.* (Omicron),3
2023-01-01,Jan 2023,Southeast,Espírito Santo,Others,113
2023-01-01,Jan 2023,Southeast,Espírito Santo,XBB.1.5.* (Omicron),2
2023-01-01,Jan 2023,Southeast,Minas Gerais,Others,224
2023-01-01,Jan 2023,Southeast,Minas Gerais,XBB.1.5.* (Omicron),3
2023-01-01,Jan 2023,Southeast,Rio de Janeiro,Others,105
2023-01-01,Jan 2023,Southeast,Rio de Janeiro,XBB.1.5.* (Omicron),10
2023-01-01,Jan 2023,Southeast,São Paulo,FE.1.* (Omicron),8
2023-01-01,Jan 2023,Southeast,São Paulo,Others,607
2023-01-01,Jan 2023,Southeast,São Paulo,XBB.1.5.* (Omicron),46
2023-01-01,Jan 2023,South,Paraná,Others,8
2023-01-01,Jan 2023,South,Paraná,XBB.1.5.* (Omicron),1
2023-01-01,Jan 2023,South,Rio Grande do Sul,FE.1.* (Omicron),1
2023-01-01,Jan 2023,South,Rio Grande do Sul,Others,251
2023-01-01,Jan 2023,South,Rio Grande do Sul,XBB.1.5.* (Omicron),1
2023-01-01,Jan 2023,South,Santa Catarina,Others,177
2023-01-01,Jan 2023,South,Santa Catarina,XBB.1.5.* (Omicron),17
2023-02-01,Feb 2023,Central-west,Distrito Federal,Others,23
2023-02-01,Feb 2023,Central-west,Distrito Federal,XBB.1.5.* (Omicron),7
2023-02-01,Feb 2023,Central-west,Goiás,Others,43
2023-02-01,Feb 2023,Central-west,Goiás,XBB.1.5.* (Omicron),25
2023-02-01,Feb 2023,Central-west,Mato Grosso,Others,3
2023-02-01,Feb 2023,Central-west,Mato Grosso,XBB.1.5.* (Omicron),3
2023-02-01,Feb 2023,Central-west,Mato Grosso do Sul,FE.1.* (Omicron),3
2023-02-01,Feb 2023,Central-west,Mato Grosso do Sul,Others,56
2023-02-01,Feb 2023,Central-west,Mato Grosso do Sul,XBB.1.5.* (Omicron),7
2023-02-01,Feb 2023,Northeast,Alagoas,Others,7
2023-02-01,Feb 2023,Northeast,Alagoas,XBB.1.5.* (Omicron),3
2023-02-01,Feb 2023,Northeast,Bahia,FE.1.* (Omicron),10
2023-02-01,Feb 2023,Northeast,Bahia,Others,17
2023-02-01,Feb 2023,Northeast,Bahia,XBB.1.5.* (Omicron),23
2023-02-01,Feb 2023,Northeast,Ceará,Others,32
2023-02-01,Feb 2023,Northeast,Ceará,XBB.1.5.* (Omicron),3
2023-02-01,Feb 2023,Northeast,Maranhão,Others,9
2023-02-01,Feb 2023,Northeast,Maranhão,XBB.1.5.* (Omicron),1
2023-02-01,Feb 2023,Northeast,Paraíba,Others,1
2023-02-01,Feb 2023,Northeast,Paraíba,XBB.1.5.* (Omicron),1
2023-02-01,Feb 2023,Northeast,Pernambuco,Others,8
2023-02-01,Feb 2023,Northeast,Pernambuco,XBB.1.5.* (Omicron),3
2023-02-01,Feb 2023,Northeast,Rio Grande do Norte,Others,7
2023-02-01,Feb 2023,Northeast,Rio Grande do Norte,XBB.1.5.* (Omicron),3
2023-02-01,Feb 2023,Northeast,Sergipe,FE.1.* (Omicron),1
2023-02-01,Feb 2023,Northeast,Sergipe,Others,2
2023-02-01,Feb 2023,Northeast,Sergipe,XBB.1.5.* (Omicron),3
2023-02-01,Feb 2023,North,Acre,Others,3
2023-02-01,Feb 2023,North,Acre,XBB.1.5.* (Omicron),1
2023-02-01,Feb 2023,North,Amapá,Others,12
2023-02-01,Feb 2023,North,Amapá,XBB.1.5.* (Omicron),2
2023-02-01,Feb 2023,North,Amazonas,Others,1023
2023-02-01,Feb 2023,North,Amazonas,XBB.1.5.* (Omicron),453
2023-02-01,Feb 2023,North,Pará,Others,34
2023-02-01,Feb 2023,North,Pará,XBB.1.5.* (Omicron),10
2023-02-01,Feb 2023,North,Rondônia,Others,10
2023-02-01,Feb 2023,North,Tocantins,FE.1.* (Omicron),2
2023-02-01,Feb 2023,North,Tocantins,Others,44
2023-02-01,Feb 2023,North,Tocantins,XBB.1.5.* (Omicron),2
2023-02-01,Feb 2023,Southeast,Espírito Santo,Others,17
2023-02-01,Feb 2023,Southeast,Espírito Santo,XBB.1.5.* (Omicron),10
2023-02-01,Feb 2023,Southeast,Minas Gerais,FE.1.* (Omicron),1
2023-02-01,Feb 2023,Southeast,Minas Gerais,Others,47
2023-02-01,Feb 2023,Southeast,Minas Gerais,XBB.1.5.* (Omicron),11
2023-02-01,Feb 2023,Southeast,Rio de Janeiro,FE.1.* (Omicron),2
2023-02-01,Feb 2023,Southeast,Rio de Janeiro,Others,39
2023-02-01,Feb 2023,Southeast,Rio de Janeiro,XBB.1.5.* (Omicron),70
2023-02-01,Feb 2023,Southeast,São Paulo,FE.1.* (Omicron),46
2023-02-01,Feb 2023,Southeast,São Paulo,JD.1.* (Omicron),1
2023-02-01,Feb 2023,Southeast,São Paulo,Others,197
2023-02-01,Feb 2023,Southeast,São Paulo,XBB.1.5.* (Omicron),182
2023-02-01,Feb 2023,South,Paraná,FE.1.* (Omicron),2
2023-02-01,Feb 2023,South,Paraná,Others,16
2023-02-01,Feb 2023,South,Paraná,XBB.1.5.* (Omicron),9
2023-02-01,Feb 2023,South,Rio Grande do Sul,Others,20
2023-02-01,Feb 2023,South,Rio Grande do Sul,XBB.1.5.* (Omicron),5
2023-02-01,Feb 2023,South,Santa Catarina,FE.1.* (Omicron),5
2023-02-01,Feb 2023,South,Santa Catarina,Others,35
2023-02-01,Feb 2023,South,Santa Catarina,XBB.1.5.* (Omicron),40
2023-03-01,Mar 2023,Central-west,Goiás,FE.1.* (Omicron),1
2023-03-01,Mar 2023,Central-west,Goiás,Others,63
2023-03-01,Mar 2023,Central-west,Goiás,XBB.1.5.* (Omicron),44
2023-03-01,Mar 2023,Central-west,Goiás,XBB.1.5.70.*+GK.* (Omicron),2
2023-03-01,Mar 2023,Central-west,Mato Grosso,Others,12
2023-03-01,Mar 2023,Central-west,Mato Grosso,XBB.1.5.* (Omicron),3
2023-03-01,Mar 2023,Central-west,Mato Grosso do Sul,FE.1.* (Omicron),8
2023-03-01,Mar 2023,Central-west,Mato Grosso do Sul,Others,60
2023-03-01,Mar 2023,Central-west,Mato Grosso do Sul,XBB.1.5.* (Omicron),26
2023-03-01,Mar 2023,Northeast,Alagoas,FE.1.* (Omicron),8
2023-03-01,Mar 2023,Northeast,Alagoas,Others,5
2023-03-01,Mar 2023,Northeast,Alagoas,XBB.1.5.* (Omicron),7
2023-03-01,Mar 2023,Northeast,Bahia,FE.1.* (Omicron),78
2023-03-01,Mar 2023,Northeast,Bahia,Others,35
2023-03-01,Mar 2023,Northeast,Bahia,XBB.1.5.* (Omicron),54
2023-03-01,Mar 2023,Northeast,Ceará,FE.1.* (Omicron),1
2023-03-01,Mar 2023,Northeast,Ceará,Others,14
2023-03-01,Mar 2023,Northeast,Ceará,XBB.1.5.* (Omicron),9
2023-03-01,Mar 2023,Northeast,Ceará,XBB.1.5.70.*+GK.* (Omicron),9
2023-03-01,Mar 2023,Northeast,Maranhão,FE.1.* (Omicron),1
2023-03-01,Mar 2023,Northeast,Maranhão,Others,19
2023-03-01,Mar 2023,Northeast,Maranhão,XBB.1.5.* (Omicron),11
2023-03-01,Mar 2023,Northeast,Paraíba,Others,2
2023-03-01,Mar 2023,Northeast,Paraíba,XBB.1.5.* (Omicron),2
2023-03-01,Mar 2023,Northeast,Pernambuco,FE.1.* (Omicron),2
2023-03-01,Mar 2023,Northeast,Pernambuco,Others,19
2023-03-01,Mar 2023,Northeast,Pernambuco,XBB.1.5.* (Omicron),15
2023-03-01,Mar 2023,Northeast,Piauí,XBB.1.5.* (Omicron),1
2023-03-01,Mar 2023,Northeast,Rio Grande do Norte,Others,19
2023-03-01,Mar 2023,Northeast,Rio Grande do Norte,XBB.1.5.* (Omicron),1
2023-03-01,Mar 2023,Northeast,Sergipe,XBB.1.5.* (Omicron),4
2023-03-01,Mar 2023,North,Acre,Others,3
2023-03-01,Mar 2023,North,Acre,XBB.1.5.* (Omicron),2
2023-03-01,Mar 2023,North,Amapá,Others,7
2023-03-01,Mar 2023,North,Amapá,XBB.1.5.* (Omicron),5
2023-03-01,Mar 2023,North,Amazonas,Others,50
2023-03-01,Mar 2023,North,Amazonas,XBB.1.5.* (Omicron),31
2023-03-01,Mar 2023,North,Pará,JD.1.* (Omicron),2
2023-03-01,Mar 2023,North,Pará,Others,41
2023-03-01,Mar 2023,North,Pará,XBB.1.5.* (Omicron),25
2023-03-01,Mar 2023,North,Rondônia,Others,11
2023-03-01,Mar 2023,North,Rondônia,XBB.1.5.* (Omicron),1
2023-03-01,Mar 2023,North,Tocantins,FE.1.* (Omicron),5
2023-03-01,Mar 2023,North,Tocantins,Others,56
2023-03-01,Mar 2023,North,Tocantins,XBB.1.5.* (Omicron),2
2023-03-01,Mar 2023,Southeast,Espírito Santo,FE.1.* (Omicron),9
2023-03-01,Mar 2023,Southeast,Espírito Santo,Others,15
2023-03-01,Mar 2023,Southeast,Espírito Santo,XBB.1.5.* (Omicron),54
2023-03-01,Mar 2023,Southeast,Espírito Santo,XBB.1.5.70.*+GK.* (Omicron),1
2023-03-01,Mar 2023,Southeast,Minas Gerais,FE.1.* (Omicron),17
2023-03-01,Mar 2023,Southeast,Minas Gerais,Others,38
2023-03-01,Mar 2023,Southeast,Minas Gerais,XBB.1.5.* (Omicron),41
2023-03-01,Mar 2023,Southeast,Rio de Janeiro,FE.1.* (Omicron),8
2023-03-01,Mar 2023,Southeast,Rio de Janeiro,Others,34
2023-03-01,Mar 2023,Southeast,Rio de Janeiro,XBB.1.5.* (Omicron),105
2023-03-01,Mar 2023,Southeast,São Paulo,FE.1.* (Omicron),63
2023-03-01,Mar 2023,Southeast,São Paulo,Others,93
2023-03-01,Mar 2023,Southeast,São Paulo,XBB.1.5.* (Omicron),93
2023-03-01,Mar 2023,South,Paraná,FE.1.* (Omicron),3
2023-03-01,Mar 2023,South,Paraná,Others,16
2023-03-01,Mar 2023,South,Paraná,XBB.1.5.* (Omicron),16
2023-03-01,Mar 2023,South,Rio Grande do Sul,FE.1.* (Omicron),8
2023-03-01,Mar 2023,South,Rio Grande do Sul,Others,67
2023-03-01,Mar 2023,South,Rio Grande do Sul,XBB.1.5.* (Omicron),60
2023-03-01,Mar 2023,South,Santa Catarina,FE.1.* (Omicron),16
2023-03-01,Mar 2023,South,Santa Catarina,Others,49
2023-03-01,Mar 2023,South,Santa Catarina,XBB.1.5.* (Omicron),81
2023-04-01,Apr 2023,Central-west,Distrito Federal,FE.1.* (Omicron),2
2023-04-01,Apr 2023,Central-west,Distrito Federal,Others,25
2023-04-01,Apr 2023,Central-west,Distrito Federal,XBB.1.5.* (Omicron),5
2023-04-01,Apr 2023,Central-west,Goiás,FE.1.* (Omicron),10
2023-04-01,Apr 2023,Central-west,Goiás,Others,25
2023-04-01,Apr 2023,Central-west,Goiás,XBB.1.5.* (Omicron),28
2023-04-01,Apr 2023,Central-west,Goiás,XBB.1.5.70.*+GK.* (Omicron),1
2023-04-01,Apr 2023,Central-west,Mato Grosso,Others,1
2023-04-01,Apr 2023,Central-west,Mato Grosso,XBB.1.5.* (Omicron),2
2023-04-01,Apr 2023,Central-west,Mato Grosso do Sul,FE.1.* (Omicron),6
2023-04-01,Apr 2023,Central-west,Mato Grosso do Sul,Others,20
2023-04-01,Apr 2023,Central-west,Mato Grosso do Sul,XBB.1.5.* (Omicron),7
2023-04-01,Apr 2023,Northeast,Alagoas,FE.1.* (Omicron),12
2023-04-01,Apr 2023,Northeast,Alagoas,Others,19
2023-04-01,Apr 2023,Northeast,Alagoas,XBB.1.5.* (Omicron),12
2023-04-01,Apr 2023,Northeast,Alagoas,XBB.1.5.70.*+GK.* (Omicron),1
2023-04-01,Apr 2023,Northeast,Bahia,FE.1.* (Omicron),101
2023-04-01,Apr 2023,Northeast,Bahia,Others,14
2023-04-01,Apr 2023,Northeast,Bahia,XBB.1.5.* (Omicron),17
2023-04-01,Apr 2023,Northeast,Bahia,XBB.1.5.70.*+GK.* (Omicron),1
2023-04-01,Apr 2023,Northeast,Ceará,FE.1.* (Omicron),9
2023-04-01,Apr 2023,Northeast,Ceará,Others,12
2023-04-01,Apr 2023,Northeast,Ceará,XBB.1.5.* (Omicron),9
2023-04-01,Apr 2023,Northeast,Ceará,XBB.1.5.70.*+GK.* (Omicron),92
2023-04-01,Apr 2023,Northeast,Maranhão,FE.1.* (Omicron),1
2023-04-01,Apr 2023,Northeast,Maranhão,Others,12
2023-04-01,Apr 2023,Northeast,Maranhão,XBB.1.5.* (Omicron),2
2023-04-01,Apr 2023,Northeast,Paraíba,FE.1.* (Omicron),3
2023-04-01,Apr 2023,Northeast,Paraíba,Others,2
2023-04-01,Apr 2023,Northeast,Paraíba,XBB.1.5.* (Omicron),1
2023-04-01,Apr 2023,Northeast,Pernambuco,FE.1.* (Omicron),8
2023-04-01,Apr 2023,Northeast,Pernambuco,Others,12
2023-04-01,Apr 2023,Northeast,Pernambuco,XBB.1.5.* (Omicron),7
2023-04-01,Apr 2023,Northeast,Rio Grande do Norte,FE.1.* (Omicron),1
2023-04-01,Apr 2023,Northeast,Rio Grande do Norte,Others,21
2023-04-01,Apr 2023,Northeast,Rio Grande do Norte,XBB.1.5.* (Omicron),13
2023-04-01,Apr 2023,Northeast,Rio Grande do Norte,XBB.1.5.70.*+GK.* (Omicron),1
2023-04-01,Apr 2023,Northeast,Sergipe,FE.1.* (Omicron),2
2023-04-01,Apr 2023,Northeast,Sergipe,Others,3
2023-04-01,Apr 2023,Northeast,Sergipe,XBB.1.5.* (Omicron),1
2023-04-01,Apr 2023,North,Acre,FE.1.* (Omicron),2
2023-04-01,Apr 2023,North,Acre,Others,5
2023-04-01,Apr 2023,North,Acre,XBB.1.5.* (Omicron),12
2023-04-01,Apr 2023,North,Amapá,FE.1.* (Omicron),1
2023-04-01,Apr 2023,North,Amazonas,Others,7
2023-04-01,Apr 2023,North,Amazonas,XBB.1.5.* (Omicron),9
2023-04-01,Apr 2023,North,Pará,JD.1.* (Omicron),1
2023-04-01,Apr 2023,North,Pará,Others,5
2023-04-01,Apr 2023,North,Pará,XBB.1.5.* (Omicron),3
2023-04-01,Apr 2023,North,Rondônia,Others,3
2023-04-01,Apr 2023,North,Rondônia,XBB.1.5.* (Omicron),2
2023-04-01,Apr 2023,North,Rondônia,XBB.1.5.70.*+GK.* (Omicron),3
2023-04-01,Apr 2023,North,Roraima,Others,3
2023-04-01,Apr 2023,North,Roraima,XBB.1.5.* (Omicron),4
2023-04-01,Apr 2023,North,Tocantins,FE.1.* (Omicron),7
2023-04-01,Apr 2023,North,Tocantins,Others,33
2023-04-01,Apr 2023,North,Tocantins,XBB.1.5.* (Omicron),4
2023-04-01,Apr 2023,Southeast,Espírito Santo,EG.5.* (Omicron),1
2023-04-01,Apr 2023,Southeast,Espírito Santo,FE.1.* (Omicron),37
2023-04-01,Apr 2023,Southeast,Espírito Santo,Others,11
2023-04-01,Apr 2023,Southeast,Espírito Santo,XBB.1.5.* (Omicron),46
2023-04-01,Apr 2023,Southeast,Espírito Santo,XBB.1.5.70.*+GK.* (Omicron),3
2023-04-01,Apr 2023,Southeast,Minas Gerais,FE.1.* (Omicron),22
2023-04-01,Apr 2023,Southeast,Minas Gerais,Others,25
2023-04-01,Apr 2023,Southeast,Minas Gerais,XBB.1.5.* (Omicron),24
2023-04-01,Apr 2023,Southeast,Rio de Janeiro,FE.1.* (Omicron),3
2023-04-01,Apr 2023,Southeast,Rio de Janeiro,Others,11
2023-04-01,Apr 2023,Southeast,Rio de Janeiro,XBB.1.5.* (Omicron),18
2023-04-01,Apr 2023,Southeast,São Paulo,FE.1.* (Omicron),37
2023-04-01,Apr 2023,Southeast,São Paulo,Others,26
2023-04-01,Apr 2023,Southeast,São Paulo,XBB.1.5.* (Omicron),33
2023-04-01,Apr 2023,Southeast,São Paulo,XBB.1.5.70.*+GK.* (Omicron),2
2023-04-01,Apr 2023,South,Paraná,FE.1.* (Omicron),10
2023-04-01,Apr 2023,South,Paraná,Others,16
2023-04-01,Apr 2023,South,Paraná,XBB.1.5.* (Omicron),24
2023-04-01,Apr 2023,South,Rio Grande do Sul,FE.1.* (Omicron),30
2023-04-01,Apr 2023,South,Rio Grande do Sul,Others,75
2023-04-01,Apr 2023,South,Rio Grande do Sul,XBB.1.5.* (Omicron),127
2023-04-01,Apr 2023,South,Rio Grande do Sul,XBB.1.5.70.*+GK.* (Omicron),2
2023-04-01,Apr 2023,South,Santa Catarina,FE.1.* (Omicron),25
2023-04-01,Apr 2023,South,Santa Catarina,HA.1.* (Omicron),2
2023-04-01,Apr 2023,South,Santa Catarina,Others,27
2023-04-01,Apr 2023,South,Santa Catarina,XBB.1.5.* (Omicron),46
2023-05-01,May 2023,Central-west,Distrito Federal,FE.1.* (Omicron),8
2023-05-01,May 2023,Central-west,Distrito Federal,Others,33
2023-05-01,May 2023,Central-west,Distrito Federal,XBB.1.5.* (Omicron),3
2023-05-01,May 2023,Central-west,Distrito Federal,XBB.1.5.70.*+GK.* (Omicron),1
2023-05-01,May 2023,Central-west,Goiás,FE.1.* (Omicron),17
2023-05-01,May 2023,Central-west,Goiás,Others,25
2023-05-01,May 2023,Central-west,Goiás,XBB.1.5.* (Omicron),7
2023-05-01,May 2023,Central-west,Goiás,XBB.1.5.70.*+GK.* (Omicron),6
2023-05-01,May 2023,Central-west,Mato Grosso,FE.1.* (Omicron),10
2023-05-01,May 2023,Central-west,Mato Grosso,HA.1.* (Omicron),1
2023-05-01,May 2023,Central-west,Mato Grosso,Others,9
2023-05-01,May 2023,Central-west,Mato Grosso,XBB.1.5.* (Omicron),5
2023-05-01,May 2023,Central-west,Mato Grosso,XBB.1.5.70.*+GK.* (Omicron),3
2023-05-01,May 2023,Central-west,Mato Grosso do Sul,FE.1.* (Omicron),18
2023-05-01,May 2023,Central-west,Mato Grosso do Sul,Others,9
2023-05-01,May 2023,Central-west,Mato Grosso do Sul,XBB.1.5.* (Omicron),8
2023-05-01,May 2023,Central-west,Mato Grosso do Sul,XBB.1.5.70.*+GK.* (Omicron),3
2023-05-01,May 2023,Northeast,Alagoas,FE.1.* (Omicron),45
2023-05-01,May 2023,Northeast,Alagoas,Others,17
2023-05-01,May 2023,Northeast,Alagoas,XBB.1.5.* (Omicron),20
2023-05-01,May 2023,Northeast,Alagoas,XBB.1.5.70.*+GK.* (Omicron),5
2023-05-01,May 2023,Northeast,Bahia,FE.1.* (Omicron),105
2023-05-01,May 2023,Northeast,Bahia,Others,2
2023-05-01,May 2023,Northeast,Bahia,XBB.1.5.* (Omicron),8
2023-05-01,May 2023,Northeast,Bahia,XBB.1.5.70.*+GK.* (Omicron),5
2023-05-01,May 2023,Northeast,Ceará,FE.1.* (Omicron),2
2023-05-01,May 2023,Northeast,Ceará,XBB.1.5.* (Omicron),1
2023-05-01,May 2023,Northeast,Ceará,XBB.1.5.70.*+GK.* (Omicron),20
2023-05-01,May 2023,Northeast,Maranhão,FE.1.* (Omicron),20
2023-05-01,May 2023,Northeast,Maranhão,Others,7
2023-05-01,May 2023,Northeast,Maranhão,XBB.1.5.* (Omicron),2
2023-05-01,May 2023,Northeast,Maranhão,XBB.1.5.70.*+GK.* (Omicron),5
2023-05-01,May 2023,Northeast,Paraíba,FE.1.* (Omicron),32
2023-05-01,May 2023,Northeast,Paraíba,Others,18
2023-05-01,May 2023,Northeast,Paraíba,XBB.1.5.* (Omicron),21
2023-05-01,May 2023,Northeast,Paraíba,XBB.1.5.70.*+GK.* (Omicron),14
2023-05-01,May 2023,Northeast,Pernambuco,FE.1.* (Omicron),25
2023-05-01,May 2023,Northeast,Pernambuco,Others,19
2023-05-01,May 2023,Northeast,Pernambuco,XBB.1.5.* (Omicron),6
2023-05-01,May 2023,Northeast,Pernambuco,XBB.1.5.70.*+GK.* (Omicron),6
2023-05-01,May 2023,Northeast,Rio Grande do Norte,FE.1.* (Omicron),6
2023-05-01,May 2023,Northeast,Rio Grande do Norte,Others,14
2023-05-01,May 2023,Northeast,Rio Grande do Norte,XBB.1.5.* (Omicron),4
2023-05-01,May 2023,Northeast,Rio Grande do Norte,XBB.1.5.70.*+GK.* (Omicron),2
2023-05-01,May 2023,Northeast,Sergipe,FE.1.* (Omicron),8
2023-05-01,May 2023,Northeast,Sergipe,Others,6
2023-05-01,May 2023,Northeast,Sergipe,XBB.1.5.* (Omicron),3
2023-05-01,May 2023,Northeast,Sergipe,XBB.1.5.70.*+GK.* (Omicron),3
2023-05-01,May 2023,North,Acre,FE.1.* (Omicron),2
2023-05-01,May 2023,North,Acre,Others,1
2023-05-01,May 2023,North,Acre,XBB.1.5.* (Omicron),1
2023-05-01,May 2023,North,Amapá,FE.1.* (Omicron),2
2023-05-01,May 2023,North,Amapá,Others,7
2023-05-01,May 2023,North,Amapá,XBB.1.5.* (Omicron),1
2023-05-01,May 2023,North,Amazonas,Others,9
2023-05-01,May 2023,North,Amazonas,XBB.1.5.* (Omicron),6
2023-05-01,May 2023,North,Amazonas,XBB.1.5.70.*+GK.* (Omicron),1
2023-05-01,May 2023,North,Pará,FE.1.* (Omicron),3
2023-05-01,May 2023,North,Pará,JD.1.* (Omicron),3
2023-05-01,May 2023,North,Pará,Others,3
2023-05-01,May 2023,North,Pará,XBB.1.5.* (Omicron),4
2023-05-01,May 2023,North,Pará,XBB.1.5.70.*+GK.* (Omicron),3
2023-05-01,May 2023,North,Rondônia,FE.1.* (Omicron),1
2023-05-01,May 2023,North,Rondônia,Others,7
2023-05-01,May 2023,North,Rondônia,XBB.1.5.* (Omicron),9
2023-05-01,May 2023,North,Rondônia,XBB.1.5.70.*+GK.* (Omicron),10
2023-05-01,May 2023,North,Roraima,FE.1.* (Omicron),1
2023-05-01,May 2023,North,Roraima,Others,3
2023-05-01,May 2023,North,Roraima,XBB.1.5.* (Omicron),2
2023-05-01,May 2023,North,Tocantins,FE.1.* (Omicron),20
2023-05-01,May 2023,North,Tocantins,JD.1.* (Omicron),6
2023-05-01,May 2023,North,Tocantins,Others,52
2023-05-01,May 2023,North,Tocantins,XBB.1.5.* (Omicron),4
2023-05-01,May 2023,North,Tocantins,XBB.1.5.70.*+GK.* (Omicron),1
2023-05-01,May 2023,Southeast,Espírito Santo,FE.1.* (Omicron),40
2023-05-01,May 2023,Southeast,Espírito Santo,Others,9
2023-05-01,May 2023,Southeast,Espírito Santo,XBB.1.5.* (Omicron),25
2023-05-01,May 2023,Southeast,Espírito Santo,XBB.1.5.70.*+GK.* (Omicron),1
2023-05-01,May 2023,Southeast,Minas Gerais,FE.1.* (Omicron),41
2023-05-01,May 2023,Southeast,Minas Gerais,HA.1.* (Omicron),2
2023-05-01,May 2023,Southeast,Minas Gerais,JD.1.* (Omicron),1
2023-05-01,May 2023,Southeast,Minas Gerais,Others,33
2023-05-01,May 2023,Southeast,Minas Gerais,XBB.1.5.* (Omicron),22
2023-05-01,May 2023,Southeast,Minas Gerais,XBB.1.5.70.*+GK.* (Omicron),1
2023-05-01,May 2023,Southeast,Rio de Janeiro,Others,6
2023-05-01,May 2023,Southeast,Rio de Janeiro,XBB.1.5.* (Omicron),2
2023-05-01,May 2023,Southeast,Rio de Janeiro,XBB.1.5.70.*+GK.* (Omicron),1
2023-05-01,May 2023,Southeast,São Paulo,FE.1.* (Omicron),36
2023-05-01,May 2023,Southeast,São Paulo,Others,21
2023-05-01,May 2023,Southeast,São Paulo,XBB.1.5.* (Omicron),11
2023-05-01,May 2023,Southeast,São Paulo,XBB.1.5.70.*+GK.* (Omicron),3
2023-05-01,May 2023,South,Paraná,FE.1.* (Omicron),23
2023-05-01,May 2023,South,Paraná,Others,13
2023-05-01,May 2023,South,Paraná,XBB.1.5.* (Omicron),20
2023-05-01,May 2023,South,Paraná,XBB.1.5.70.*+GK.* (Omicron),2
2023-05-01,May 2023,South,Rio Grande do Sul,FE.1.* (Omicron),18
2023-05-01,May 2023,South,Rio Grande do Sul,Others,30
2023-05-01,May 2023,South,Rio Grande do Sul,XBB.1.5.* (Omicron),38
2023-05-01,May 2023,South,Rio Grande do Sul,XBB.1.5.70.*+GK.* (Omicron),3
2023-05-01,May 2023,South,Santa Catarina,FE.1.* (Omicron),18
2023-05-01,May 2023,South,Santa Catarina,HA.1.* (Omicron),4
2023-05-01,May 2023,South,Santa Catarina,Others,19
2023-05-01,May 2023,South,Santa Catarina,XBB.1.5.* (Omicron),14
2023-05-01,May 2023,South,Santa Catarina,XBB.1.5.70.*+GK.* (Omicron),5
2023-06-01,Jun 2023,Central-west,Distrito Federal,FE.1.* (Omicron),9
2023-06-01,Jun 2023,Central-west,Distrito Federal,Others,12
2023-06-01,Jun 2023,Central-west,Distrito Federal,XBB.1.5.70.*+GK.* (Omicron),9
2023-06-01,Jun 2023,Central-west,Goiás,FE.1.* (Omicron),20
2023-06-01,Jun 2023,Central-west,Goiás,JD.1.* (Omicron),1
2023-06-01,Jun 2023,Central-west,Goiás,Others,16
2023-06-01,Jun 2023,Central-west,Goiás,XBB.1.5.* (Omicron),10
2023-06-01,Jun 2023,Central-west,Goiás,XBB.1.5.70.*+GK.* (Omicron),25
2023-06-01,Jun 2023,Central-west,Mato Grosso,FE.1.* (Omicron),19
2023-06-01,Jun 2023,Central-west,Mato Grosso,HA.1.* (Omicron),4
2023-06-01,Jun 2023,Central-west,Mato Grosso,Others,8
2023-06-01,Jun 2023,Central-west,Mato Grosso,XBB.1.5.* (Omicron),12
2023-06-01,Jun 2023,Central-west,Mato Grosso,XBB.1.5.70.*+GK.* (Omicron),12
2023-06-01,Jun 2023,Central-west,Mato Grosso do Sul,FE.1.* (Omicron),21
2023-06-01,Jun 2023,Central-west,Mato Grosso do Sul,Others,5
2023-06-01,Jun 2023,Central-west,Mato Grosso do Sul,XBB.1.5.* (Omicron),1
2023-06-01,Jun 2023,Central-west,Mato Grosso do Sul,XBB.1.5.70.*+GK.* (Omicron),4
2023-06-01,Jun 2023,Northeast,Alagoas,FE.1.* (Omicron),23
2023-06-01,Jun 2023,Northeast,Alagoas,Others,5
2023-06-01,Jun 2023,Northeast,Alagoas,XBB.1.5.* (Omicron),5
2023-06-01,Jun 2023,Northeast,Alagoas,XBB.1.5.70.*+GK.* (Omicron),4
2023-06-01,Jun 2023,Northeast,Bahia,FE.1.* (Omicron),70
2023-06-01,Jun 2023,Northeast,Bahia,Others,4
2023-06-01,Jun 2023,Northeast,Bahia,XBB.1.5.* (Omicron),5
2023-06-01,Jun 2023,Northeast,Bahia,XBB.1.5.70.*+GK.* (Omicron),14
2023-06-01,Jun 2023,Northeast,Maranhão,FE.1.* (Omicron),4
2023-06-01,Jun 2023,Northeast,Maranhão,XBB.1.5.70.*+GK.* (Omicron),1
2023-06-01,Jun 2023,Northeast,Paraíba,FE.1.* (Omicron),43
2023-06-01,Jun 2023,Northeast,Paraíba,Others,13
2023-06-01,Jun 2023,Northeast,Paraíba,XBB.1.5.* (Omicron),7
2023-06-01,Jun 2023,Northeast,Paraíba,XBB.1.5.70.*+GK.* (Omicron),24
2023-06-01,Jun 2023,Northeast,Pernambuco,FE.1.* (Omicron),17
2023-06-01,Jun 2023,Northeast,Pernambuco,Others,7
2023-06-01,Jun 2023,Northeast,Pernambuco,XBB.1.5.* (Omicron),4
2023-06-01,Jun 2023,Northeast,Pernambuco,XBB.1.5.70.*+GK.* (Omicron),14
2023-06-01,Jun 2023,Northeast,Rio Grande do Norte,FE.1.* (Omicron),6
2023-06-01,Jun 2023,Northeast,Rio Grande do Norte,JD.1.* (Omicron),2
2023-06-01,Jun 2023,Northeast,Rio Grande do Norte,Others,4
2023-06-01,Jun 2023,Northeast,Rio Grande do Norte,XBB.1.5.* (Omicron),1
2023-06-01,Jun 2023,Northeast,Rio Grande do Norte,XBB.1.5.70.*+GK.* (Omicron),9
2023-06-01,Jun 2023,Northeast,Sergipe,FE.1.* (Omicron),3
2023-06-01,Jun 2023,Northeast,Sergipe,Others,1
2023-06-01,Jun 2023,Northeast,Sergipe,XBB.1.5.* (Omicron),1
2023-06-01,Jun 2023,Northeast,Sergipe,XBB.1.5.70.*+GK.* (Omicron),2
2023-06-01,Jun 2023,North,Acre,XBB.1.5.* (Omicron),1
2023-06-01,Jun 2023,North,Acre,XBB.1.5.70.*+GK.* (Omicron),2
2023-06-01,Jun 2023,North,Amapá,FE.1.* (Omicron),10
2023-06-01,Jun 2023,North,Amapá,JD.1.* (Omicron),1
2023-06-01,Jun 2023,North,Amapá,Others,7
2023-06-01,Jun 2023,North,Amapá,XBB.1.5.* (Omicron),3
2023-06-01,Jun 2023,North,Amazonas,FE.1.* (Omicron),2
2023-06-01,Jun 2023,North,Amazonas,Others,7
2023-06-01,Jun 2023,North,Amazonas,XBB.1.5.* (Omicron),6
2023-06-01,Jun 2023,North,Amazonas,XBB.1.5.70.*+GK.* (Omicron),10
2023-06-01,Jun 2023,North,Pará,FE.1.* (Omicron),3
2023-06-01,Jun 2023,North,Pará,JD.1.* (Omicron),19
2023-06-01,Jun 2023,North,Pará,Others,2
2023-06-01,Jun 2023,North,Pará,XBB.1.5.* (Omicron),1
2023-06-01,Jun 2023,North,Pará,XBB.1.5.70.*+GK.* (Omicron),5
2023-06-01,Jun 2023,North,Rondônia,FE.1.* (Omicron),8
2023-06-01,Jun 2023,North,Rondônia,Others,1
2023-06-01,Jun 2023,North,Rondônia,XBB.1.5.* (Omicron),10
2023-06-01,Jun 2023,North,Rondônia,XBB.1.5.70.*+GK.* (Omicron),22
2023-06-01,Jun 2023,North,Roraima,FE.1.* (Omicron),1
2023-06-01,Jun 2023,North,Roraima,Others,2
2023-06-01,Jun 2023,North,Roraima,XBB.1.5.* (Omicron),1
2023-06-01,Jun 2023,North,Tocantins,FE.1.* (Omicron),10
2023-06-01,Jun 2023,North,Tocantins,JD.1.* (Omicron),15
2023-06-01,Jun 2023,North,Tocantins,Others,24
2023-06-01,Jun 2023,North,Tocantins,XBB.1.5.* (Omicron),7
2023-06-01,Jun 2023,North,Tocantins,XBB.1.5.70.*+GK.* (Omicron),4
2023-06-01,Jun 2023,Southeast,Espírito Santo,FE.1.* (Omicron),23
2023-06-01,Jun 2023,Southeast,Espírito Santo,HA.1.* (Omicron),2
2023-06-01,Jun 2023,Southeast,Espírito Santo,Others,6
2023-06-01,Jun 2023,Southeast,Espírito Santo,XBB.1.5.* (Omicron),8
2023-06-01,Jun 2023,Southeast,Espírito Santo,XBB.1.5.70.*+GK.* (Omicron),6
2023-06-01,Jun 2023,Southeast,Minas Gerais,FE.1.* (Omicron),25
2023-06-01,Jun 2023,Southeast,Minas Gerais,JD.1.* (Omicron),3
2023-06-01,Jun 2023,Southeast,Minas Gerais,Others,26
2023-06-01,Jun 2023,Southeast,Minas Gerais,XBB.1.5.* (Omicron),11
2023-06-01,Jun 2023,Southeast,Minas Gerais,XBB.1.5.70.*+GK.* (Omicron),8
2023-06-01,Jun 2023,Southeast,Rio de Janeiro,FE.1.* (Omicron),6
2023-06-01,Jun 2023,Southeast,Rio de Janeiro,Others,2
2023-06-01,Jun 2023,Southeast,Rio de Janeiro,XBB.1.5.* (Omicron),2
2023-06-01,Jun 2023,Southeast,Rio de Janeiro,XBB.1.5.70.*+GK.* (Omicron),2
2023-06-01,Jun 2023,Southeast,São Paulo,FE.1.* (Omicron),18
2023-06-01,Jun 2023,Southeast,São Paulo,HA.1.* (Omicron),2
2023-06-01,Jun 2023,Southeast,São Paulo,Others,6
2023-06-01,Jun 2023,Southeast,São Paulo,XBB.1.5.* (Omicron),4
2023-06-01,Jun 2023,Southeast,São Paulo,XBB.1.5.70.*+GK.* (Omicron),10
2023-06-01,Jun 2023,South,Paraná,FE.1.* (Omicron),2
2023-06-01,Jun 2023,South,Paraná,XBB.1.5.* (Omicron),1
2023-06-01,Jun 2023,South,Paraná,XBB.1.5.70.*+GK.* (Omicron),1
2023-06-01,Jun 2023,South,Rio Grande do Sul,FE.1.* (Omicron),8
2023-06-01,Jun 2023,South,Rio Grande do Sul,Others,14
2023-06-01,Jun 2023,South,Rio Grande do Sul,XBB.1.5.* (Omicron),4
2023-06-01,Jun 2023,South,Rio Grande do Sul,XBB.1.5.70.*+GK.* (Omicron),4
2023-06-01,Jun 2023,South,Santa Catarina,FE.1.* (Omicron),34
2023-06-01,Jun 2023,South,Santa Catarina,HA.1.* (Omicron),6
2023-06-01,Jun 2023,South,Santa Catarina,JD.1.* (Omicron),2
2023-06-01,Jun 2023,South,Santa Catarina,Others,19
2023-06-01,Jun 2023,South,Santa Catarina,XBB.1.5.* (Omicron),3
2023-06-01,Jun 2023,South,Santa Catarina,XBB.1.5.70.*+GK.* (Omicron),6
2023-07-01,Jul 2023,Central-west,Distrito Federal,FE.1.* (Omicron),3
2023-07-01,Jul 2023,Central-west,Distrito Federal,Others,8
2023-07-01,Jul 2023,Central-west,Distrito Federal,XBB.1.5.70.*+GK.* (Omicron),8
2023-07-01,Jul 2023,Central-west,Goiás,FE.1.* (Omicron),5
2023-07-01,Jul 2023,Central-west,Goiás,JD.1.* (Omicron),1
2023-07-01,Jul 2023,Central-west,Goiás,Others,3
2023-07-01,Jul 2023,Central-west,Goiás,XBB.1.5.* (Omicron),2
2023-07-01,Jul 2023,Central-west,Goiás,XBB.1.5.70.*+GK.* (Omicron),11
2023-07-01,Jul 2023,Central-west,Mato Grosso,FE.1.* (Omicron),3
2023-07-01,Jul 2023,Central-west,Mato Grosso,HA.1.* (Omicron),1
2023-07-01,Jul 2023,Central-west,Mato Grosso,JD.1.* (Omicron),3
2023-07-01,Jul 2023,Central-west,Mato Grosso,Others,1
2023-07-01,Jul 2023,Central-west,Mato Grosso,XBB.1.5.* (Omicron),1
2023-07-01,Jul 2023,Central-west,Mato Grosso,XBB.1.5.70.*+GK.* (Omicron),12
2023-07-01,Jul 2023,Central-west,Mato Grosso do Sul,FE.1.* (Omicron),9
2023-07-01,Jul 2023,Central-west,Mato Grosso do Sul,Others,1
2023-07-01,Jul 2023,Central-west,Mato Grosso do Sul,XBB.1.5.* (Omicron),1
2023-07-01,Jul 2023,Central-west,Mato Grosso do Sul,XBB.1.5.70.*+GK.* (Omicron),2
2023-07-01,Jul 2023,Northeast,Alagoas,EG.5.* (Omicron),1
2023-07-01,Jul 2023,Northeast,Alagoas,FE.1.* (Omicron),4
2023-07-01,Jul 2023,Northeast,Alagoas,Others,1
2023-07-01,Jul 2023,Northeast,Bahia,FE.1.* (Omicron),25
2023-07-01,Jul 2023,Northeast,Bahia,JD.1.* (Omicron),1
2023-07-01,Jul 2023,Northeast,Bahia,Others,4
2023-07-01,Jul 2023,Northeast,Bahia,XBB.1.5.* (Omicron),2
2023-07-01,Jul 2023,Northeast,Bahia,XBB.1.5.70.*+GK.* (Omicron),16
2023-07-01,Jul 2023,Northeast,Maranhão,JD.1.* (Omicron),1
2023-07-01,Jul 2023,Northeast,Maranhão,XBB.1.5.70.*+GK.* (Omicron),1
2023-07-01,Jul 2023,Northeast,Paraíba,FE.1.* (Omicron),9
2023-07-01,Jul 2023,Northeast,Paraíba,Others,1
2023-07-01,Jul 2023,Northeast,Paraíba,XBB.1.5.70.*+GK.* (Omicron),11
2023-07-01,Jul 2023,Northeast,Pernambuco,FE.1.* (Omicron),3
2023-07-01,Jul 2023,Northeast,Pernambuco,Others,1
2023-07-01,Jul 2023,Northeast,Pernambuco,XBB.1.5.* (Omicron),1
2023-07-01,Jul 2023,Northeast,Pernambuco,XBB.1.5.70.*+GK.* (Omicron),3
2023-07-01,Jul 2023,Northeast,Sergipe,FE.1.* (Omicron),1
2023-07-01,Jul 2023,North,Amapá,FE.1.* (Omicron),6
2023-07-01,Jul 2023,North,Amapá,JD.1.* (Omicron),2
2023-07-01,Jul 2023,North,Amapá,Others,2
2023-07-01,Jul 2023,North,Amapá,XBB.1.5.70.*+GK.* (Omicron),2
2023-07-01,Jul 2023,North,Amazonas,Others,10
2023-07-01,Jul 2023,North,Amazonas,XBB.1.5.* (Omicron),1
2023-07-01,Jul 2023,North,Amazonas,XBB.1.5.70.*+GK.* (Omicron),11
2023-07-01,Jul 2023,North,Pará,FE.1.* (Omicron),1
2023-07-01,Jul 2023,North,Pará,JD.1.* (Omicron),18
2023-07-01,Jul 2023,North,Pará,Others,1
2023-07-01,Jul 2023,North,Pará,XBB.1.5.70.*+GK.* (Omicron),5
2023-07-01,Jul 2023,North,Rondônia,FE.1.* (Omicron),2
2023-07-01,Jul 2023,North,Rondônia,XBB.1.5.70.*+GK.* (Omicron),2
2023-07-01,Jul 2023,North,Tocantins,JD.1.* (Omicron),6
2023-07-01,Jul 2023,North,Tocantins,Others,4
2023-07-01,Jul 2023,North,Tocantins,XBB.1.5.* (Omicron),1
2023-07-01,Jul 2023,Southeast,Espírito Santo,FE.1.* (Omicron),9
2023-07-01,Jul 2023,Southeast,Espírito Santo,Others,7
2023-07-01,Jul 2023,Southeast,Espírito Santo,XBB.1.5.70.*+GK.* (Omicron),3
2023-07-01,Jul 2023,Southeast,Minas Gerais,FE.1.* (Omicron),24
2023-07-01,Jul 2023,Southeast,Minas Gerais,HA.1.* (Omicron),1
2023-07-01,Jul 2023,Southeast,Minas Gerais,JD.1.* (Omicron),2
2023-07-01,Jul 2023,Southeast,Minas Gerais,Others,14
2023-07-01,Jul 2023,Southeast,Minas Gerais,XBB.1.5.* (Omicron),6
2023-07-01,Jul 2023,Southeast,Minas Gerais,XBB.1.5.70.*+GK.* (Omicron),24
2023-07-01,Jul 2023,Southeast,Rio de Janeiro,EG.5.* (Omicron),1
2023-07-01,Jul 2023,Southeast,Rio de Janeiro,FE.1.* (Omicron),1
2023-07-01,Jul 2023,Southeast,Rio de Janeiro,HA.1.* (Omicron),1
2023-07-01,Jul 2023,Southeast,Rio de Janeiro,Others,6
2023-07-01,Jul 2023,Southeast,Rio de Janeiro,XBB.1.5.70.*+GK.* (Omicron),4
2023-07-01,Jul 2023,Southeast,São Paulo,FE.1.* (Omicron),20
2023-07-01,Jul 2023,Southeast,São Paulo,HA.1.* (Omicron),1
2023-07-01,Jul 2023,Southeast,São Paulo,Others,5
2023-07-01,Jul 2023,Southeast,São Paulo,XBB.1.5.70.*+GK.* (Omicron),8
2023-07-01,Jul 2023,South,Paraná,FE.1.* (Omicron),2
2023-07-01,Jul 2023,South,Paraná,Others,2
2023-07-01,Jul 2023,South,Paraná,XBB.1.5.70.*+GK.* (Omicron),2
2023-07-01,Jul 2023,South,Rio Grande do Sul,FE.1.* (Omicron),9
2023-07-01,Jul 2023,South,Rio Grande do Sul,JD.1.* (Omicron),3
2023-07-01,Jul 2023,South,Rio Grande do Sul,Others,6
2023-07-01,Jul 2023,South,Rio Grande do Sul,XBB.1.5.* (Omicron),10
2023-07-01,Jul 2023,South,Rio Grande do Sul,XBB.1.5.70.*+GK.* (Omicron),7
2023-07-01,Jul 2023,South,Santa Catarina,EG.5.* (Omicron),1
2023-07-01,Jul 2023,South,Santa Catarina,FE.1.* (Omicron),12
2023-07-01,Jul 2023,South,Santa Catarina,HA.1.* (Omicron),2
2023-07-01,Jul 2023,South,Santa Catarina,JD.1.* (Omicron),1
2023-07-01,Jul 2023,South,Santa Catarina,Others,2
2023-07-01,Jul 2023,South,Santa Catarina,XBB.1.5.* (Omicron),4
2023-07-01,Jul 2023,South,Santa Catarina,XBB.1.5.70.*+GK.* (Omicron),7
2023-08-01,Aug 2023,Central-west,Distrito Federal,EG.5.* (Omicron),1
2023-08-01,Aug 2023,Central-west,Goiás,FE.1.* (Omicron),4
2023-08-01,Aug 2023,Central-west,Goiás,JD.1.* (Omicron),54
2023-08-01,Aug 2023,Central-west,Goiás,Others,4
2023-08-01,Aug 2023,Central-west,Goiás,XBB.1.5.* (Omicron),2
2023-08-01,Aug 2023,Central-west,Goiás,XBB.1.5.70.*+GK.* (Omicron),34
2023-08-01,Aug 2023,Central-west,Mato Grosso,FE.1.* (Omicron),1
2023-08-01,Aug 2023,Central-west,Mato Grosso,HA.1.* (Omicron),1
2023-08-01,Aug 2023,Central-west,Mato Grosso,JD.1.* (Omicron),5
2023-08-01,Aug 2023,Central-west,Mato Grosso,XBB.1.5.70.*+GK.* (Omicron),5
2023-08-01,Aug 2023,Central-west,Mato Grosso do Sul,FE.1.* (Omicron),5
2023-08-01,Aug 2023,Central-west,Mato Grosso do Sul,JD.1.* (Omicron),2
2023-08-01,Aug 2023,Central-west,Mato Grosso do Sul,Others,3
2023-08-01,Aug 2023,Central-west,Mato Grosso do Sul,XBB.1.5.70.*+GK.* (Omicron),8
2023-08-01,Aug 2023,Northeast,Bahia,HA.1.* (Omicron),1
2023-08-01,Aug 2023,Northeast,Bahia,JD.1.* (Omicron),1
2023-08-01,Aug 2023,Northeast,Bahia,Others,4
2023-08-01,Aug 2023,Northeast,Bahia,XBB.1.5.70.*+GK.* (Omicron),5
2023-08-01,Aug 2023,Northeast,Paraíba,EG.5.* (Omicron),1
2023-08-01,Aug 2023,Northeast,Paraíba,FE.1.* (Omicron),1
2023-08-01,Aug 2023,Northeast,Paraíba,Others,1
2023-08-01,Aug 2023,Northeast,Paraíba,XBB.1.5.70.*+GK.* (Omicron),2
2023-08-01,Aug 2023,Northeast,Pernambuco,Others,1
2023-08-01,Aug 2023,Northeast,Pernambuco,XBB.1.5.70.*+GK.* (Omicron),3
2023-08-01,Aug 2023,North,Acre,Others,1
2023-08-01,Aug 2023,North,Amapá,FE.1.* (Omicron),6
2023-08-01,Aug 2023,North,Amapá,JD.1.* (Omicron),5
2023-08-01,Aug 2023,North,Amapá,XBB.1.5.70.*+GK.* (Omicron),4
2023-08-01,Aug 2023,North,Amazonas,JD.1.* (Omicron),1
2023-08-01,Aug 2023,North,Amazonas,Others,5
2023-08-01,Aug 2023,North,Amazonas,XBB.1.5.* (Omicron),2
2023-08-01,Aug 2023,North,Amazonas,XBB.1.5.70.*+GK.* (Omicron),18
2023-08-01,Aug 2023,North,Pará,FE.1.* (Omicron),1
2023-08-01,Aug 2023,North,Pará,JD.1.* (Omicron),5
2023-08-01,Aug 2023,North,Pará,XBB.1.5.70.*+GK.* (Omicron),1
2023-08-01,Aug 2023,North,Rondônia,JD.1.* (Omicron),1
2023-08-01,Aug 2023,North,Rondônia,XBB.1.5.70.*+GK.* (Omicron),4
2023-08-01,Aug 2023,North,Roraima,Others,2
2023-08-01,Aug 2023,North,Roraima,XBB.1.5.70.*+GK.* (Omicron),6
2023-08-01,Aug 2023,North,Tocantins,JD.1.* (Omicron),4
2023-08-01,Aug 2023,North,Tocantins,Others,3
2023-08-01,Aug 2023,North,Tocantins,XBB.1.5.* (Omicron),2
2023-08-01,Aug 2023,North,Tocantins,XBB.1.5.70.*+GK.* (Omicron),2
2023-08-01,Aug 2023,Southeast,Espírito Santo,FE.1.* (Omicron),4
2023-08-01,Aug 2023,Southeast,Espírito Santo,JD.1.* (Omicron),2
2023-08-01,Aug 2023,Southeast,Espírito Santo,Others,5
2023-08-01,Aug 2023,Southeast,Espírito Santo,XBB.1.5.* (Omicron),1
2023-08-01,Aug 2023,Southeast,Espírito Santo,XBB.1.5.70.*+GK.* (Omicron),10
2023-08-01,Aug 2023,Southeast,Minas Gerais,EG.5.* (Omicron),2
2023-08-01,Aug 2023,Southeast,Minas Gerais,FE.1.* (Omicron),17
2023-08-01,Aug 2023,Southeast,Minas Gerais,JD.1.* (Omicron),10
2023-08-01,Aug 2023,Southeast,Minas Gerais,Others,16
2023-08-01,Aug 2023,Southeast,Minas Gerais,XBB.1.5.* (Omicron),12
2023-08-01,Aug 2023,Southeast,Minas Gerais,XBB.1.5.70.*+GK.* (Omicron),55
2023-08-01,Aug 2023,Southeast,Rio de Janeiro,EG.5.* (Omicron),9
2023-08-01,Aug 2023,Southeast,Rio de Janeiro,FE.1.* (Omicron),22
2023-08-01,Aug 2023,Southeast,Rio de Janeiro,HA.1.* (Omicron),2
2023-08-01,Aug 2023,Southeast,Rio de Janeiro,JD.1.* (Omicron),6
2023-08-01,Aug 2023,Southeast,Rio de Janeiro,Others,82
2023-08-01,Aug 2023,Southeast,Rio de Janeiro,XBB.1.5.* (Omicron),9
2023-08-01,Aug 2023,Southeast,Rio de Janeiro,XBB.1.5.70.*+GK.* (Omicron),60
2023-08-01,Aug 2023,Southeast,São Paulo,EG.5.* (Omicron),8
2023-08-01,Aug 2023,Southeast,São Paulo,FE.1.* (Omicron),25
2023-08-01,Aug 2023,Southeast,São Paulo,JD.1.* (Omicron),4
2023-08-01,Aug 2023,Southeast,São Paulo,Others,15
2023-08-01,Aug 2023,Southeast,São Paulo,XBB.1.5.* (Omicron),4
2023-08-01,Aug 2023,Southeast,São Paulo,XBB.1.5.70.*+GK.* (Omicron),80
2023-08-01,Aug 2023,South,Paraná,FE.1.* (Omicron),2
2023-08-01,Aug 2023,South,Paraná,Others,1
2023-08-01,Aug 2023,South,Paraná,XBB.1.5.* (Omicron),3
2023-08-01,Aug 2023,South,Paraná,XBB.1.5.70.*+GK.* (Omicron),9
2023-08-01,Aug 2023,South,Rio Grande do Sul,EG.5.* (Omicron),1
2023-08-01,Aug 2023,South,Rio Grande do Sul,FE.1.* (Omicron),7
2023-08-01,Aug 2023,South,Rio Grande do Sul,JD.1.* (Omicron),2
2023-08-01,Aug 2023,South,Rio Grande do Sul,Others,8
2023-08-01,Aug 2023,South,Rio Grande do Sul,XBB.1.5.* (Omicron),5
2023-08-01,Aug 2023,South,Rio Grande do Sul,XBB.1.5.70.*+GK.* (Omicron),29
2023-08-01,Aug 2023,South,Santa Catarina,FE.1.* (Omicron),10
2023-08-01,Aug 2023,South,Santa Catarina,HA.1.* (Omicron),2
2023-08-01,Aug 2023,South,Santa Catarina,JD.1.* (Omicron),11
2023-08-01,Aug 2023,South,Santa Catarina,Others,5
2023-08-01,Aug 2023,South,Santa Catarina,XBB.1.5.* (Omicron),2
2023-08-01,Aug 2023,South,Santa Catarina,XBB.1.5.70.*+GK.* (Omicron),24
2023-09-01,Sep 2023,Central-west,Goiás,FE.1.* (Omicron),4
2023-09-01,Sep 2023,Central-west,Goiás,JD.1.* (Omicron),134
2023-09-01,Sep 2023,Central-west,Goiás,XBB.1.5.70.*+GK.* (Omicron),18
2023-09-01,Sep 2023,Central-west,Mato Grosso,JD.1.* (Omicron),1
2023-09-01,Sep 2023,Central-west,Mato Grosso,XBB.1.5.70.*+GK.* (Omicron),3
2023-09-01,Sep 2023,Central-west,Mato Grosso do Sul,FE.1.* (Omicron),4
2023-09-01,Sep 2023,Central-west,Mato Grosso do Sul,HA.1.* (Omicron),1
2023-09-01,Sep 2023,Central-west,Mato Grosso do Sul,JD.1.* (Omicron),11
2023-09-01,Sep 2023,Central-west,Mato Grosso do Sul,XBB.1.5.* (Omicron),1
2023-09-01,Sep 2023,Central-west,Mato Grosso do Sul,XBB.1.5.70.*+GK.* (Omicron),16
2023-09-01,Sep 2023,Northeast,Alagoas,EG.5.* (Omicron),1
2023-09-01,Sep 2023,Northeast,Alagoas,JD.1.* (Omicron),1
2023-09-01,Sep 2023,Northeast,Alagoas,Others,1
2023-09-01,Sep 2023,Northeast,Alagoas,XBB.1.5.70.*+GK.* (Omicron),2
2023-09-01,Sep 2023,Northeast,Bahia,FE.1.* (Omicron),1
2023-09-01,Sep 2023,Northeast,Bahia,JD.1.* (Omicron),4
2023-09-01,Sep 2023,Northeast,Bahia,XBB.1.5.70.*+GK.* (Omicron),7
2023-09-01,Sep 2023,Northeast,Maranhão,JD.1.* (Omicron),2
2023-09-01,Sep 2023,Northeast,Maranhão,Others,1
2023-09-01,Sep 2023,Northeast,Paraíba,Others,2
2023-09-01,Sep 2023,Northeast,Paraíba,XBB.1.5.70.*+GK.* (Omicron),6
2023-09-01,Sep 2023,Northeast,Pernambuco,FE.1.* (Omicron),1
2023-09-01,Sep 2023,Northeast,Pernambuco,JD.1.* (Omicron),1
2023-09-01,Sep 2023,Northeast,Pernambuco,Others,2
2023-09-01,Sep 2023,Northeast,Pernambuco,XBB.1.5.70.*+GK.* (Omicron),2
2023-09-01,Sep 2023,North,Acre,JD.1.* (Omicron),3
2023-09-01,Sep 2023,North,Amapá,FE.1.* (Omicron),1
2023-09-01,Sep 2023,North,Amapá,JD.1.* (Omicron),5
2023-09-01,Sep 2023,North,Amapá,XBB.1.5.* (Omicron),1
2023-09-01,Sep 2023,North,Amazonas,Others,1
2023-09-01,Sep 2023,North,Amazonas,XBB.1.5.* (Omicron),3
2023-09-01,Sep 2023,North,Amazonas,XBB.1.5.70.*+GK.* (Omicron),23
2023-09-01,Sep 2023,North,Pará,JD.1.* (Omicron),6
2023-09-01,Sep 2023,North,Pará,Others,1
2023-09-01,Sep 2023,North,Pará,XBB.1.5.70.*+GK.* (Omicron),2
2023-09-01,Sep 2023,North,Rondônia,Others,1
2023-09-01,Sep 2023,North,Rondônia,XBB.1.5.70.*+GK.* (Omicron),1
2023-09-01,Sep 2023,North,Roraima,Others,2
2023-09-01,Sep 2023,North,Roraima,XBB.1.5.70.*+GK.* (Omicron),4
2023-09-01,Sep 2023,North,Tocantins,JD.1.* (Omicron),6
2023-09-01,Sep 2023,Southeast,Espírito Santo,EG.5.* (Omicron),5
2023-09-01,Sep 2023,Southeast,Espírito Santo,JD.1.* (Omicron),8
2023-09-01,Sep 2023,Southeast,Espírito Santo,Others,5
2023-09-01,Sep 2023,Southeast,Espírito Santo,XBB.1.5.* (Omicron),1
2023-09-01,Sep 2023,Southeast,Espírito Santo,XBB.1.5.70.*+GK.* (Omicron),34
2023-09-01,Sep 2023,Southeast,Minas Gerais,EG.5.* (Omicron),4
2023-09-01,Sep 2023,Southeast,Minas Gerais,FE.1.* (Omicron),3
2023-09-01,Sep 2023,Southeast,Minas Gerais,JD.1.* (Omicron),23
2023-09-01,Sep 2023,Southeast,Minas Gerais,Others,13
2023-09-01,Sep 2023,Southeast,Minas Gerais,XBB.1.5.* (Omicron),10
2023-09-01,Sep 2023,Southeast,Minas Gerais,XBB.1.5.70.*+GK.* (Omicron),72
2023-09-01,Sep 2023,Southeast,Rio de Janeiro,EG.5.* (Omicron),24
2023-09-01,Sep 2023,Southeast,Rio de Janeiro,FE.1.* (Omicron),18
2023-09-01,Sep 2023,Southeast,Rio de Janeiro,HA.1.* (Omicron),1
2023-09-01,Sep 2023,Southeast,Rio de Janeiro,JD.1.* (Omicron),52
2023-09-01,Sep 2023,Southeast,Rio de Janeiro,Others,249
2023-09-01,Sep 2023,Southeast,Rio de Janeiro,XBB.1.5.* (Omicron),31
2023-09-01,Sep 2023,Southeast,Rio de Janeiro,XBB.1.5.70.*+GK.* (Omicron),200
2023-09-01,Sep 2023,Southeast,São Paulo,EG.5.* (Omicron),11
2023-09-01,Sep 2023,Southeast,São Paulo,FE.1.* (Omicron),20
2023-09-01,Sep 2023,Southeast,São Paulo,HA.1.* (Omicron),2
2023-09-01,Sep 2023,Southeast,São Paulo,JD.1.* (Omicron),89
2023-09-01,Sep 2023,Southeast,São Paulo,JN.1.*+BA.2.86.* (Omicron),1
2023-09-01,Sep 2023,Southeast,São Paulo,Others,21
2023-09-01,Sep 2023,Southeast,São Paulo,XBB.1.5.* (Omicron),1
2023-09-01,Sep 2023,Southeast,São Paulo,XBB.1.5.70.*+GK.* (Omicron),186
2023-09-01,Sep 2023,South,Paraná,FE.1.* (Omicron),5
2023-09-01,Sep 2023,South,Paraná,JD.1.* (Omicron),6
2023-09-01,Sep 2023,South,Paraná,Others,12
2023-09-01,Sep 2023,South,Paraná,XBB.1.5.* (Omicron),4
2023-09-01,Sep 2023,South,Paraná,XBB.1.5.70.*+GK.* (Omicron),67
2023-09-01,Sep 2023,South,Rio Grande do Sul,EG.5.* (Omicron),2
2023-09-01,Sep 2023,South,Rio Grande do Sul,FE.1.* (Omicron),11
2023-09-01,Sep 2023,South,Rio Grande do Sul,JD.1.* (Omicron),22
2023-09-01,Sep 2023,South,Rio Grande do Sul,Others,13
2023-09-01,Sep 2023,South,Rio Grande do Sul,XBB.1.5.* (Omicron),3
2023-09-01,Sep 2023,South,Rio Grande do Sul,XBB.1.5.70.*+GK.* (Omicron),70
2023-09-01,Sep 2023,South,Santa Catarina,EG.5.* (Omicron),3
2023-09-01,Sep 2023,South,Santa Catarina,FE.1.* (Omicron),10
2023-09-01,Sep 2023,South,Santa Catarina,HA.1.* (Omicron),1
2023-09-01,Sep 2023,South,Santa Catarina,JD.1.* (Omicron),20
2023-09-01,Sep 2023,South,Santa Catarina,Others,10
2023-09-01,Sep 2023,South,Santa Catarina,XBB.1.5.* (Omicron),2
2023-09-01,Sep 2023,South,Santa Catarina,XBB.1.5.70.*+GK.* (Omicron),61
2023-10-01,Oct 2023,Central-west,Distrito Federal,JD.1.* (Omicron),34
2023-10-01,Oct 2023,Central-west,Distrito Federal,JN.1.*+BA.2.86.* (Omicron),1
2023-10-01,Oct 2023,Central-west,Distrito Federal,XBB.1.5.70.*+GK.* (Omicron),5
2023-10-01,Oct 2023,Central-west,Goiás,FE.1.* (Omicron),1
2023-10-01,Oct 2023,Central-west,Goiás,JD.1.* (Omicron),154
2023-10-01,Oct 2023,Central-west,Goiás,Others,1
2023-10-01,Oct 2023,Central-west,Goiás,XBB.1.5.70.*+GK.* (Omicron),18
2023-10-01,Oct 2023,Central-west,Mato Grosso,JD.1.* (Omicron),7
2023-10-01,Oct 2023,Central-west,Mato Grosso,Others,1
2023-10-01,Oct 2023,Central-west,Mato Grosso,XBB.1.5.70.*+GK.* (Omicron),1
2023-10-01,Oct 2023,Central-west,Mato Grosso do Sul,EG.5.* (Omicron),2
2023-10-01,Oct 2023,Central-west,Mato Grosso do Sul,FE.1.* (Omicron),1
2023-10-01,Oct 2023,Central-west,Mato Grosso do Sul,JD.1.* (Omicron),22
2023-10-01,Oct 2023,Central-west,Mato Grosso do Sul,JN.1.*+BA.2.86.* (Omicron),1
2023-10-01,Oct 2023,Central-west,Mato Grosso do Sul,Others,2
2023-10-01,Oct 2023,Central-west,Mato Grosso do Sul,XBB.1.5.* (Omicron),1
2023-10-01,Oct 2023,Central-west,Mato Grosso do Sul,XBB.1.5.70.*+GK.* (Omicron),24
2023-10-01,Oct 2023,Northeast,Alagoas,JD.1.* (Omicron),3
2023-10-01,Oct 2023,Northeast,Alagoas,XBB.1.5.70.*+GK.* (Omicron),5
2023-10-01,Oct 2023,Northeast,Bahia,JD.1.* (Omicron),55
2023-10-01,Oct 2023,Northeast,Bahia,Others,12
2023-10-01,Oct 2023,Northeast,Bahia,XBB.1.5.70.*+GK.* (Omicron),39
2023-10-01,Oct 2023,Northeast,Ceará,JD.1.* (Omicron),6
2023-10-01,Oct 2023,Northeast,Ceará,Others,1
2023-10-01,Oct 2023,Northeast,Maranhão,JD.1.* (Omicron),2
2023-10-01,Oct 2023,Northeast,Maranhão,Others,1
2023-10-01,Oct 2023,Northeast,Maranhão,XBB.1.5.70.*+GK.* (Omicron),1
2023-10-01,Oct 2023,Northeast,Paraíba,JD.1.* (Omicron),1
2023-10-01,Oct 2023,Northeast,Paraíba,JN.1.*+BA.2.86.* (Omicron),1
2023-10-01,Oct 2023,Northeast,Paraíba,XBB.1.5.70.*+GK.* (Omicron),5
2023-10-01,Oct 2023,Northeast,Pernambuco,JD.1.* (Omicron),3
2023-10-01,Oct 2023,Northeast,Pernambuco,XBB.1.5.70.*+GK.* (Omicron),4
2023-10-01,Oct 2023,Northeast,Rio Grande do Norte,JD.1.* (Omicron),2
2023-10-01,Oct 2023,Northeast,Rio Grande do Norte,XBB.1.5.70.*+GK.* (Omicron),9
2023-10-01,Oct 2023,Northeast,Sergipe,Others,1
2023-10-01,Oct 2023,North,Acre,JD.1.* (Omicron),23
2023-10-01,Oct 2023,North,Acre,XBB.1.5.70.*+GK.* (Omicron),2
2023-10-01,Oct 2023,North,Amapá,JD.1.* (Omicron),5
2023-10-01,Oct 2023,North,Amazonas,JD.1.* (Omicron),1
2023-10-01,Oct 2023,North,Amazonas,Others,1
2023-10-01,Oct 2023,North,Amazonas,XBB.1.5.70.*+GK.* (Omicron),22
2023-10-01,Oct 2023,North,Pará,JD.1.* (Omicron),6
2023-10-01,Oct 2023,North,Pará,Others,1
2023-10-01,Oct 2023,North,Pará,XBB.1.5.70.*+GK.* (Omicron),1
2023-10-01,Oct 2023,North,Rondônia,JD.1.* (Omicron),3
2023-10-01,Oct 2023,North,Roraima,XBB.1.5.* (Omicron),2
2023-10-01,Oct 2023,North,Tocantins,JD.1.* (Omicron),4
2023-10-01,Oct 2023,Southeast,Espírito Santo,FE.1.* (Omicron),1
2023-10-01,Oct 2023,Southeast,Espírito Santo,JD.1.* (Omicron),36
2023-10-01,Oct 2023,Southeast,Espírito Santo,Others,10
2023-10-01,Oct 2023,Southeast,Espírito Santo,XBB.1.5.* (Omicron),1
2023-10-01,Oct 2023,Southeast,Espírito Santo,XBB.1.5.70.*+GK.* (Omicron),47
2023-10-01,Oct 2023,Southeast,Minas Gerais,EG.5.* (Omicron),3
2023-10-01,Oct 2023,Southeast,Minas Gerais,FE.1.* (Omicron),1
2023-10-01,Oct 2023,Southeast,Minas Gerais,JD.1.* (Omicron),37
2023-10-01,Oct 2023,Southeast,Minas Gerais,Others,6
2023-10-01,Oct 2023,Southeast,Minas Gerais,XBB.1.5.* (Omicron),2
2023-10-01,Oct 2023,Southeast,Minas Gerais,XBB.1.5.70.*+GK.* (Omicron),38
2023-10-01,Oct 2023,Southeast,Rio de Janeiro,EG.5.* (Omicron),12
2023-10-01,Oct 2023,Southeast,Rio de Janeiro,JD.1.* (Omicron),59
2023-10-01,Oct 2023,Southeast,Rio de Janeiro,Others,68
2023-10-01,Oct 2023,Southeast,Rio de Janeiro,XBB.1.5.* (Omicron),23
2023-10-01,Oct 2023,Southeast,Rio de Janeiro,XBB.1.5.70.*+GK.* (Omicron),155
2023-10-01,Oct 2023,Southeast,São Paulo,EG.5.* (Omicron),16
2023-10-01,Oct 2023,Southeast,São Paulo,FE.1.* (Omicron),11
2023-10-01,Oct 2023,Southeast,São Paulo,JD.1.* (Omicron),322
2023-10-01,Oct 2023,Southeast,São Paulo,JN.1.*+BA.2.86.* (Omicron),5
2023-10-01,Oct 2023,Southeast,São Paulo,Others,42
2023-10-01,Oct 2023,Southeast,São Paulo,XBB.1.5.* (Omicron),9
2023-10-01,Oct 2023,Southeast,São Paulo,XBB.1.5.70.*+GK.* (Omicron),419
2023-10-01,Oct 2023,South,Paraná,EG.5.* (Omicron),1
2023-10-01,Oct 2023,South,Paraná,FE.1.* (Omicron),3
2023-10-01,Oct 2023,South,Paraná,JD.1.* (Omicron),32
2023-10-01,Oct 2023,South,Paraná,Others,9
2023-10-01,Oct 2023,South,Paraná,XBB.1.5.70.*+GK.* (Omicron),37
2023-10-01,Oct 2023,South,Rio Grande do Sul,EG.5.* (Omicron),6
2023-10-01,Oct 2023,South,Rio Grande do Sul,FE.1.* (Omicron),3
2023-10-01,Oct 2023,South,Rio Grande do Sul,JD.1.* (Omicron),28
2023-10-01,Oct 2023,South,Rio Grande do Sul,JN.1.*+BA.2.86.* (Omicron),7
2023-10-01,Oct 2023,South,Rio Grande do Sul,Others,14
2023-10-01,Oct 2023,South,Rio Grande do Sul,XBB.1.5.* (Omicron),2
2023-10-01,Oct 2023,South,Rio Grande do Sul,XBB.1.5.70.*+GK.* (Omicron),56
2023-10-01,Oct 2023,South,Santa Catarina,EG.5.* (Omicron),2
2023-10-01,Oct 2023,South,Santa Catarina,FE.1.* (Omicron),3
2023-10-01,Oct 2023,South,Santa Catarina,JD.1.* (Omicron),58
2023-10-01,Oct 2023,South,Santa Catarina,Others,18
2023-10-01,Oct 2023,South,Santa Catarina,XBB.1.5.* (Omicron),2
2023-10-01,Oct 2023,South,Santa Catarina,XBB.1.5.70.*+GK.* (Omicron),82
2023-11-01,Nov 2023,Central-west,Distrito Federal,JD.1.* (Omicron),34
2023-11-01,Nov 2023,Central-west,Distrito Federal,JN.1.*+BA.2.86.* (Omicron),1
2023-11-01,Nov 2023,Central-west,Distrito Federal,Others,1
2023-11-01,Nov 2023,Central-west,Distrito Federal,XBB.1.5.70.*+GK.* (Omicron),5
2023-11-01,Nov 2023,Central-west,Goiás,JD.1.* (Omicron),60
2023-11-01,Nov 2023,Central-west,Goiás,Others,4
2023-11-01,Nov 2023,Central-west,Goiás,XBB.1.5.70.*+GK.* (Omicron),6
2023-11-01,Nov 2023,Central-west,Mato Grosso,JD.1.* (Omicron),1
2023-11-01,Nov 2023,Central-west,Mato Grosso do Sul,JD.1.* (Omicron),56
2023-11-01,Nov 2023,Central-west,Mato Grosso do Sul,Others,5
2023-11-01,Nov 2023,Central-west,Mato Grosso do Sul,XBB.1.5.* (Omicron),1
2023-11-01,Nov 2023,Central-west,Mato Grosso do Sul,XBB.1.5.70.*+GK.* (Omicron),21
2023-11-01,Nov 2023,Northeast,Alagoas,JD.1.* (Omicron),38
2023-11-01,Nov 2023,Northeast,Alagoas,JN.1.*+BA.2.86.* (Omicron),3
2023-11-01,Nov 2023,Northeast,Alagoas,XBB.1.5.70.*+GK.* (Omicron),8
2023-11-01,Nov 2023,Northeast,Bahia,FE.1.* (Omicron),1
2023-11-01,Nov 2023,Northeast,Bahia,JD.1.* (Omicron),89
2023-11-01,Nov 2023,Northeast,Bahia,JN.1.*+BA.2.86.* (Omicron),1
2023-11-01,Nov 2023,Northeast,Bahia,Others,15
2023-11-01,Nov 2023,Northeast,Bahia,XBB.1.5.70.*+GK.* (Omicron),22
2023-11-01,Nov 2023,Northeast,Ceará,JD.1.* (Omicron),23
2023-11-01,Nov 2023,Northeast,Ceará,JN.1.*+BA.2.86.* (Omicron),203
2023-11-01,Nov 2023,Northeast,Ceará,Others,2
2023-11-01,Nov 2023,Northeast,Ceará,XBB.1.5.70.*+GK.* (Omicron),2
2023-11-01,Nov 2023,Northeast,Maranhão,EG.5.* (Omicron),1
2023-11-01,Nov 2023,Northeast,Maranhão,JD.1.* (Omicron),8
2023-11-01,Nov 2023,Northeast,Maranhão,JN.1.*+BA.2.86.* (Omicron),2
2023-11-01,Nov 2023,Northeast,Maranhão,XBB.1.5.70.*+GK.* (Omicron),14
2023-11-01,Nov 2023,Northeast,Paraíba,JD.1.* (Omicron),15
2023-11-01,Nov 2023,Northeast,Paraíba,JN.1.*+BA.2.86.* (Omicron),10
2023-11-01,Nov 2023,Northeast,Paraíba,Others,1
2023-11-01,Nov 2023,Northeast,Paraíba,XBB.1.5.70.*+GK.* (Omicron),32
2023-11-01,Nov 2023,Northeast,Pernambuco,JD.1.* (Omicron),33
2023-11-01,Nov 2023,Northeast,Pernambuco,Others,1
2023-11-01,Nov 2023,Northeast,Pernambuco,XBB.1.5.70.*+GK.* (Omicron),14
2023-11-01,Nov 2023,Northeast,Rio Grande do Norte,JD.1.* (Omicron),4
2023-11-01,Nov 2023,Northeast,Rio Grande do Norte,Others,1
2023-11-01,Nov 2023,Northeast,Rio Grande do Norte,XBB.1.5.70.*+GK.* (Omicron),19
2023-11-01,Nov 2023,Northeast,Sergipe,JD.1.* (Omicron),14
2023-11-01,Nov 2023,Northeast,Sergipe,Others,1
2023-11-01,Nov 2023,Northeast,Sergipe,XBB.1.5.70.*+GK.* (Omicron),3
2023-11-01,Nov 2023,North,Acre,JD.1.* (Omicron),46
2023-11-01,Nov 2023,North,Acre,Others,4
2023-11-01,Nov 2023,North,Acre,XBB.1.5.70.*+GK.* (Omicron),4
2023-11-01,Nov 2023,North,Amapá,JD.1.* (Omicron),1
2023-11-01,Nov 2023,North,Amapá,XBB.1.5.70.*+GK.* (Omicron),1
2023-11-01,Nov 2023,North,Amazonas,XBB.1.5.70.*+GK.* (Omicron),3
2023-11-01,Nov 2023,North,Pará,JD.1.* (Omicron),13
2023-11-01,Nov 2023,North,Pará,Others,1
2023-11-01,Nov 2023,North,Pará,XBB.1.5.70.*+GK.* (Omicron),2
2023-11-01,Nov 2023,North,Roraima,XBB.1.5.70.*+GK.* (Omicron),1
2023-11-01,Nov 2023,North,Tocantins,JD.1.* (Omicron),15
2023-11-01,Nov 2023,North,Tocantins,JN.1.*+BA.2.86.* (Omicron),1
2023-11-01,Nov 2023,North,Tocantins,XBB.1.5.70.*+GK.* (Omicron),3
2023-11-01,Nov 2023,Southeast,Espírito Santo,EG.5.* (Omicron),1
2023-11-01,Nov 2023,Southeast,Espírito Santo,JD.1.* (Omicron),54
2023-11-01,Nov 2023,Southeast,Espírito Santo,JN.1.*+BA.2.86.* (Omicron),1
2023-11-01,Nov 2023,Southeast,Espírito Santo,Others,7
2023-11-01,Nov 2023,Southeast,Espírito Santo,XBB.1.5.70.*+GK.* (Omicron),39
2023-11-01,Nov 2023,Southeast,Minas Gerais,EG.5.* (Omicron),4
2023-11-01,Nov 2023,Southeast,Minas Gerais,JD.1.* (Omicron),54
2023-11-01,Nov 2023,Southeast,Minas Gerais,JN.1.*+BA.2.86.* (Omicron),1
2023-11-01,Nov 2023,Southeast,Minas Gerais,Others,3
2023-11-01,Nov 2023,Southeast,Minas Gerais,XBB.1.5.* (Omicron),1
2023-11-01,Nov 2023,Southeast,Minas Gerais,XBB.1.5.70.*+GK.* (Omicron),55
2023-11-01,Nov 2023,Southeast,Rio de Janeiro,JD.1.* (Omicron),33
2023-11-01,Nov 2023,Southeast,Rio de Janeiro,Others,10
2023-11-01,Nov 2023,Southeast,Rio de Janeiro,XBB.1.5.* (Omicron),6
2023-11-01,Nov 2023,Southeast,Rio de Janeiro,XBB.1.5.70.*+GK.* (Omicron),37
2023-11-01,Nov 2023,Southeast,São Paulo,EG.5.* (Omicron),6
2023-11-01,Nov 2023,Southeast,São Paulo,JD.1.* (Omicron),148
2023-11-01,Nov 2023,Southeast,São Paulo,JN.1.*+BA.2.86.* (Omicron),4
2023-11-01,Nov 2023,Southeast,São Paulo,Others,21
2023-11-01,Nov 2023,Southeast,São Paulo,XBB.1.5.70.*+GK.* (Omicron),105
2023-11-01,Nov 2023,South,Paraná,EG.5.* (Omicron),1
2023-11-01,Nov 2023,South,Paraná,FE.1.* (Omicron),2
2023-11-01,Nov 2023,South,Paraná,JD.1.* (Omicron),22
2023-11-01,Nov 2023,South,Paraná,Others,4
2023-11-01,Nov 2023,South,Paraná,XBB.1.5.70.*+GK.* (Omicron),14
2023-11-01,Nov 2023,South,Rio Grande do Sul,EG.5.* (Omicron),8
2023-11-01,Nov 2023,South,Rio Grande do Sul,FE.1.* (Omicron),3
2023-11-01,Nov 2023,South,Rio Grande do Sul,JD.1.* (Omicron),27
2023-11-01,Nov 2023,South,Rio Grande do Sul,JN.1.*+BA.2.86.* (Omicron),1
2023-11-01,Nov 2023,South,Rio Grande do Sul,Others,5
2023-11-01,Nov 2023,South,Rio Grande do Sul,XBB.1.5.* (Omicron),1
2023-11-01,Nov 2023,South,Rio Grande do Sul,XBB.1.5.70.*+GK.* (Omicron),37
2023-11-01,Nov 2023,South,Santa Catarina,EG.5.* (Omicron),3
2023-11-01,Nov 2023,South,Santa Catarina,JD.1.* (Omicron),49
2023-11-01,Nov 2023,South,Santa Catarina,JN.1.*+BA.2.86.* (Omicron),1
2023-11-01,Nov 2023,South,Santa Catarina,Others,10
2023-11-01,Nov 2023,South,Santa Catarina,XBB.1.5.70.*+GK.* (Omicron),57
2023-12-01,Dec 2023,Central-west,Distrito Federal,JD.1.* (Omicron),12
2023-12-01,Dec 2023,Central-west,Distrito Federal,JN.1.*+BA.2.86.* (Omicron),1
2023-12-01,Dec 2023,Central-west,Distrito Federal,Others,1
2023-12-01,Dec 2023,Central-west,Distrito Federal,XBB.1.5.70.*+GK.* (Omicron),1
2023-12-01,Dec 2023,Central-west,Goiás,JD.1.* (Omicron),15
2023-12-01,Dec 2023,Central-west,Goiás,JN.1.*+BA.2.86.* (Omicron),10
2023-12-01,Dec 2023,Central-west,Goiás,Others,2
2023-12-01,Dec 2023,Central-west,Goiás,XBB.1.5.70.*+GK.* (Omicron),2
2023-12-01,Dec 2023,Central-west,Mato Grosso,JD.1.* (Omicron),4
2023-12-01,Dec 2023,Central-west,Mato Grosso,JN.1.*+BA.2.86.* (Omicron),2
2023-12-01,Dec 2023,Central-west,Mato Grosso do Sul,JD.1.* (Omicron),46
2023-12-01,Dec 2023,Central-west,Mato Grosso do Sul,JN.1.*+BA.2.86.* (Omicron),9
2023-12-01,Dec 2023,Central-west,Mato Grosso do Sul,Others,3
2023-12-01,Dec 2023,Central-west,Mato Grosso do Sul,XBB.1.5.70.*+GK.* (Omicron),24
2023-12-01,Dec 2023,Northeast,Alagoas,JD.1.* (Omicron),102
2023-12-01,Dec 2023,Northeast,Alagoas,JN.1.*+BA.2.86.* (Omicron),40
2023-12-01,Dec 2023,Northeast,Alagoas,Others,7
2023-12-01,Dec 2023,Northeast,Alagoas,XBB.1.5.70.*+GK.* (Omicron),14
2023-12-01,Dec 2023,Northeast,Bahia,JD.1.* (Omicron),40
2023-12-01,Dec 2023,Northeast,Bahia,JN.1.*+BA.2.86.* (Omicron),3
2023-12-01,Dec 2023,Northeast,Bahia,Others,3
2023-12-01,Dec 2023,Northeast,Bahia,XBB.1.5.70.*+GK.* (Omicron),7
2023-12-01,Dec 2023,Northeast,Ceará,JD.1.* (Omicron),13
2023-12-01,Dec 2023,Northeast,Ceará,JN.1.*+BA.2.86.* (Omicron),539
2023-12-01,Dec 2023,Northeast,Ceará,Others,5
2023-12-01,Dec 2023,Northeast,Ceará,XBB.1.5.70.*+GK.* (Omicron),3
2023-12-01,Dec 2023,Northeast,Maranhão,JD.1.* (Omicron),3
2023-12-01,Dec 2023,Northeast,Maranhão,JN.1.*+BA.2.86.* (Omicron),1
2023-12-01,Dec 2023,Northeast,Maranhão,XBB.1.5.70.*+GK.* (Omicron),10
2023-12-01,Dec 2023,Northeast,Paraíba,EG.5.* (Omicron),1
2023-12-01,Dec 2023,Northeast,Paraíba,JD.1.* (Omicron),25
2023-12-01,Dec 2023,Northeast,Paraíba,JN.1.*+BA.2.86.* (Omicron),48
2023-12-01,Dec 2023,Northeast,Paraíba,Others,7
2023-12-01,Dec 2023,Northeast,Paraíba,XBB.1.5.* (Omicron),1
2023-12-01,Dec 2023,Northeast,Paraíba,XBB.1.5.70.*+GK.* (Omicron),18
2023-12-01,Dec 2023,Northeast,Pernambuco,JD.1.* (Omicron),47
2023-12-01,Dec 2023,Northeast,Pernambuco,JN.1.*+BA.2.86.* (Omicron),11
2023-12-01,Dec 2023,Northeast,Pernambuco,Others,2
2023-12-01,Dec 2023,Northeast,Pernambuco,XBB.1.5.70.*+GK.* (Omicron),17
2023-12-01,Dec 2023,Northeast,Piauí,JD.1.* (Omicron),4
2023-12-01,Dec 2023,Northeast,Piauí,JN.1.*+BA.2.86.* (Omicron),23
2023-12-01,Dec 2023,Northeast,Piauí,Others,2
2023-12-01,Dec 2023,Northeast,Piauí,XBB.1.5.70.*+GK.* (Omicron),4
2023-12-01,Dec 2023,Northeast,Rio Grande do Norte,JD.1.* (Omicron),6
2023-12-01,Dec 2023,Northeast,Rio Grande do Norte,JN.1.*+BA.2.86.* (Omicron),11
2023-12-01,Dec 2023,Northeast,Rio Grande do Norte,Others,3
2023-12-01,Dec 2023,Northeast,Rio Grande do Norte,XBB.1.5.70.*+GK.* (Omicron),20
2023-12-01,Dec 2023,Northeast,Sergipe,JD.1.* (Omicron),2
2023-12-01,Dec 2023,North,Acre,JD.1.* (Omicron),42
2023-12-01,Dec 2023,North,Acre,JN.1.*+BA.2.86.* (Omicron),1
2023-12-01,Dec 2023,North,Acre,Others,9
2023-12-01,Dec 2023,North,Acre,XBB.1.5.* (Omicron),1
2023-12-01,Dec 2023,North,Acre,XBB.1.5.70.*+GK.* (Omicron),7
2023-12-01,Dec 2023,North,Amapá,JD.1.* (Omicron),9
2023-12-01,Dec 2023,North,Amapá,JN.1.*+BA.2.86.* (Omicron),28
2023-12-01,Dec 2023,North,Amapá,Others,1
2023-12-01,Dec 2023,North,Amapá,XBB.1.5.70.*+GK.* (Omicron),2
2023-12-01,Dec 2023,North,Amazonas,JD.1.* (Omicron),2
2023-12-01,Dec 2023,North,Amazonas,JN.1.*+BA.2.86.* (Omicron),4
2023-12-01,Dec 2023,North,Amazonas,XBB.1.5.70.*+GK.* (Omicron),16
2023-12-01,Dec 2023,North,Pará,JD.1.* (Omicron),20
2023-12-01,Dec 2023,North,Pará,JN.1.*+BA.2.86.* (Omicron),13
2023-12-01,Dec 2023,North,Pará,Others,16
2023-12-01,Dec 2023,North,Pará,XBB.1.5.70.*+GK.* (Omicron),19
2023-12-01,Dec 2023,North,Roraima,JD.1.* (Omicron),1
2023-12-01,Dec 2023,North,Roraima,XBB.1.5.70.*+GK.* (Omicron),2
2023-12-01,Dec 2023,North,Tocantins,JD.1.* (Omicron),10
2023-12-01,Dec 2023,North,Tocantins,JN.1.*+BA.2.86.* (Omicron),3
2023-12-01,Dec 2023,Southeast,Espírito Santo,JD.1.* (Omicron),22
2023-12-01,Dec 2023,Southeast,Espírito Santo,JN.1.*+BA.2.86.* (Omicron),7
2023-12-01,Dec 2023,Southeast,Espírito Santo,Others,4
2023-12-01,Dec 2023,Southeast,Espírito Santo,XBB.1.5.70.*+GK.* (Omicron),17
2023-12-01,Dec 2023,Southeast,Minas Gerais,JD.1.* (Omicron),5
2023-12-01,Dec 2023,Southeast,Minas Gerais,XBB.1.5.70.*+GK.* (Omicron),2
2023-12-01,Dec 2023,Southeast,Rio de Janeiro,JD.1.* (Omicron),6
2023-12-01,Dec 2023,Southeast,Rio de Janeiro,JN.1.*+BA.2.86.* (Omicron),6
2023-12-01,Dec 2023,Southeast,Rio de Janeiro,Others,4
2023-12-01,Dec 2023,Southeast,Rio de Janeiro,XBB.1.5.70.*+GK.* (Omicron),10
2023-12-01,Dec 2023,Southeast,São Paulo,JD.1.* (Omicron),24
2023-12-01,Dec 2023,Southeast,São Paulo,JN.1.*+BA.2.86.* (Omicron),8
2023-12-01,Dec 2023,Southeast,São Paulo,Others,3
2023-12-01,Dec 2023,Southeast,São Paulo,XBB.1.5.70.*+GK.* (Omicron),12
2023-12-01,Dec 2023,South,Paraná,JD.1.* (Omicron),5
2023-12-01,Dec 2023,South,Paraná,XBB.1.5.70.*+GK.* (Omicron),1
2023-12-01,Dec 2023,South,Rio Grande do Sul,EG.5.* (Omicron),2
2023-12-01,Dec 2023,South,Rio Grande do Sul,JD.1.* (Omicron),32
2023-12-01,Dec 2023,South,Rio Grande do Sul,JN.1.*+BA.2.86.* (Omicron),12
2023-12-01,Dec 2023,South,Rio Grande do Sul,Others,14
2023-12-01,Dec 2023,South,Rio Grande do Sul,XBB.1.5.70.*+GK.* (Omicron),43
2023-12-01,Dec 2023,South,Santa Catarina,JD.1.* (Omicron),33
2023-12-01,Dec 2023,South,Santa Catarina,JN.1.*+BA.2.86.* (Omicron),9
2023-12-01,Dec 2023,South,Santa Catarina,Others,5
2023-12-01,Dec 2023,South,Santa Catarina,XBB.1.5.70.*+GK.* (Omicron),18
2024-01-01,Jan 2024,Central-west,Distrito Federal,JD.1.* (Omicron),2
2024-01-01,Jan 2024,Central-west,Distrito Federal,JN.1.*+BA.2.86.* (Omicron),34
2024-01-01,Jan 2024,Central-west,Distrito Federal,Others,10
2024-01-01,Jan 2024,Central-west,Goiás,EG.5.* (Omicron),1
2024-01-01,Jan 2024,Central-west,Goiás,JD.1.* (Omicron),11
2024-01-01,Jan 2024,Central-west,Goiás,JN.1.*+BA.2.86.* (Omicron),53
2024-01-01,Jan 2024,Central-west,Goiás,Others,6
2024-01-01,Jan 2024,Central-west,Mato Grosso,JD.1.* (Omicron),3
2024-01-01,Jan 2024,Central-west,Mato Grosso,JN.1.*+BA.2.86.* (Omicron),6
2024-01-01,Jan 2024,Central-west,Mato Grosso,Others,4
2024-01-01,Jan 2024,Central-west,Mato Grosso,XBB.1.5.70.*+GK.* (Omicron),1
2024-01-01,Jan 2024,Central-west,Mato Grosso do Sul,EG.5.* (Omicron),1
2024-01-01,Jan 2024,Central-west,Mato Grosso do Sul,JD.1.* (Omicron),38
2024-01-01,Jan 2024,Central-west,Mato Grosso do Sul,JN.1.*+BA.2.86.* (Omicron),30
2024-01-01,Jan 2024,Central-west,Mato Grosso do Sul,Others,15
2024-01-01,Jan 2024,Central-west,Mato Grosso do Sul,XBB.1.5.70.*+GK.* (Omicron),4
2024-01-01,Jan 2024,Northeast,Alagoas,JD.1.* (Omicron),26
2024-01-01,Jan 2024,Northeast,Alagoas,JN.1.*+BA.2.86.* (Omicron),47
2024-01-01,Jan 2024,Northeast,Alagoas,Others,7
2024-01-01,Jan 2024,Northeast,Alagoas,XBB.1.5.70.*+GK.* (Omicron),1
2024-01-01,Jan 2024,Northeast,Bahia,JD.1.* (Omicron),23
2024-01-01,Jan 2024,Northeast,Bahia,JN.1.*+BA.2.86.* (Omicron),45
2024-01-01,Jan 2024,Northeast,Bahia,Others,1
2024-01-01,Jan 2024,Northeast,Bahia,XBB.1.5.70.*+GK.* (Omicron),5
2024-01-01,Jan 2024,Northeast,Ceará,JN.1.*+BA.2.86.* (Omicron),4
2024-01-01,Jan 2024,Northeast,Paraíba,JD.1.* (Omicron),12
2024-01-01,Jan 2024,Northeast,Paraíba,JN.1.*+BA.2.86.* (Omicron),67
2024-01-01,Jan 2024,Northeast,Paraíba,Others,45
2024-01-01,Jan 2024,Northeast,Paraíba,XBB.1.5.70.*+GK.* (Omicron),20
2024-01-01,Jan 2024,Northeast,Pernambuco,JD.1.* (Omicron),8
2024-01-01,Jan 2024,Northeast,Pernambuco,JN.1.*+BA.2.86.* (Omicron),33
2024-01-01,Jan 2024,Northeast,Pernambuco,Others,14
2024-01-01,Jan 2024,Northeast,Pernambuco,XBB.1.5.70.*+GK.* (Omicron),2
2024-01-01,Jan 2024,Northeast,Piauí,JN.1.*+BA.2.86.* (Omicron),8
2024-01-01,Jan 2024,Northeast,Piauí,XBB.1.5.70.*+GK.* (Omicron),1
2024-01-01,Jan 2024,Northeast,Rio Grande do Norte,JD.1.* (Omicron),4
2024-01-01,Jan 2024,Northeast,Rio Grande do Norte,JN.1.*+BA.2.86.* (Omicron),37
2024-01-01,Jan 2024,Northeast,Rio Grande do Norte,Others,19
2024-01-01,Jan 2024,Northeast,Rio Grande do Norte,XBB.1.5.70.*+GK.* (Omicron),3
2024-01-01,Jan 2024,Northeast,Sergipe,JD.1.* (Omicron),9
2024-01-01,Jan 2024,Northeast,Sergipe,JN.1.*+BA.2.86.* (Omicron),11
2024-01-01,Jan 2024,Northeast,Sergipe,Others,9
2024-01-01,Jan 2024,Northeast,Sergipe,XBB.1.5.70.*+GK.* (Omicron),1
2024-01-01,Jan 2024,North,Acre,JD.1.* (Omicron),19
2024-01-01,Jan 2024,North,Acre,JN.1.*+BA.2.86.* (Omicron),6
2024-01-01,Jan 2024,North,Acre,Others,6
2024-01-01,Jan 2024,North,Amapá,JD.1.* (Omicron),4
2024-01-01,Jan 2024,North,Amapá,JN.1.*+BA.2.86.* (Omicron),127
2024-01-01,Jan 2024,North,Amapá,Others,13
2024-01-01,Jan 2024,North,Amapá,XBB.1.5.* (Omicron),1
2024-01-01,Jan 2024,North,Amapá,XBB.1.5.70.*+GK.* (Omicron),10
2024-01-01,Jan 2024,North,Amazonas,JD.1.* (Omicron),2
2024-01-01,Jan 2024,North,Pará,JN.1.*+BA.2.86.* (Omicron),1
2024-01-01,Jan 2024,North,Pará,Others,2
2024-01-01,Jan 2024,North,Pará,XBB.1.5.70.*+GK.* (Omicron),1
2024-01-01,Jan 2024,North,Roraima,JN.1.*+BA.2.86.* (Omicron),20
2024-01-01,Jan 2024,North,Roraima,Others,2
2024-01-01,Jan 2024,North,Roraima,XBB.1.5.* (Omicron),1
2024-01-01,Jan 2024,North,Roraima,XBB.1.5.70.*+GK.* (Omicron),5
2024-01-01,Jan 2024,North,Tocantins,JD.1.* (Omicron),8
2024-01-01,Jan 2024,North,Tocantins,JN.1.*+BA.2.86.* (Omicron),60
2024-01-01,Jan 2024,North,Tocantins,Others,15
2024-01-01,Jan 2024,North,Tocantins,XBB.1.5.70.*+GK.* (Omicron),2
2024-01-01,Jan 2024,Southeast,Espírito Santo,JD.1.* (Omicron),23
2024-01-01,Jan 2024,Southeast,Espírito Santo,JN.1.*+BA.2.86.* (Omicron),62
2024-01-01,Jan 2024,Southeast,Espírito Santo,Others,16
2024-01-01,Jan 2024,Southeast,Espírito Santo,XBB.1.5.70.*+GK.* (Omicron),10
2024-01-01,Jan 2024,Southeast,Minas Gerais,JN.1.*+BA.2.86.* (Omicron),4
2024-01-01,Jan 2024,Southeast,Rio de Janeiro,JD.1.* (Omicron),4
2024-01-01,Jan 2024,Southeast,Rio de Janeiro,JN.1.*+BA.2.86.* (Omicron),42
2024-01-01,Jan 2024,Southeast,Rio de Janeiro,Others,9
2024-01-01,Jan 2024,Southeast,Rio de Janeiro,XBB.1.5.70.*+GK.* (Omicron),3
2024-01-01,Jan 2024,Southeast,São Paulo,JD.1.* (Omicron),15
2024-01-01,Jan 2024,Southeast,São Paulo,JN.1.*+BA.2.86.* (Omicron),91
2024-01-01,Jan 2024,Southeast,São Paulo,Others,17
2024-01-01,Jan 2024,Southeast,São Paulo,XBB.1.5.70.*+GK.* (Omicron),6
2024-01-01,Jan 2024,South,Paraná,JD.1.* (Omicron),2
2024-01-01,Jan 2024,South,Paraná,JN.1.*+BA.2.86.* (Omicron),5
2024-01-01,Jan 2024,South,Paraná,Others,2
2024-01-01,Jan 2024,South,Paraná,XBB.1.5.70.*+GK.* (Omicron),1
2024-01-01,Jan 2024,South,Rio Grande do Sul,JD.1.* (Omicron),9
2024-01-01,Jan 2024,South,Rio Grande do Sul,JN.1.*+BA.2.86.* (Omicron),9
2024-01-01,Jan 2024,South,Rio Grande do Sul,Others,3
2024-01-01,Jan 2024,South,Rio Grande do Sul,XBB.1.5.* (Omicron),1
2024-01-01,Jan 2024,South,Rio Grande do Sul,XBB.1.5.70.*+GK.* (Omicron),2
2024-01-01,Jan 2024,South,Santa Catarina,JD.1.* (Omicron),30
2024-01-01,Jan 2024,South,Santa Catarina,JN.1.*+BA.2.86.* (Omicron),37
2024-01-01,Jan 2024,South,Santa Catarina,Others,6
2024-01-01,Jan 2024,South,Santa Catarina,XBB.1.5.70.*+GK.* (Omicron),7
2024-02-01,Feb 2024,Central-west,Distrito Federal,JD.1.* (Omicron),2
2024-02-01,Feb 2024,Central-west,Distrito Federal,JN.1.*+BA.2.86.* (Omicron),47
2024-02-01,Feb 2024,Central-west,Distrito Federal,Others,5
2024-02-01,Feb 2024,Central-west,Distrito Federal,XBB.1.5.70.*+GK.* (Omicron),1
2024-02-01,Feb 2024,Central-west,Goiás,JD.1.* (Omicron),1
2024-02-01,Feb 2024,Central-west,Goiás,JN.1.*+BA.2.86.* (Omicron),31
2024-02-01,Feb 2024,Central-west,Goiás,Others,5
2024-02-01,Feb 2024,Central-west,Mato Grosso do Sul,JD.1.* (Omicron),13
2024-02-01,Feb 2024,Central-west,Mato Grosso do Sul,JN.1.*+BA.2.86.* (Omicron),36
2024-02-01,Feb 2024,Central-west,Mato Grosso do Sul,Others,19
2024-02-01,Feb 2024,Northeast,Alagoas,JD.1.* (Omicron),2
2024-02-01,Feb 2024,Northeast,Alagoas,JN.1.*+BA.2.86.* (Omicron),10
2024-02-01,Feb 2024,Northeast,Alagoas,Others,3
2024-02-01,Feb 2024,Northeast,Paraíba,JN.1.*+BA.2.86.* (Omicron),4
2024-02-01,Feb 2024,Northeast,Paraíba,Others,1
2024-02-01,Feb 2024,Northeast,Paraíba,XBB.1.5.70.*+GK.* (Omicron),1
2024-02-01,Feb 2024,North,Acre,JN.1.*+BA.2.86.* (Omicron),5
2024-02-01,Feb 2024,North,Acre,Others,2
2024-02-01,Feb 2024,North,Amapá,JN.1.*+BA.2.86.* (Omicron),9
2024-02-01,Feb 2024,North,Roraima,JN.1.*+BA.2.86.* (Omicron),8
2024-02-01,Feb 2024,North,Roraima,XBB.1.5.70.*+GK.* (Omicron),1
2024-02-01,Feb 2024,Southeast,Espírito Santo,JN.1.*+BA.2.86.* (Omicron),6
2024-02-01,Feb 2024,Southeast,Espírito Santo,Others,1
2024-02-01,Feb 2024,Southeast,Rio de Janeiro,JN.1.*+BA.2.86.* (Omicron),73
2024-02-01,Feb 2024,Southeast,Rio de Janeiro,Others,9
2024-02-01,Feb 2024,Southeast,São Paulo,EG.5.* (Omicron),1
2024-02-01,Feb 2024,Southeast,São Paulo,JD.1.* (Omicron),8
2024-02-01,Feb 2024,Southeast,São Paulo,JN.1.*+BA.2.86.* (Omicron),123
2024-02-01,Feb 2024,Southeast,São Paulo,Others,32
2024-02-01,Feb 2024,Southeast,São Paulo,XBB.1.5.70.*+GK.* (Omicron),2
2024-02-01,Feb 2024,South,Rio Grande do Sul,JD.1.* (Omicron),2
2024-02-01,Feb 2024,South,Rio Grande do Sul,JN.1.*+BA.2.86.* (Omicron),10
2024-02-01,Feb 2024,South,Rio Grande do Sul,Others,3
2024-02-01,Feb 2024,South,Santa Catarina,JD.1.* (Omicron),6
2024-02-01,Feb 2024,South,Santa Catarina,JN.1.*+BA.2.86.* (Omicron),110
2024-02-01,Feb 2024,South,Santa Catarina,Others,16
2024-02-01,Feb 2024,South,Santa Catarina,XBB.1.5.70.*+GK.* (Omicron),4
2024-03-01,Mar 2024,Central-west,Distrito Federal,JN.1.*+BA.2.86.* (Omicron),20
2024-03-01,Mar 2024,Central-west,Distrito Federal,Others,1
