,Date,Período,Região,Estado,Linhagens relevantes,Quantidade
0,2020-02,Fev 2020,Nordeste,Bahia,B.1.1,1
1,2020-02,Fev 2020,Sudeste,Espírito Santo,Outras,1
2,2020-02,Fev 2020,Sudeste,São Paulo,Outras,4
3,2020-02,Fev 2020,Sul,Paraná,B.1.1,2
4,2020-03,Mar 2020,Centro-oeste,Distrito Federal,B.1.1,1
5,2020-03,Mar 2020,Centro-oeste,Distrito Federal,B.1.1.33,3
6,2020-03,Mar 2020,Centro-oeste,Distrito Federal,Outras,1
7,2020-03,Mar 2020,Centro-oeste,Goiás,Outras,3
8,2020-03,Mar 2020,Centro-oeste,Mato Grosso,B.1.1.33,1
9,2020-03,Mar 2020,Centro-oeste,Mato Grosso,Outras,2
10,2020-03,Mar 2020,Centro-oeste,Mato Grosso do Sul,B.1.1,1
11,2020-03,Mar 2020,Centro-oeste,Mato Grosso do Sul,B.1.1.28,1
12,2020-03,Mar 2020,Centro-oeste,Mato Grosso do Sul,B.1.1.33,2
13,2020-03,Mar 2020,Centro-oeste,Mato Grosso do Sul,Outras,1
14,2020-03,Mar 2020,Nordeste,Alagoas,B.1.1.28,1
15,2020-03,Mar 2020,Nordeste,Bahia,B.1.1,3
16,2020-03,Mar 2020,Nordeste,Bahia,B.1.1.28,4
17,2020-03,Mar 2020,Nordeste,Bahia,B.1.1.33,9
18,2020-03,Mar 2020,Nordeste,Bahia,Outras,9
19,2020-03,Mar 2020,Nordeste,Ceará,B.1.1.33,1
20,2020-03,Mar 2020,Nordeste,Ceará,Outras,26
21,2020-03,Mar 2020,Nordeste,Maranhão,B.1.1.33,4
22,2020-03,Mar 2020,Nordeste,Paraíba,Outras,1
23,2020-03,Mar 2020,Nordeste,Piauí,B.1.1.33,1
24,2020-03,Mar 2020,Nordeste,Rio Grande do Norte,B.1.1.33,1
25,2020-03,Mar 2020,Nordeste,Sergipe,B.1.1,1
26,2020-03,Mar 2020,Nordeste,Sergipe,B.1.1.28,1
27,2020-03,Mar 2020,Nordeste,Sergipe,B.1.1.33,1
28,2020-03,Mar 2020,Nordeste,Sergipe,Outras,3
29,2020-03,Mar 2020,Norte,Acre,B.1.1.33,3
30,2020-03,Mar 2020,Norte,Acre,Outras,3
31,2020-03,Mar 2020,Norte,Amapá,B.1.1.33,1
32,2020-03,Mar 2020,Norte,Amazonas,Outras,4
33,2020-03,Mar 2020,Norte,Pará,B.1.1,1
34,2020-03,Mar 2020,Norte,Pará,B.1.1.28,2
35,2020-03,Mar 2020,Norte,Pará,B.1.1.33,2
36,2020-03,Mar 2020,Norte,Pará,Outras,3
37,2020-03,Mar 2020,Sudeste,Minas Gerais,B.1.1,12
38,2020-03,Mar 2020,Sudeste,Minas Gerais,B.1.1.28,3
39,2020-03,Mar 2020,Sudeste,Minas Gerais,B.1.1.33,6
40,2020-03,Mar 2020,Sudeste,Minas Gerais,Outras,34
41,2020-03,Mar 2020,Sudeste,Rio de Janeiro,B.1.1,1
42,2020-03,Mar 2020,Sudeste,Rio de Janeiro,B.1.1.33,22
43,2020-03,Mar 2020,Sudeste,Rio de Janeiro,Outras,20
44,2020-03,Mar 2020,Sudeste,São Paulo,B.1.1,16
45,2020-03,Mar 2020,Sudeste,São Paulo,B.1.1.28,132
46,2020-03,Mar 2020,Sudeste,São Paulo,B.1.1.33,59
47,2020-03,Mar 2020,Sudeste,São Paulo,Outras,42
48,2020-03,Mar 2020,Sul,Paraná,B.1.1,1
49,2020-03,Mar 2020,Sul,Paraná,B.1.1.28,7
50,2020-03,Mar 2020,Sul,Paraná,B.1.1.33,10
51,2020-03,Mar 2020,Sul,Paraná,Outras,6
52,2020-03,Mar 2020,Sul,Rio Grande do Sul,B.1.1,3
53,2020-03,Mar 2020,Sul,Rio Grande do Sul,B.1.1.28,9
54,2020-03,Mar 2020,Sul,Rio Grande do Sul,B.1.1.33,11
55,2020-03,Mar 2020,Sul,Rio Grande do Sul,Outras,15
56,2020-03,Mar 2020,Sul,Santa Catarina,B.1.1,1
57,2020-03,Mar 2020,Sul,Santa Catarina,B.1.1.28,3
58,2020-03,Mar 2020,Sul,Santa Catarina,B.1.1.33,6
59,2020-03,Mar 2020,Sul,Santa Catarina,Outras,5
60,2020-04,Abr 2020,Centro-oeste,Distrito Federal,B.1.1.33,1
61,2020-04,Abr 2020,Centro-oeste,Goiás,B.1.1.33,4
62,2020-04,Abr 2020,Centro-oeste,Goiás,Outras,3
63,2020-04,Abr 2020,Centro-oeste,Mato Grosso,B.1.1.28,1
64,2020-04,Abr 2020,Centro-oeste,Mato Grosso,B.1.1.33,2
65,2020-04,Abr 2020,Centro-oeste,Mato Grosso do Sul,B.1.1.28,1
66,2020-04,Abr 2020,Centro-oeste,Mato Grosso do Sul,B.1.1.33,4
67,2020-04,Abr 2020,Centro-oeste,Mato Grosso do Sul,Outras,2
68,2020-04,Abr 2020,Nordeste,Alagoas,B.1.1.28,1
69,2020-04,Abr 2020,Nordeste,Alagoas,B.1.1.33,1
70,2020-04,Abr 2020,Nordeste,Bahia,B.1.1,1
71,2020-04,Abr 2020,Nordeste,Bahia,B.1.1.28,9
72,2020-04,Abr 2020,Nordeste,Bahia,B.1.1.33,31
73,2020-04,Abr 2020,Nordeste,Bahia,Outras,5
74,2020-04,Abr 2020,Nordeste,Ceará,B.1.1.28,1
75,2020-04,Abr 2020,Nordeste,Ceará,B.1.1.33,9
76,2020-04,Abr 2020,Nordeste,Ceará,Outras,3
77,2020-04,Abr 2020,Nordeste,Maranhão,B.1.1.33,17
78,2020-04,Abr 2020,Nordeste,Paraíba,B.1.1,18
79,2020-04,Abr 2020,Nordeste,Paraíba,B.1.1.33,7
80,2020-04,Abr 2020,Nordeste,Paraíba,Outras,1
81,2020-04,Abr 2020,Nordeste,Pernambuco,B.1.1,45
82,2020-04,Abr 2020,Nordeste,Pernambuco,B.1.1.28,5
83,2020-04,Abr 2020,Nordeste,Pernambuco,B.1.1.33,2
84,2020-04,Abr 2020,Nordeste,Pernambuco,Outras,20
85,2020-04,Abr 2020,Nordeste,Rio Grande do Norte,B.1.1,1
86,2020-04,Abr 2020,Nordeste,Rio Grande do Norte,B.1.1.33,2
87,2020-04,Abr 2020,Nordeste,Rio Grande do Norte,Outras,5
88,2020-04,Abr 2020,Nordeste,Sergipe,B.1.1,3
89,2020-04,Abr 2020,Nordeste,Sergipe,B.1.1.28,1
90,2020-04,Abr 2020,Nordeste,Sergipe,B.1.1.33,6
91,2020-04,Abr 2020,Nordeste,Sergipe,Outras,12
92,2020-04,Abr 2020,Norte,Amapá,B.1.1.33,10
93,2020-04,Abr 2020,Norte,Amazonas,B.1.1.28,2
94,2020-04,Abr 2020,Norte,Amazonas,B.1.1.33,3
95,2020-04,Abr 2020,Norte,Amazonas,Outras,33
96,2020-04,Abr 2020,Norte,Pará,B.1.1.28,29
97,2020-04,Abr 2020,Norte,Pará,B.1.1.33,6
98,2020-04,Abr 2020,Norte,Pará,Outras,2
99,2020-04,Abr 2020,Norte,Roraima,B.1.1.33,1
100,2020-04,Abr 2020,Norte,Roraima,Outras,1
101,2020-04,Abr 2020,Sudeste,Espírito Santo,B.1.1.33,2
102,2020-04,Abr 2020,Sudeste,Minas Gerais,B.1.1.28,5
103,2020-04,Abr 2020,Sudeste,Minas Gerais,B.1.1.33,20
104,2020-04,Abr 2020,Sudeste,Minas Gerais,Outras,6
105,2020-04,Abr 2020,Sudeste,Rio de Janeiro,B.1.1,1
106,2020-04,Abr 2020,Sudeste,Rio de Janeiro,B.1.1.28,16
107,2020-04,Abr 2020,Sudeste,Rio de Janeiro,B.1.1.33,224
108,2020-04,Abr 2020,Sudeste,Rio de Janeiro,Outras,10
109,2020-04,Abr 2020,Sudeste,São Paulo,B.1.1,14
110,2020-04,Abr 2020,Sudeste,São Paulo,B.1.1.28,312
111,2020-04,Abr 2020,Sudeste,São Paulo,B.1.1.33,89
112,2020-04,Abr 2020,Sudeste,São Paulo,Outras,20
113,2020-04,Abr 2020,Sul,Paraná,B.1.1.28,14
114,2020-04,Abr 2020,Sul,Paraná,B.1.1.33,5
115,2020-04,Abr 2020,Sul,Paraná,Outras,3
116,2020-04,Abr 2020,Sul,Rio Grande do Sul,B.1.1,2
117,2020-04,Abr 2020,Sul,Rio Grande do Sul,B.1.1.28,1
118,2020-04,Abr 2020,Sul,Rio Grande do Sul,B.1.1.33,21
119,2020-04,Abr 2020,Sul,Rio Grande do Sul,Outras,2
120,2020-04,Abr 2020,Sul,Santa Catarina,B.1.1.28,1
121,2020-04,Abr 2020,Sul,Santa Catarina,B.1.1.33,2
122,2020-05,Mai 2020,Centro-oeste,Goiás,B.1.1.33,1
123,2020-05,Mai 2020,Centro-oeste,Mato Grosso do Sul,B.1.1.28,3
124,2020-05,Mai 2020,Centro-oeste,Mato Grosso do Sul,B.1.1.33,3
125,2020-05,Mai 2020,Nordeste,Alagoas,B.1.1.28,1
126,2020-05,Mai 2020,Nordeste,Alagoas,B.1.1.33,3
127,2020-05,Mai 2020,Nordeste,Bahia,B.1.1,1
128,2020-05,Mai 2020,Nordeste,Bahia,B.1.1.28,9
129,2020-05,Mai 2020,Nordeste,Bahia,B.1.1.33,5
130,2020-05,Mai 2020,Nordeste,Bahia,Outras,1
131,2020-05,Mai 2020,Nordeste,Ceará,B.1.1.33,2
132,2020-05,Mai 2020,Nordeste,Ceará,Outras,7
133,2020-05,Mai 2020,Nordeste,Maranhão,B.1.1.33,4
134,2020-05,Mai 2020,Nordeste,Paraíba,B.1.1,3
135,2020-05,Mai 2020,Nordeste,Paraíba,B.1.1.33,2
136,2020-05,Mai 2020,Nordeste,Pernambuco,B.1.1,22
137,2020-05,Mai 2020,Nordeste,Pernambuco,B.1.1.28,2
138,2020-05,Mai 2020,Nordeste,Pernambuco,B.1.1.33,4
139,2020-05,Mai 2020,Nordeste,Pernambuco,Outras,9
140,2020-05,Mai 2020,Norte,Acre,B.1.1.33,2
141,2020-05,Mai 2020,Norte,Amapá,B.1.1.33,6
142,2020-05,Mai 2020,Norte,Amazonas,B.1.1.28,9
143,2020-05,Mai 2020,Norte,Amazonas,B.1.1.33,6
144,2020-05,Mai 2020,Norte,Amazonas,Outras,13
145,2020-05,Mai 2020,Norte,Pará,B.1.1.28,6
146,2020-05,Mai 2020,Norte,Pará,B.1.1.33,2
147,2020-05,Mai 2020,Norte,Pará,Outras,1
148,2020-05,Mai 2020,Norte,Rondônia,B.1.1.33,5
149,2020-05,Mai 2020,Norte,Rondônia,Outras,2
150,2020-05,Mai 2020,Norte,Roraima,B.1.1.33,1
151,2020-05,Mai 2020,Sudeste,Espírito Santo,B.1.1.33,5
152,2020-05,Mai 2020,Sudeste,Minas Gerais,B.1.1.28,4
153,2020-05,Mai 2020,Sudeste,Minas Gerais,B.1.1.33,3
154,2020-05,Mai 2020,Sudeste,Minas Gerais,Outras,1
155,2020-05,Mai 2020,Sudeste,Rio de Janeiro,B.1.1,1
156,2020-05,Mai 2020,Sudeste,Rio de Janeiro,B.1.1.28,2
157,2020-05,Mai 2020,Sudeste,Rio de Janeiro,B.1.1.33,46
158,2020-05,Mai 2020,Sudeste,Rio de Janeiro,Outras,5
159,2020-05,Mai 2020,Sudeste,São Paulo,B.1.1,1
160,2020-05,Mai 2020,Sudeste,São Paulo,B.1.1.28,73
161,2020-05,Mai 2020,Sudeste,São Paulo,B.1.1.33,14
162,2020-05,Mai 2020,Sudeste,São Paulo,Outras,3
163,2020-05,Mai 2020,Sul,Paraná,B.1.1.28,2
164,2020-05,Mai 2020,Sul,Paraná,B.1.1.33,12
165,2020-05,Mai 2020,Sul,Paraná,Outras,2
166,2020-05,Mai 2020,Sul,Rio Grande do Sul,B.1.1,6
167,2020-05,Mai 2020,Sul,Rio Grande do Sul,B.1.1.28,5
168,2020-05,Mai 2020,Sul,Rio Grande do Sul,B.1.1.33,50
169,2020-05,Mai 2020,Sul,Rio Grande do Sul,Outras,7
170,2020-05,Mai 2020,Sul,Santa Catarina,B.1.1.33,2
171,2020-05,Mai 2020,Sul,Santa Catarina,Outras,1
172,2020-06,Jun 2020,Centro-oeste,Goiás,B.1.1.28,1
173,2020-06,Jun 2020,Centro-oeste,Goiás,B.1.1.33,11
174,2020-06,Jun 2020,Centro-oeste,Mato Grosso,B.1.1.28,2
175,2020-06,Jun 2020,Centro-oeste,Mato Grosso do Sul,B.1.1.28,1
176,2020-06,Jun 2020,Centro-oeste,Mato Grosso do Sul,B.1.1.33,1
177,2020-06,Jun 2020,Nordeste,Bahia,B.1.1.28,6
178,2020-06,Jun 2020,Nordeste,Bahia,B.1.1.33,6
179,2020-06,Jun 2020,Nordeste,Bahia,Outras,1
180,2020-06,Jun 2020,Nordeste,Ceará,B.1.1.33,2
181,2020-06,Jun 2020,Nordeste,Paraíba,B.1.1,5
182,2020-06,Jun 2020,Nordeste,Paraíba,B.1.1.33,1
183,2020-06,Jun 2020,Nordeste,Pernambuco,B.1.1,28
184,2020-06,Jun 2020,Nordeste,Pernambuco,B.1.1.28,6
185,2020-06,Jun 2020,Nordeste,Pernambuco,B.1.1.33,5
186,2020-06,Jun 2020,Nordeste,Pernambuco,Outras,12
187,2020-06,Jun 2020,Norte,Acre,B.1.1.33,2
188,2020-06,Jun 2020,Norte,Amazonas,B.1.1.28,10
189,2020-06,Jun 2020,Norte,Amazonas,B.1.1.33,1
190,2020-06,Jun 2020,Norte,Amazonas,Outras,5
191,2020-06,Jun 2020,Norte,Pará,B.1.1.28,3
192,2020-06,Jun 2020,Norte,Pará,B.1.1.33,4
193,2020-06,Jun 2020,Norte,Rondônia,B.1.1.33,1
194,2020-06,Jun 2020,Norte,Roraima,B.1.1.33,2
195,2020-06,Jun 2020,Sudeste,Rio de Janeiro,B.1.1,1
196,2020-06,Jun 2020,Sudeste,Rio de Janeiro,B.1.1.28,3
197,2020-06,Jun 2020,Sudeste,Rio de Janeiro,B.1.1.33,37
198,2020-06,Jun 2020,Sudeste,São Paulo,B.1.1,1
199,2020-06,Jun 2020,Sudeste,São Paulo,B.1.1.28,47
200,2020-06,Jun 2020,Sudeste,São Paulo,B.1.1.33,20
201,2020-06,Jun 2020,Sul,Paraná,B.1.1,1
202,2020-06,Jun 2020,Sul,Paraná,B.1.1.28,23
203,2020-06,Jun 2020,Sul,Paraná,B.1.1.33,74
204,2020-06,Jun 2020,Sul,Paraná,Outras,3
205,2020-06,Jun 2020,Sul,Rio Grande do Sul,B.1.1.28,21
206,2020-06,Jun 2020,Sul,Rio Grande do Sul,B.1.1.33,47
207,2020-06,Jun 2020,Sul,Rio Grande do Sul,Outras,20
208,2020-06,Jun 2020,Sul,Santa Catarina,B.1.1.28,1
209,2020-06,Jun 2020,Sul,Santa Catarina,B.1.1.33,1
210,2020-07,Jul 2020,Centro-oeste,Goiás,B.1.1.28,1
211,2020-07,Jul 2020,Centro-oeste,Goiás,B.1.1.33,4
212,2020-07,Jul 2020,Centro-oeste,Mato Grosso do Sul,B.1.1.28,4
213,2020-07,Jul 2020,Centro-oeste,Mato Grosso do Sul,B.1.1.33,3
214,2020-07,Jul 2020,Centro-oeste,Mato Grosso do Sul,Outras,3
215,2020-07,Jul 2020,Nordeste,Bahia,B.1.1,2
216,2020-07,Jul 2020,Nordeste,Bahia,B.1.1.28,9
217,2020-07,Jul 2020,Nordeste,Bahia,B.1.1.33,7
218,2020-07,Jul 2020,Nordeste,Paraíba,B.1.1,1
219,2020-07,Jul 2020,Nordeste,Paraíba,B.1.1.33,1
220,2020-07,Jul 2020,Nordeste,Pernambuco,B.1.1,27
221,2020-07,Jul 2020,Nordeste,Pernambuco,B.1.1.28,6
222,2020-07,Jul 2020,Nordeste,Pernambuco,B.1.1.33,7
223,2020-07,Jul 2020,Nordeste,Pernambuco,Outras,2
224,2020-07,Jul 2020,Nordeste,Rio Grande do Norte,B.1.1,5
225,2020-07,Jul 2020,Nordeste,Rio Grande do Norte,B.1.1.28,3
226,2020-07,Jul 2020,Nordeste,Rio Grande do Norte,B.1.1.33,1
227,2020-07,Jul 2020,Nordeste,Rio Grande do Norte,Outras,2
228,2020-07,Jul 2020,Nordeste,Sergipe,B.1.1,1
229,2020-07,Jul 2020,Nordeste,Sergipe,Outras,1
230,2020-07,Jul 2020,Norte,Amazonas,B.1.1,1
231,2020-07,Jul 2020,Norte,Amazonas,B.1.1.28,6
232,2020-07,Jul 2020,Norte,Amazonas,B.1.1.33,5
233,2020-07,Jul 2020,Norte,Amazonas,Outras,4
234,2020-07,Jul 2020,Norte,Pará,B.1.1.28,3
235,2020-07,Jul 2020,Norte,Pará,B.1.1.33,3
236,2020-07,Jul 2020,Norte,Pará,Outras,1
237,2020-07,Jul 2020,Sudeste,Minas Gerais,B.1.1.33,1
238,2020-07,Jul 2020,Sudeste,Rio de Janeiro,B.1.1,5
239,2020-07,Jul 2020,Sudeste,Rio de Janeiro,B.1.1.28,4
240,2020-07,Jul 2020,Sudeste,Rio de Janeiro,B.1.1.33,71
241,2020-07,Jul 2020,Sudeste,Rio de Janeiro,Outras,1
242,2020-07,Jul 2020,Sudeste,São Paulo,B.1.1,5
243,2020-07,Jul 2020,Sudeste,São Paulo,B.1.1.28,53
244,2020-07,Jul 2020,Sudeste,São Paulo,B.1.1.33,12
245,2020-07,Jul 2020,Sudeste,São Paulo,Outras,4
246,2020-07,Jul 2020,Sul,Paraná,B.1.1,2
247,2020-07,Jul 2020,Sul,Paraná,B.1.1.28,22
248,2020-07,Jul 2020,Sul,Paraná,B.1.1.33,25
249,2020-07,Jul 2020,Sul,Rio Grande do Sul,B.1.1,5
250,2020-07,Jul 2020,Sul,Rio Grande do Sul,B.1.1.28,19
251,2020-07,Jul 2020,Sul,Rio Grande do Sul,B.1.1.33,44
252,2020-07,Jul 2020,Sul,Rio Grande do Sul,Outras,16
253,2020-07,Jul 2020,Sul,Santa Catarina,B.1.1.28,1
254,2020-07,Jul 2020,Sul,Santa Catarina,B.1.1.33,1
255,2020-08,Ago 2020,Centro-oeste,Goiás,B.1.1,1
256,2020-08,Ago 2020,Centro-oeste,Goiás,B.1.1.28,2
257,2020-08,Ago 2020,Centro-oeste,Goiás,B.1.1.33,11
258,2020-08,Ago 2020,Centro-oeste,Mato Grosso,B.1.1.33,2
259,2020-08,Ago 2020,Centro-oeste,Mato Grosso do Sul,B.1.1.28,2
260,2020-08,Ago 2020,Centro-oeste,Mato Grosso do Sul,B.1.1.33,5
261,2020-08,Ago 2020,Nordeste,Bahia,B.1.1,2
262,2020-08,Ago 2020,Nordeste,Bahia,B.1.1.28,5
263,2020-08,Ago 2020,Nordeste,Bahia,B.1.1.33,6
264,2020-08,Ago 2020,Nordeste,Bahia,Outras,1
265,2020-08,Ago 2020,Nordeste,Ceará,B.1.1.33,1
266,2020-08,Ago 2020,Nordeste,Paraíba,B.1.1,5
267,2020-08,Ago 2020,Nordeste,Paraíba,B.1.1.28,1
268,2020-08,Ago 2020,Nordeste,Paraíba,B.1.1.33,2
269,2020-08,Ago 2020,Nordeste,Pernambuco,B.1.1,23
270,2020-08,Ago 2020,Nordeste,Pernambuco,B.1.1.28,15
271,2020-08,Ago 2020,Nordeste,Pernambuco,B.1.1.33,6
272,2020-08,Ago 2020,Nordeste,Pernambuco,Outras,7
273,2020-08,Ago 2020,Nordeste,Rio Grande do Norte,B.1.1,4
274,2020-08,Ago 2020,Nordeste,Rio Grande do Norte,B.1.1.28,2
275,2020-08,Ago 2020,Nordeste,Rio Grande do Norte,Outras,1
276,2020-08,Ago 2020,Nordeste,Sergipe,B.1.1.28,3
277,2020-08,Ago 2020,Norte,Acre,B.1.1.33,14
278,2020-08,Ago 2020,Norte,Amazonas,B.1.1.28,4
279,2020-08,Ago 2020,Norte,Amazonas,Outras,2
280,2020-08,Ago 2020,Sudeste,Minas Gerais,B.1.1.28,1
281,2020-08,Ago 2020,Sudeste,Minas Gerais,B.1.1.33,3
282,2020-08,Ago 2020,Sudeste,Rio de Janeiro,B.1.1,4
283,2020-08,Ago 2020,Sudeste,Rio de Janeiro,B.1.1.28,16
284,2020-08,Ago 2020,Sudeste,Rio de Janeiro,B.1.1.33,32
285,2020-08,Ago 2020,Sudeste,Rio de Janeiro,Outras,2
286,2020-08,Ago 2020,Sudeste,São Paulo,B.1.1,2
287,2020-08,Ago 2020,Sudeste,São Paulo,B.1.1.28,28
288,2020-08,Ago 2020,Sudeste,São Paulo,B.1.1.33,8
289,2020-08,Ago 2020,Sudeste,São Paulo,Outras,1
290,2020-08,Ago 2020,Sul,Paraná,B.1.1,2
291,2020-08,Ago 2020,Sul,Paraná,B.1.1.28,10
292,2020-08,Ago 2020,Sul,Paraná,B.1.1.33,7
293,2020-08,Ago 2020,Sul,Paraná,Outras,2
294,2020-08,Ago 2020,Sul,Rio Grande do Sul,B.1.1,6
295,2020-08,Ago 2020,Sul,Rio Grande do Sul,B.1.1.28,39
296,2020-08,Ago 2020,Sul,Rio Grande do Sul,B.1.1.33,61
297,2020-08,Ago 2020,Sul,Rio Grande do Sul,Outras,17
298,2020-08,Ago 2020,Sul,Santa Catarina,B.1.1.28,1
299,2020-08,Ago 2020,Sul,Santa Catarina,B.1.1.33,1
300,2020-09,Set 2020,Centro-oeste,Distrito Federal,B.1.1,1
301,2020-09,Set 2020,Centro-oeste,Distrito Federal,B.1.1.28,2
302,2020-09,Set 2020,Centro-oeste,Distrito Federal,B.1.1.33,1
303,2020-09,Set 2020,Centro-oeste,Distrito Federal,P.2,2
304,2020-09,Set 2020,Centro-oeste,Goiás,B.1.1,1
305,2020-09,Set 2020,Centro-oeste,Goiás,B.1.1.28,1
306,2020-09,Set 2020,Centro-oeste,Goiás,B.1.1.33,4
307,2020-09,Set 2020,Centro-oeste,Mato Grosso do Sul,B.1.1.28,2
308,2020-09,Set 2020,Centro-oeste,Mato Grosso do Sul,B.1.1.33,6
309,2020-09,Set 2020,Nordeste,Bahia,B.1.1,3
310,2020-09,Set 2020,Nordeste,Bahia,B.1.1.28,9
311,2020-09,Set 2020,Nordeste,Bahia,B.1.1.33,12
312,2020-09,Set 2020,Nordeste,Bahia,Outras,1
313,2020-09,Set 2020,Nordeste,Ceará,B.1.1.33,1
314,2020-09,Set 2020,Nordeste,Paraíba,B.1.1,9
315,2020-09,Set 2020,Nordeste,Paraíba,B.1.1.33,2
316,2020-09,Set 2020,Nordeste,Pernambuco,B.1.1,30
317,2020-09,Set 2020,Nordeste,Pernambuco,B.1.1.28,55
318,2020-09,Set 2020,Nordeste,Pernambuco,B.1.1.33,19
319,2020-09,Set 2020,Nordeste,Pernambuco,Outras,11
320,2020-09,Set 2020,Nordeste,Pernambuco,P.1 (Gama),1
321,2020-09,Set 2020,Nordeste,Rio Grande do Norte,B.1.1,4
322,2020-09,Set 2020,Nordeste,Rio Grande do Norte,B.1.1.33,4
323,2020-09,Set 2020,Nordeste,Rio Grande do Norte,Outras,2
324,2020-09,Set 2020,Norte,Amazonas,B.1.1,1
325,2020-09,Set 2020,Norte,Amazonas,B.1.1.28,9
326,2020-09,Set 2020,Norte,Amazonas,B.1.1.33,8
327,2020-09,Set 2020,Norte,Amazonas,Outras,4
328,2020-09,Set 2020,Norte,Tocantins,B.1.1,1
329,2020-09,Set 2020,Norte,Tocantins,B.1.1.28,4
330,2020-09,Set 2020,Sudeste,Espírito Santo,B.1.1.33,14
331,2020-09,Set 2020,Sudeste,Minas Gerais,B.1.1.28,4
332,2020-09,Set 2020,Sudeste,Minas Gerais,B.1.1.33,3
333,2020-09,Set 2020,Sudeste,Rio de Janeiro,B.1.1,2
334,2020-09,Set 2020,Sudeste,Rio de Janeiro,B.1.1.28,10
335,2020-09,Set 2020,Sudeste,Rio de Janeiro,B.1.1.33,40
336,2020-09,Set 2020,Sudeste,Rio de Janeiro,Outras,3
337,2020-09,Set 2020,Sudeste,São Paulo,B.1.1.28,13
338,2020-09,Set 2020,Sudeste,São Paulo,B.1.1.33,2
339,2020-09,Set 2020,Sudeste,São Paulo,Outras,1
340,2020-09,Set 2020,Sudeste,São Paulo,P.2,1
341,2020-09,Set 2020,Sul,Paraná,B.1.1,1
342,2020-09,Set 2020,Sul,Paraná,B.1.1.28,3
343,2020-09,Set 2020,Sul,Paraná,B.1.1.33,5
344,2020-09,Set 2020,Sul,Paraná,P.2,1
345,2020-09,Set 2020,Sul,Rio Grande do Sul,B.1.1,2
346,2020-09,Set 2020,Sul,Rio Grande do Sul,B.1.1.28,21
347,2020-09,Set 2020,Sul,Rio Grande do Sul,B.1.1.33,34
348,2020-09,Set 2020,Sul,Rio Grande do Sul,Outras,7
349,2020-09,Set 2020,Sul,Rio Grande do Sul,P.1 (Gama),1
350,2020-09,Set 2020,Sul,Santa Catarina,B.1.1,1
351,2020-09,Set 2020,Sul,Santa Catarina,B.1.1.28,2
352,2020-09,Set 2020,Sul,Santa Catarina,B.1.1.33,1
353,2020-10,Out 2020,Centro-oeste,Distrito Federal,B.1.1.28,3
354,2020-10,Out 2020,Centro-oeste,Distrito Federal,P.2,4
355,2020-10,Out 2020,Centro-oeste,Goiás,B.1.1.28,2
356,2020-10,Out 2020,Centro-oeste,Goiás,B.1.1.33,2
357,2020-10,Out 2020,Centro-oeste,Goiás,P.2,1
358,2020-10,Out 2020,Centro-oeste,Mato Grosso do Sul,B.1.1.28,7
359,2020-10,Out 2020,Centro-oeste,Mato Grosso do Sul,B.1.1.33,2
360,2020-10,Out 2020,Nordeste,Bahia,B.1.1,1
361,2020-10,Out 2020,Nordeste,Bahia,B.1.1.28,3
362,2020-10,Out 2020,Nordeste,Bahia,B.1.1.33,5
363,2020-10,Out 2020,Nordeste,Bahia,P.2,1
364,2020-10,Out 2020,Nordeste,Paraíba,B.1.1,6
365,2020-10,Out 2020,Nordeste,Paraíba,P.2,1
366,2020-10,Out 2020,Nordeste,Pernambuco,B.1.1,18
367,2020-10,Out 2020,Nordeste,Pernambuco,B.1.1.28,29
368,2020-10,Out 2020,Nordeste,Pernambuco,B.1.1.33,29
369,2020-10,Out 2020,Nordeste,Pernambuco,Outras,3
370,2020-10,Out 2020,Nordeste,Pernambuco,P.2,10
371,2020-10,Out 2020,Nordeste,Piauí,B.1.1.28,2
372,2020-10,Out 2020,Nordeste,Piauí,Outras,2
373,2020-10,Out 2020,Nordeste,Rio Grande do Norte,B.1.1,2
374,2020-10,Out 2020,Nordeste,Rio Grande do Norte,B.1.1.28,3
375,2020-10,Out 2020,Nordeste,Rio Grande do Norte,B.1.1.33,3
376,2020-10,Out 2020,Nordeste,Rio Grande do Norte,Outras,1
377,2020-10,Out 2020,Norte,Amazonas,B.1.1,1
378,2020-10,Out 2020,Norte,Amazonas,B.1.1.28,8
379,2020-10,Out 2020,Norte,Amazonas,B.1.1.33,3
380,2020-10,Out 2020,Norte,Amazonas,Outras,4
381,2020-10,Out 2020,Norte,Pará,B.1.1,1
382,2020-10,Out 2020,Norte,Pará,P.2,6
383,2020-10,Out 2020,Norte,Tocantins,B.1.1.28,6
384,2020-10,Out 2020,Norte,Tocantins,B.1.1.33,2
385,2020-10,Out 2020,Norte,Tocantins,P.2,1
386,2020-10,Out 2020,Sudeste,Espírito Santo,B.1.1.28,5
387,2020-10,Out 2020,Sudeste,Espírito Santo,B.1.1.33,7
388,2020-10,Out 2020,Sudeste,Espírito Santo,P.2,3
389,2020-10,Out 2020,Sudeste,Minas Gerais,B.1.1,1
390,2020-10,Out 2020,Sudeste,Minas Gerais,B.1.1.28,6
391,2020-10,Out 2020,Sudeste,Minas Gerais,B.1.1.33,6
392,2020-10,Out 2020,Sudeste,Minas Gerais,P.2,1
393,2020-10,Out 2020,Sudeste,Rio de Janeiro,B.1.1,1
394,2020-10,Out 2020,Sudeste,Rio de Janeiro,B.1.1.28,14
395,2020-10,Out 2020,Sudeste,Rio de Janeiro,B.1.1.33,42
396,2020-10,Out 2020,Sudeste,Rio de Janeiro,Outras,1
397,2020-10,Out 2020,Sudeste,Rio de Janeiro,P.2,25
398,2020-10,Out 2020,Sudeste,São Paulo,B.1.1,1
399,2020-10,Out 2020,Sudeste,São Paulo,B.1.1.28,22
400,2020-10,Out 2020,Sudeste,São Paulo,B.1.1.33,6
401,2020-10,Out 2020,Sudeste,São Paulo,Outras,3
402,2020-10,Out 2020,Sudeste,São Paulo,P.2,5
403,2020-10,Out 2020,Sul,Paraná,B.1.1.28,15
404,2020-10,Out 2020,Sul,Paraná,B.1.1.33,7
405,2020-10,Out 2020,Sul,Paraná,Outras,1
406,2020-10,Out 2020,Sul,Paraná,P.2,8
407,2020-10,Out 2020,Sul,Rio Grande do Sul,B.1.1,3
408,2020-10,Out 2020,Sul,Rio Grande do Sul,B.1.1.28,26
409,2020-10,Out 2020,Sul,Rio Grande do Sul,B.1.1.33,25
410,2020-10,Out 2020,Sul,Rio Grande do Sul,Outras,11
411,2020-10,Out 2020,Sul,Rio Grande do Sul,P.2,10
412,2020-10,Out 2020,Sul,Santa Catarina,B.1.1.33,1
413,2020-11,Nov 2020,Centro-oeste,Distrito Federal,B.1.1.28,1
414,2020-11,Nov 2020,Centro-oeste,Distrito Federal,P.2,2
415,2020-11,Nov 2020,Centro-oeste,Goiás,P.2,1
416,2020-11,Nov 2020,Centro-oeste,Mato Grosso,Outras,1
417,2020-11,Nov 2020,Centro-oeste,Mato Grosso do Sul,Outras,1
418,2020-11,Nov 2020,Nordeste,Alagoas,B.1.1.28,1
419,2020-11,Nov 2020,Nordeste,Alagoas,Outras,1
420,2020-11,Nov 2020,Nordeste,Alagoas,P.2,4
421,2020-11,Nov 2020,Nordeste,Bahia,B.1.1.28,3
422,2020-11,Nov 2020,Nordeste,Bahia,B.1.1.33,4
423,2020-11,Nov 2020,Nordeste,Bahia,Outras,3
424,2020-11,Nov 2020,Nordeste,Ceará,B.1.1.28,3
425,2020-11,Nov 2020,Nordeste,Ceará,B.1.1.33,7
426,2020-11,Nov 2020,Nordeste,Ceará,P.2,2
427,2020-11,Nov 2020,Nordeste,Maranhão,B.1.1,1
428,2020-11,Nov 2020,Nordeste,Maranhão,B.1.1.28,1
429,2020-11,Nov 2020,Nordeste,Maranhão,Outras,6
430,2020-11,Nov 2020,Nordeste,Maranhão,P.1 (Gama),1
431,2020-11,Nov 2020,Nordeste,Paraíba,B.1.1,14
432,2020-11,Nov 2020,Nordeste,Paraíba,B.1.1.28,2
433,2020-11,Nov 2020,Nordeste,Paraíba,B.1.1.33,3
434,2020-11,Nov 2020,Nordeste,Paraíba,Outras,6
435,2020-11,Nov 2020,Nordeste,Paraíba,P.2,3
436,2020-11,Nov 2020,Nordeste,Pernambuco,B.1.1,10
437,2020-11,Nov 2020,Nordeste,Pernambuco,B.1.1.28,64
438,2020-11,Nov 2020,Nordeste,Pernambuco,B.1.1.33,50
439,2020-11,Nov 2020,Nordeste,Pernambuco,Outras,9
440,2020-11,Nov 2020,Nordeste,Pernambuco,P.2,4
441,2020-11,Nov 2020,Nordeste,Piauí,B.1.1.28,1
442,2020-11,Nov 2020,Nordeste,Piauí,Outras,3
443,2020-11,Nov 2020,Nordeste,Rio Grande do Norte,B.1.1,1
444,2020-11,Nov 2020,Nordeste,Rio Grande do Norte,B.1.1.28,2
445,2020-11,Nov 2020,Nordeste,Rio Grande do Norte,B.1.1.33,5
446,2020-11,Nov 2020,Nordeste,Rio Grande do Norte,Outras,2
447,2020-11,Nov 2020,Nordeste,Rio Grande do Norte,P.2,4
448,2020-11,Nov 2020,Norte,Amapá,P.2,5
449,2020-11,Nov 2020,Norte,Amazonas,B.1.1,2
450,2020-11,Nov 2020,Norte,Amazonas,B.1.1.28,21
451,2020-11,Nov 2020,Norte,Amazonas,B.1.1.33,3
452,2020-11,Nov 2020,Norte,Amazonas,Outras,20
453,2020-11,Nov 2020,Norte,Amazonas,P.2,3
454,2020-11,Nov 2020,Norte,Pará,B.1.1,3
455,2020-11,Nov 2020,Norte,Pará,B.1.1.28,2
456,2020-11,Nov 2020,Norte,Pará,Outras,1
457,2020-11,Nov 2020,Norte,Pará,P.2,10
458,2020-11,Nov 2020,Norte,Roraima,B.1.1.28,1
459,2020-11,Nov 2020,Sudeste,Espírito Santo,B.1.1.28,2
460,2020-11,Nov 2020,Sudeste,Espírito Santo,B.1.1.33,9
461,2020-11,Nov 2020,Sudeste,Espírito Santo,P.2,7
462,2020-11,Nov 2020,Sudeste,Minas Gerais,B.1.1,1
463,2020-11,Nov 2020,Sudeste,Minas Gerais,B.1.1.28,6
464,2020-11,Nov 2020,Sudeste,Minas Gerais,B.1.1.33,6
465,2020-11,Nov 2020,Sudeste,Minas Gerais,P.2,13
466,2020-11,Nov 2020,Sudeste,Rio de Janeiro,B.1.1,3
467,2020-11,Nov 2020,Sudeste,Rio de Janeiro,B.1.1.28,17
468,2020-11,Nov 2020,Sudeste,Rio de Janeiro,B.1.1.33,20
469,2020-11,Nov 2020,Sudeste,Rio de Janeiro,Outras,1
470,2020-11,Nov 2020,Sudeste,Rio de Janeiro,P.2,33
471,2020-11,Nov 2020,Sudeste,São Paulo,B.1.1,3
472,2020-11,Nov 2020,Sudeste,São Paulo,B.1.1.28,37
473,2020-11,Nov 2020,Sudeste,São Paulo,B.1.1.33,8
474,2020-11,Nov 2020,Sudeste,São Paulo,Outras,21
475,2020-11,Nov 2020,Sudeste,São Paulo,P.2,26
476,2020-11,Nov 2020,Sul,Paraná,B.1.1,1
477,2020-11,Nov 2020,Sul,Paraná,B.1.1.28,22
478,2020-11,Nov 2020,Sul,Paraná,B.1.1.33,4
479,2020-11,Nov 2020,Sul,Paraná,Outras,3
480,2020-11,Nov 2020,Sul,Paraná,P.2,12
481,2020-11,Nov 2020,Sul,Rio Grande do Sul,B.1.1,1
482,2020-11,Nov 2020,Sul,Rio Grande do Sul,B.1.1.28,51
483,2020-11,Nov 2020,Sul,Rio Grande do Sul,B.1.1.33,18
484,2020-11,Nov 2020,Sul,Rio Grande do Sul,Outras,43
485,2020-11,Nov 2020,Sul,Rio Grande do Sul,P.1 (Gama),1
486,2020-11,Nov 2020,Sul,Rio Grande do Sul,P.2,75
487,2020-11,Nov 2020,Sul,Santa Catarina,B.1.1.28,1
488,2020-11,Nov 2020,Sul,Santa Catarina,B.1.1.33,1
489,2020-11,Nov 2020,Sul,Santa Catarina,Outras,1
490,2020-11,Nov 2020,Sul,Santa Catarina,P.2,3
491,2020-12,Dez 2020,Centro-oeste,Distrito Federal,B.1.1.28,1
492,2020-12,Dez 2020,Centro-oeste,Distrito Federal,B.1.1.7 (Alfa),2
493,2020-12,Dez 2020,Centro-oeste,Goiás,B.1.1.28,12
494,2020-12,Dez 2020,Centro-oeste,Goiás,B.1.1.33,1
495,2020-12,Dez 2020,Centro-oeste,Goiás,Outras,8
496,2020-12,Dez 2020,Centro-oeste,Goiás,P.2,30
497,2020-12,Dez 2020,Centro-oeste,Mato Grosso,B.1.1.28,2
498,2020-12,Dez 2020,Centro-oeste,Mato Grosso,B.1.1.33,3
499,2020-12,Dez 2020,Centro-oeste,Mato Grosso,Outras,1
500,2020-12,Dez 2020,Centro-oeste,Mato Grosso,P.2,3
501,2020-12,Dez 2020,Centro-oeste,Mato Grosso do Sul,B.1.1.28,1
502,2020-12,Dez 2020,Centro-oeste,Mato Grosso do Sul,B.1.1.33,6
503,2020-12,Dez 2020,Centro-oeste,Mato Grosso do Sul,Outras,1
504,2020-12,Dez 2020,Centro-oeste,Mato Grosso do Sul,P.2,3
505,2020-12,Dez 2020,Nordeste,Alagoas,B.1.1,1
506,2020-12,Dez 2020,Nordeste,Alagoas,B.1.1.28,1
507,2020-12,Dez 2020,Nordeste,Alagoas,B.1.1.33,1
508,2020-12,Dez 2020,Nordeste,Alagoas,Outras,2
509,2020-12,Dez 2020,Nordeste,Alagoas,P.2,25
510,2020-12,Dez 2020,Nordeste,Bahia,B.1.1.28,3
511,2020-12,Dez 2020,Nordeste,Bahia,Outras,2
512,2020-12,Dez 2020,Nordeste,Bahia,P.1 (Gama),5
513,2020-12,Dez 2020,Nordeste,Bahia,P.2,6
514,2020-12,Dez 2020,Nordeste,Ceará,B.1.1,2
515,2020-12,Dez 2020,Nordeste,Ceará,B.1.1.28,4
516,2020-12,Dez 2020,Nordeste,Ceará,B.1.1.33,8
517,2020-12,Dez 2020,Nordeste,Ceará,P.2,10
518,2020-12,Dez 2020,Nordeste,Maranhão,B.1.1.28,7
519,2020-12,Dez 2020,Nordeste,Maranhão,B.1.1.33,4
520,2020-12,Dez 2020,Nordeste,Maranhão,Outras,24
521,2020-12,Dez 2020,Nordeste,Maranhão,P.1 (Gama),1
522,2020-12,Dez 2020,Nordeste,Maranhão,P.2,13
523,2020-12,Dez 2020,Nordeste,Paraíba,B.1.1,6
524,2020-12,Dez 2020,Nordeste,Paraíba,B.1.1.28,8
525,2020-12,Dez 2020,Nordeste,Paraíba,B.1.1.33,2
526,2020-12,Dez 2020,Nordeste,Paraíba,Outras,5
527,2020-12,Dez 2020,Nordeste,Paraíba,P.2,10
528,2020-12,Dez 2020,Nordeste,Pernambuco,B.1.1,2
529,2020-12,Dez 2020,Nordeste,Pernambuco,B.1.1.33,1
530,2020-12,Dez 2020,Nordeste,Pernambuco,Outras,4
531,2020-12,Dez 2020,Nordeste,Pernambuco,P.2,15
532,2020-12,Dez 2020,Nordeste,Rio Grande do Norte,B.1.1,3
533,2020-12,Dez 2020,Nordeste,Rio Grande do Norte,B.1.1.28,2
534,2020-12,Dez 2020,Nordeste,Rio Grande do Norte,B.1.1.33,1
535,2020-12,Dez 2020,Nordeste,Rio Grande do Norte,Outras,2
536,2020-12,Dez 2020,Nordeste,Rio Grande do Norte,P.2,12
537,2020-12,Dez 2020,Norte,Acre,P.2,1
538,2020-12,Dez 2020,Norte,Amapá,B.1.1.28,1
539,2020-12,Dez 2020,Norte,Amapá,B.1.1.33,1
540,2020-12,Dez 2020,Norte,Amapá,Outras,1
541,2020-12,Dez 2020,Norte,Amapá,P.2,14
542,2020-12,Dez 2020,Norte,Amazonas,B.1.1,6
543,2020-12,Dez 2020,Norte,Amazonas,B.1.1.28,31
544,2020-12,Dez 2020,Norte,Amazonas,B.1.1.33,14
545,2020-12,Dez 2020,Norte,Amazonas,Outras,26
546,2020-12,Dez 2020,Norte,Amazonas,P.1 (Gama),118
547,2020-12,Dez 2020,Norte,Amazonas,P.2,42
548,2020-12,Dez 2020,Norte,Pará,B.1.1,3
549,2020-12,Dez 2020,Norte,Pará,B.1.1.28,1
550,2020-12,Dez 2020,Norte,Pará,B.1.1.33,1
551,2020-12,Dez 2020,Norte,Pará,Outras,2
552,2020-12,Dez 2020,Norte,Pará,P.2,14
553,2020-12,Dez 2020,Norte,Tocantins,P.2,1
554,2020-12,Dez 2020,Sudeste,Espírito Santo,B.1.1.28,6
555,2020-12,Dez 2020,Sudeste,Espírito Santo,B.1.1.33,11
556,2020-12,Dez 2020,Sudeste,Espírito Santo,Outras,1
557,2020-12,Dez 2020,Sudeste,Espírito Santo,P.2,15
558,2020-12,Dez 2020,Sudeste,Minas Gerais,B.1.1,1
559,2020-12,Dez 2020,Sudeste,Minas Gerais,B.1.1.28,9
560,2020-12,Dez 2020,Sudeste,Minas Gerais,B.1.1.33,3
561,2020-12,Dez 2020,Sudeste,Minas Gerais,Outras,1
562,2020-12,Dez 2020,Sudeste,Minas Gerais,P.2,24
563,2020-12,Dez 2020,Sudeste,Rio de Janeiro,B.1.1.28,5
564,2020-12,Dez 2020,Sudeste,Rio de Janeiro,B.1.1.33,8
565,2020-12,Dez 2020,Sudeste,Rio de Janeiro,Outras,9
566,2020-12,Dez 2020,Sudeste,Rio de Janeiro,P.2,110
567,2020-12,Dez 2020,Sudeste,São Paulo,B.1.1,1
568,2020-12,Dez 2020,Sudeste,São Paulo,B.1.1.28,29
569,2020-12,Dez 2020,Sudeste,São Paulo,B.1.1.33,5
570,2020-12,Dez 2020,Sudeste,São Paulo,Outras,15
571,2020-12,Dez 2020,Sudeste,São Paulo,P.2,23
572,2020-12,Dez 2020,Sul,Paraná,B.1.1,1
573,2020-12,Dez 2020,Sul,Paraná,B.1.1.28,11
574,2020-12,Dez 2020,Sul,Paraná,B.1.1.33,2
575,2020-12,Dez 2020,Sul,Paraná,Outras,6
576,2020-12,Dez 2020,Sul,Paraná,P.1 (Gama),1
577,2020-12,Dez 2020,Sul,Paraná,P.2,26
578,2020-12,Dez 2020,Sul,Rio Grande do Sul,B.1.1,1
579,2020-12,Dez 2020,Sul,Rio Grande do Sul,B.1.1.28,15
580,2020-12,Dez 2020,Sul,Rio Grande do Sul,B.1.1.33,6
581,2020-12,Dez 2020,Sul,Rio Grande do Sul,Outras,11
582,2020-12,Dez 2020,Sul,Rio Grande do Sul,P.2,38
583,2020-12,Dez 2020,Sul,Santa Catarina,B.1.1.28,3
584,2020-12,Dez 2020,Sul,Santa Catarina,B.1.1.33,1
585,2020-12,Dez 2020,Sul,Santa Catarina,Outras,6
586,2020-12,Dez 2020,Sul,Santa Catarina,P.2,36
587,2021-01,Jan 2021,Centro-oeste,Distrito Federal,P.1 (Gama),1
588,2021-01,Jan 2021,Centro-oeste,Distrito Federal,P.2,1
589,2021-01,Jan 2021,Centro-oeste,Goiás,B.1.1,1
590,2021-01,Jan 2021,Centro-oeste,Goiás,B.1.1.28,5
591,2021-01,Jan 2021,Centro-oeste,Goiás,B.1.1.33,2
592,2021-01,Jan 2021,Centro-oeste,Goiás,B.1.1.7 (Alfa),6
593,2021-01,Jan 2021,Centro-oeste,Goiás,Outras,5
594,2021-01,Jan 2021,Centro-oeste,Goiás,P.1 (Gama),44
595,2021-01,Jan 2021,Centro-oeste,Goiás,P.2,72
596,2021-01,Jan 2021,Centro-oeste,Mato Grosso,B.1.1.28,5
597,2021-01,Jan 2021,Centro-oeste,Mato Grosso,B.1.1.33,1
598,2021-01,Jan 2021,Centro-oeste,Mato Grosso,B.1.1.7 (Alfa),2
599,2021-01,Jan 2021,Centro-oeste,Mato Grosso,Outras,6
600,2021-01,Jan 2021,Centro-oeste,Mato Grosso,P.1 (Gama),4
601,2021-01,Jan 2021,Centro-oeste,Mato Grosso,P.2,8
602,2021-01,Jan 2021,Centro-oeste,Mato Grosso do Sul,B.1.1.28,3
603,2021-01,Jan 2021,Centro-oeste,Mato Grosso do Sul,B.1.1.33,1
604,2021-01,Jan 2021,Centro-oeste,Mato Grosso do Sul,B.1.1.7 (Alfa),1
605,2021-01,Jan 2021,Centro-oeste,Mato Grosso do Sul,Outras,3
606,2021-01,Jan 2021,Centro-oeste,Mato Grosso do Sul,P.2,14
607,2021-01,Jan 2021,Nordeste,Alagoas,B.1.1,1
608,2021-01,Jan 2021,Nordeste,Alagoas,B.1.1.28,3
609,2021-01,Jan 2021,Nordeste,Alagoas,B.1.1.33,2
610,2021-01,Jan 2021,Nordeste,Alagoas,Outras,1
611,2021-01,Jan 2021,Nordeste,Alagoas,P.1 (Gama),14
612,2021-01,Jan 2021,Nordeste,Alagoas,P.2,32
613,2021-01,Jan 2021,Nordeste,Bahia,B.1.1,2
614,2021-01,Jan 2021,Nordeste,Bahia,B.1.1.28,3
615,2021-01,Jan 2021,Nordeste,Bahia,B.1.1.33,2
616,2021-01,Jan 2021,Nordeste,Bahia,B.1.1.7 (Alfa),4
617,2021-01,Jan 2021,Nordeste,Bahia,Outras,8
618,2021-01,Jan 2021,Nordeste,Bahia,P.1 (Gama),13
619,2021-01,Jan 2021,Nordeste,Bahia,P.2,49
620,2021-01,Jan 2021,Nordeste,Ceará,B.1.1,3
621,2021-01,Jan 2021,Nordeste,Ceará,B.1.1.28,1
622,2021-01,Jan 2021,Nordeste,Ceará,B.1.1.33,9
623,2021-01,Jan 2021,Nordeste,Ceará,Outras,3
624,2021-01,Jan 2021,Nordeste,Ceará,P.1 (Gama),16
625,2021-01,Jan 2021,Nordeste,Ceará,P.2,21
626,2021-01,Jan 2021,Nordeste,Maranhão,B.1.1.28,2
627,2021-01,Jan 2021,Nordeste,Maranhão,B.1.1.33,1
628,2021-01,Jan 2021,Nordeste,Maranhão,Outras,23
629,2021-01,Jan 2021,Nordeste,Maranhão,P.1 (Gama),8
630,2021-01,Jan 2021,Nordeste,Maranhão,P.2,15
631,2021-01,Jan 2021,Nordeste,Paraíba,B.1.1,3
632,2021-01,Jan 2021,Nordeste,Paraíba,B.1.1.28,2
633,2021-01,Jan 2021,Nordeste,Paraíba,B.1.1.33,1
634,2021-01,Jan 2021,Nordeste,Paraíba,Outras,6
635,2021-01,Jan 2021,Nordeste,Paraíba,P.1 (Gama),5
636,2021-01,Jan 2021,Nordeste,Paraíba,P.2,24
637,2021-01,Jan 2021,Nordeste,Pernambuco,B.1.1,4
638,2021-01,Jan 2021,Nordeste,Pernambuco,B.1.1.28,2
639,2021-01,Jan 2021,Nordeste,Pernambuco,Outras,1
640,2021-01,Jan 2021,Nordeste,Pernambuco,P.1 (Gama),1
641,2021-01,Jan 2021,Nordeste,Pernambuco,P.2,16
642,2021-01,Jan 2021,Nordeste,Piauí,Outras,1
643,2021-01,Jan 2021,Nordeste,Rio Grande do Norte,B.1.1,1
644,2021-01,Jan 2021,Nordeste,Rio Grande do Norte,B.1.1.28,3
645,2021-01,Jan 2021,Nordeste,Rio Grande do Norte,Outras,1
646,2021-01,Jan 2021,Nordeste,Rio Grande do Norte,P.1 (Gama),12
647,2021-01,Jan 2021,Nordeste,Rio Grande do Norte,P.2,26
648,2021-01,Jan 2021,Nordeste,Sergipe,B.1.1,1
649,2021-01,Jan 2021,Nordeste,Sergipe,B.1.1.28,7
650,2021-01,Jan 2021,Nordeste,Sergipe,B.1.1.33,2
651,2021-01,Jan 2021,Nordeste,Sergipe,B.1.1.7 (Alfa),1
652,2021-01,Jan 2021,Nordeste,Sergipe,Outras,2
653,2021-01,Jan 2021,Nordeste,Sergipe,P.1 (Gama),7
654,2021-01,Jan 2021,Nordeste,Sergipe,P.2,23
655,2021-01,Jan 2021,Norte,Acre,B.1.1.28,15
656,2021-01,Jan 2021,Norte,Acre,B.1.1.33,3
657,2021-01,Jan 2021,Norte,Acre,Outras,5
658,2021-01,Jan 2021,Norte,Acre,P.1 (Gama),10
659,2021-01,Jan 2021,Norte,Acre,P.2,3
660,2021-01,Jan 2021,Norte,Amapá,B.1.1.33,1
661,2021-01,Jan 2021,Norte,Amapá,Outras,2
662,2021-01,Jan 2021,Norte,Amapá,P.1 (Gama),9
663,2021-01,Jan 2021,Norte,Amapá,P.2,59
664,2021-01,Jan 2021,Norte,Amazonas,B.1.1.28,3
665,2021-01,Jan 2021,Norte,Amazonas,B.1.1.33,2
666,2021-01,Jan 2021,Norte,Amazonas,Outras,2
667,2021-01,Jan 2021,Norte,Amazonas,P.1 (Gama),172
668,2021-01,Jan 2021,Norte,Amazonas,P.2,7
669,2021-01,Jan 2021,Norte,Pará,B.1.1,2
670,2021-01,Jan 2021,Norte,Pará,B.1.1.28,4
671,2021-01,Jan 2021,Norte,Pará,Outras,1
672,2021-01,Jan 2021,Norte,Pará,P.1 (Gama),20
673,2021-01,Jan 2021,Norte,Pará,P.2,25
674,2021-01,Jan 2021,Norte,Rondônia,B.1.1.28,2
675,2021-01,Jan 2021,Norte,Rondônia,B.1.1.33,6
676,2021-01,Jan 2021,Norte,Rondônia,Outras,1
677,2021-01,Jan 2021,Norte,Rondônia,P.1 (Gama),5
678,2021-01,Jan 2021,Norte,Rondônia,P.2,5
679,2021-01,Jan 2021,Norte,Roraima,P.1 (Gama),12
680,2021-01,Jan 2021,Norte,Roraima,P.2,1
681,2021-01,Jan 2021,Norte,Tocantins,B.1.1.28,1
682,2021-01,Jan 2021,Norte,Tocantins,P.1 (Gama),2
683,2021-01,Jan 2021,Norte,Tocantins,P.2,3
684,2021-01,Jan 2021,Sudeste,Espírito Santo,B.1.1.28,7
685,2021-01,Jan 2021,Sudeste,Espírito Santo,B.1.1.33,10
686,2021-01,Jan 2021,Sudeste,Espírito Santo,B.1.1.7 (Alfa),1
687,2021-01,Jan 2021,Sudeste,Espírito Santo,Outras,1
688,2021-01,Jan 2021,Sudeste,Espírito Santo,P.1 (Gama),4
689,2021-01,Jan 2021,Sudeste,Espírito Santo,P.2,28
690,2021-01,Jan 2021,Sudeste,Minas Gerais,B.1.1.28,6
691,2021-01,Jan 2021,Sudeste,Minas Gerais,B.1.1.33,3
692,2021-01,Jan 2021,Sudeste,Minas Gerais,B.1.1.7 (Alfa),13
693,2021-01,Jan 2021,Sudeste,Minas Gerais,Outras,3
694,2021-01,Jan 2021,Sudeste,Minas Gerais,P.1 (Gama),2
695,2021-01,Jan 2021,Sudeste,Minas Gerais,P.2,47
696,2021-01,Jan 2021,Sudeste,Rio de Janeiro,B.1.1,1
697,2021-01,Jan 2021,Sudeste,Rio de Janeiro,B.1.1.28,9
698,2021-01,Jan 2021,Sudeste,Rio de Janeiro,B.1.1.33,6
699,2021-01,Jan 2021,Sudeste,Rio de Janeiro,B.1.1.7 (Alfa),5
700,2021-01,Jan 2021,Sudeste,Rio de Janeiro,Outras,1
701,2021-01,Jan 2021,Sudeste,Rio de Janeiro,P.1 (Gama),4
702,2021-01,Jan 2021,Sudeste,Rio de Janeiro,P.2,137
703,2021-01,Jan 2021,Sudeste,São Paulo,B.1.1,2
704,2021-01,Jan 2021,Sudeste,São Paulo,B.1.1.28,56
705,2021-01,Jan 2021,Sudeste,São Paulo,B.1.1.33,6
706,2021-01,Jan 2021,Sudeste,São Paulo,B.1.1.7 (Alfa),21
707,2021-01,Jan 2021,Sudeste,São Paulo,Outras,30
708,2021-01,Jan 2021,Sudeste,São Paulo,P.1 (Gama),51
709,2021-01,Jan 2021,Sudeste,São Paulo,P.2,133
710,2021-01,Jan 2021,Sul,Paraná,B.1.1.28,9
711,2021-01,Jan 2021,Sul,Paraná,B.1.1.33,2
712,2021-01,Jan 2021,Sul,Paraná,B.1.1.7 (Alfa),3
713,2021-01,Jan 2021,Sul,Paraná,Outras,3
714,2021-01,Jan 2021,Sul,Paraná,P.1 (Gama),5
715,2021-01,Jan 2021,Sul,Paraná,P.2,22
716,2021-01,Jan 2021,Sul,Rio Grande do Sul,B.1.1.28,9
717,2021-01,Jan 2021,Sul,Rio Grande do Sul,B.1.1.33,1
718,2021-01,Jan 2021,Sul,Rio Grande do Sul,Outras,13
719,2021-01,Jan 2021,Sul,Rio Grande do Sul,P.1 (Gama),7
720,2021-01,Jan 2021,Sul,Rio Grande do Sul,P.2,46
721,2021-01,Jan 2021,Sul,Santa Catarina,B.1.1.28,6
722,2021-01,Jan 2021,Sul,Santa Catarina,B.1.1.33,2
723,2021-01,Jan 2021,Sul,Santa Catarina,B.1.1.7 (Alfa),1
724,2021-01,Jan 2021,Sul,Santa Catarina,Outras,6
725,2021-01,Jan 2021,Sul,Santa Catarina,P.1 (Gama),18
726,2021-01,Jan 2021,Sul,Santa Catarina,P.2,61
727,2021-02,Fev 2021,Centro-oeste,Distrito Federal,Outras,1
728,2021-02,Fev 2021,Centro-oeste,Goiás,B.1.1,1
729,2021-02,Fev 2021,Centro-oeste,Goiás,B.1.1.28,3
730,2021-02,Fev 2021,Centro-oeste,Goiás,B.1.1.7 (Alfa),20
731,2021-02,Fev 2021,Centro-oeste,Goiás,Outras,1
732,2021-02,Fev 2021,Centro-oeste,Goiás,P.1 (Gama),125
733,2021-02,Fev 2021,Centro-oeste,Goiás,P.2,46
734,2021-02,Fev 2021,Centro-oeste,Mato Grosso,B.1.1,1
735,2021-02,Fev 2021,Centro-oeste,Mato Grosso,B.1.1.28,1
736,2021-02,Fev 2021,Centro-oeste,Mato Grosso,B.1.1.33,1
737,2021-02,Fev 2021,Centro-oeste,Mato Grosso,P.1 (Gama),11
738,2021-02,Fev 2021,Centro-oeste,Mato Grosso,P.2,10
739,2021-02,Fev 2021,Centro-oeste,Mato Grosso do Sul,B.1.1.28,5
740,2021-02,Fev 2021,Centro-oeste,Mato Grosso do Sul,Outras,2
741,2021-02,Fev 2021,Centro-oeste,Mato Grosso do Sul,P.1 (Gama),12
742,2021-02,Fev 2021,Centro-oeste,Mato Grosso do Sul,P.2,25
743,2021-02,Fev 2021,Nordeste,Alagoas,B.1.1,2
744,2021-02,Fev 2021,Nordeste,Alagoas,B.1.1.28,2
745,2021-02,Fev 2021,Nordeste,Alagoas,B.1.1.33,4
746,2021-02,Fev 2021,Nordeste,Alagoas,Outras,2
747,2021-02,Fev 2021,Nordeste,Alagoas,P.1 (Gama),33
748,2021-02,Fev 2021,Nordeste,Alagoas,P.2,38
749,2021-02,Fev 2021,Nordeste,Bahia,B.1.1,1
750,2021-02,Fev 2021,Nordeste,Bahia,B.1.1.28,11
751,2021-02,Fev 2021,Nordeste,Bahia,B.1.1.33,1
752,2021-02,Fev 2021,Nordeste,Bahia,B.1.1.7 (Alfa),6
753,2021-02,Fev 2021,Nordeste,Bahia,Outras,6
754,2021-02,Fev 2021,Nordeste,Bahia,P.1 (Gama),50
755,2021-02,Fev 2021,Nordeste,Bahia,P.2,50
756,2021-02,Fev 2021,Nordeste,Ceará,P.1 (Gama),48
757,2021-02,Fev 2021,Nordeste,Ceará,P.2,7
758,2021-02,Fev 2021,Nordeste,Maranhão,B.1.1,1
759,2021-02,Fev 2021,Nordeste,Maranhão,B.1.1.28,2
760,2021-02,Fev 2021,Nordeste,Maranhão,Outras,13
761,2021-02,Fev 2021,Nordeste,Maranhão,P.1 (Gama),28
762,2021-02,Fev 2021,Nordeste,Maranhão,P.2,6
763,2021-02,Fev 2021,Nordeste,Paraíba,B.1.1,1
764,2021-02,Fev 2021,Nordeste,Paraíba,B.1.1.28,2
765,2021-02,Fev 2021,Nordeste,Paraíba,Outras,1
766,2021-02,Fev 2021,Nordeste,Paraíba,P.1 (Gama),16
767,2021-02,Fev 2021,Nordeste,Paraíba,P.2,7
768,2021-02,Fev 2021,Nordeste,Pernambuco,B.1.1,1
769,2021-02,Fev 2021,Nordeste,Pernambuco,P.1 (Gama),21
770,2021-02,Fev 2021,Nordeste,Pernambuco,P.2,4
771,2021-02,Fev 2021,Nordeste,Piauí,B.1.1.33,3
772,2021-02,Fev 2021,Nordeste,Piauí,Outras,2
773,2021-02,Fev 2021,Nordeste,Piauí,P.1 (Gama),2
774,2021-02,Fev 2021,Nordeste,Piauí,P.2,1
775,2021-02,Fev 2021,Nordeste,Rio Grande do Norte,B.1.1,2
776,2021-02,Fev 2021,Nordeste,Rio Grande do Norte,B.1.1.28,1
777,2021-02,Fev 2021,Nordeste,Rio Grande do Norte,Outras,2
778,2021-02,Fev 2021,Nordeste,Rio Grande do Norte,P.1 (Gama),21
779,2021-02,Fev 2021,Nordeste,Rio Grande do Norte,P.2,14
780,2021-02,Fev 2021,Nordeste,Sergipe,B.1.1,1
781,2021-02,Fev 2021,Nordeste,Sergipe,B.1.1.28,3
782,2021-02,Fev 2021,Nordeste,Sergipe,B.1.1.33,1
783,2021-02,Fev 2021,Nordeste,Sergipe,Outras,5
784,2021-02,Fev 2021,Nordeste,Sergipe,P.1 (Gama),145
785,2021-02,Fev 2021,Nordeste,Sergipe,P.2,25
786,2021-02,Fev 2021,Norte,Acre,B.1.1.28,2
787,2021-02,Fev 2021,Norte,Acre,Outras,2
788,2021-02,Fev 2021,Norte,Acre,P.1 (Gama),13
789,2021-02,Fev 2021,Norte,Amapá,Outras,2
790,2021-02,Fev 2021,Norte,Amapá,P.1 (Gama),37
791,2021-02,Fev 2021,Norte,Amapá,P.2,15
792,2021-02,Fev 2021,Norte,Amazonas,P.1 (Gama),131
793,2021-02,Fev 2021,Norte,Pará,P.1 (Gama),56
794,2021-02,Fev 2021,Norte,Pará,P.2,14
795,2021-02,Fev 2021,Norte,Rondônia,P.1 (Gama),4
796,2021-02,Fev 2021,Norte,Rondônia,P.2,1
797,2021-02,Fev 2021,Norte,Roraima,P.1 (Gama),16
798,2021-02,Fev 2021,Norte,Tocantins,B.1.1.28,2
799,2021-02,Fev 2021,Norte,Tocantins,Outras,1
800,2021-02,Fev 2021,Norte,Tocantins,P.1 (Gama),10
801,2021-02,Fev 2021,Norte,Tocantins,P.2,9
802,2021-02,Fev 2021,Sudeste,Espírito Santo,B.1.1.28,3
803,2021-02,Fev 2021,Sudeste,Espírito Santo,B.1.1.33,1
804,2021-02,Fev 2021,Sudeste,Espírito Santo,B.1.1.7 (Alfa),6
805,2021-02,Fev 2021,Sudeste,Espírito Santo,P.1 (Gama),9
806,2021-02,Fev 2021,Sudeste,Espírito Santo,P.2,14
807,2021-02,Fev 2021,Sudeste,Minas Gerais,B.1.1,1
808,2021-02,Fev 2021,Sudeste,Minas Gerais,B.1.1.28,8
809,2021-02,Fev 2021,Sudeste,Minas Gerais,B.1.1.7 (Alfa),5
810,2021-02,Fev 2021,Sudeste,Minas Gerais,Outras,2
811,2021-02,Fev 2021,Sudeste,Minas Gerais,P.1 (Gama),55
812,2021-02,Fev 2021,Sudeste,Minas Gerais,P.2,91
813,2021-02,Fev 2021,Sudeste,Rio de Janeiro,B.1.1,1
814,2021-02,Fev 2021,Sudeste,Rio de Janeiro,B.1.1.28,3
815,2021-02,Fev 2021,Sudeste,Rio de Janeiro,B.1.1.33,1
816,2021-02,Fev 2021,Sudeste,Rio de Janeiro,B.1.1.7 (Alfa),5
817,2021-02,Fev 2021,Sudeste,Rio de Janeiro,Outras,5
818,2021-02,Fev 2021,Sudeste,Rio de Janeiro,P.1 (Gama),114
819,2021-02,Fev 2021,Sudeste,Rio de Janeiro,P.2,63
820,2021-02,Fev 2021,Sudeste,São Paulo,B.1.1,1
821,2021-02,Fev 2021,Sudeste,São Paulo,B.1.1.28,56
822,2021-02,Fev 2021,Sudeste,São Paulo,B.1.1.33,1
823,2021-02,Fev 2021,Sudeste,São Paulo,B.1.1.7 (Alfa),8
824,2021-02,Fev 2021,Sudeste,São Paulo,Outras,28
825,2021-02,Fev 2021,Sudeste,São Paulo,P.1 (Gama),225
826,2021-02,Fev 2021,Sudeste,São Paulo,P.2,156
827,2021-02,Fev 2021,Sul,Paraná,B.1.1.7 (Alfa),6
828,2021-02,Fev 2021,Sul,Paraná,Outras,3
829,2021-02,Fev 2021,Sul,Paraná,P.1 (Gama),16
830,2021-02,Fev 2021,Sul,Paraná,P.2,14
831,2021-02,Fev 2021,Sul,Rio Grande do Sul,B.1.1.28,5
832,2021-02,Fev 2021,Sul,Rio Grande do Sul,B.1.1.33,2
833,2021-02,Fev 2021,Sul,Rio Grande do Sul,B.1.1.7 (Alfa),1
834,2021-02,Fev 2021,Sul,Rio Grande do Sul,Outras,9
835,2021-02,Fev 2021,Sul,Rio Grande do Sul,P.1 (Gama),84
836,2021-02,Fev 2021,Sul,Rio Grande do Sul,P.2,30
837,2021-02,Fev 2021,Sul,Santa Catarina,B.1.1,1
838,2021-02,Fev 2021,Sul,Santa Catarina,B.1.1.28,1
839,2021-02,Fev 2021,Sul,Santa Catarina,B.1.1.7 (Alfa),1
840,2021-02,Fev 2021,Sul,Santa Catarina,Outras,3
841,2021-02,Fev 2021,Sul,Santa Catarina,P.1 (Gama),122
842,2021-02,Fev 2021,Sul,Santa Catarina,P.2,33
843,2021-03,Mar 2021,Centro-oeste,Goiás,B.1.1.7 (Alfa),10
844,2021-03,Mar 2021,Centro-oeste,Goiás,P.1 (Gama),223
845,2021-03,Mar 2021,Centro-oeste,Goiás,P.2,9
846,2021-03,Mar 2021,Centro-oeste,Mato Grosso,P.1 (Gama),25
847,2021-03,Mar 2021,Centro-oeste,Mato Grosso,P.2,3
848,2021-03,Mar 2021,Centro-oeste,Mato Grosso do Sul,B.1.1.28,1
849,2021-03,Mar 2021,Centro-oeste,Mato Grosso do Sul,P.1 (Gama),31
850,2021-03,Mar 2021,Centro-oeste,Mato Grosso do Sul,P.2,5
851,2021-03,Mar 2021,Nordeste,Alagoas,P.1 (Gama),22
852,2021-03,Mar 2021,Nordeste,Bahia,B.1.1,3
853,2021-03,Mar 2021,Nordeste,Bahia,B.1.1.28,1
854,2021-03,Mar 2021,Nordeste,Bahia,B.1.1.7 (Alfa),2
855,2021-03,Mar 2021,Nordeste,Bahia,Outras,1
856,2021-03,Mar 2021,Nordeste,Bahia,P.1 (Gama),72
857,2021-03,Mar 2021,Nordeste,Bahia,P.2,10
858,2021-03,Mar 2021,Nordeste,Ceará,P.1 (Gama),137
859,2021-03,Mar 2021,Nordeste,Ceará,P.2,2
860,2021-03,Mar 2021,Nordeste,Maranhão,Outras,3
861,2021-03,Mar 2021,Nordeste,Maranhão,P.1 (Gama),28
862,2021-03,Mar 2021,Nordeste,Paraíba,B.1.1.7 (Alfa),1
863,2021-03,Mar 2021,Nordeste,Paraíba,P.1 (Gama),32
864,2021-03,Mar 2021,Nordeste,Paraíba,P.2,3
865,2021-03,Mar 2021,Nordeste,Pernambuco,B.1.1,1
866,2021-03,Mar 2021,Nordeste,Pernambuco,P.1 (Gama),6
867,2021-03,Mar 2021,Nordeste,Piauí,P.1 (Gama),1
868,2021-03,Mar 2021,Nordeste,Rio Grande do Norte,P.1 (Gama),10
869,2021-03,Mar 2021,Nordeste,Sergipe,P.1 (Gama),47
870,2021-03,Mar 2021,Nordeste,Sergipe,P.2,3
871,2021-03,Mar 2021,Norte,Acre,P.1 (Gama),31
872,2021-03,Mar 2021,Norte,Amapá,P.1 (Gama),22
873,2021-03,Mar 2021,Norte,Amapá,P.2,1
874,2021-03,Mar 2021,Norte,Amazonas,P.1 (Gama),159
875,2021-03,Mar 2021,Norte,Pará,P.1 (Gama),36
876,2021-03,Mar 2021,Norte,Pará,P.2,1
877,2021-03,Mar 2021,Norte,Rondônia,P.1 (Gama),2
878,2021-03,Mar 2021,Norte,Roraima,P.1 (Gama),2
879,2021-03,Mar 2021,Norte,Tocantins,B.1.1.28,1
880,2021-03,Mar 2021,Norte,Tocantins,P.1 (Gama),16
881,2021-03,Mar 2021,Sudeste,Espírito Santo,B.1.1.7 (Alfa),9
882,2021-03,Mar 2021,Sudeste,Espírito Santo,P.1 (Gama),7
883,2021-03,Mar 2021,Sudeste,Espírito Santo,P.2,2
884,2021-03,Mar 2021,Sudeste,Minas Gerais,B.1.1.33,1
885,2021-03,Mar 2021,Sudeste,Minas Gerais,B.1.1.7 (Alfa),19
886,2021-03,Mar 2021,Sudeste,Minas Gerais,P.1 (Gama),72
887,2021-03,Mar 2021,Sudeste,Minas Gerais,P.2,14
888,2021-03,Mar 2021,Sudeste,Rio de Janeiro,B.1.1.28,1
889,2021-03,Mar 2021,Sudeste,Rio de Janeiro,B.1.1.7 (Alfa),11
890,2021-03,Mar 2021,Sudeste,Rio de Janeiro,Outras,2
891,2021-03,Mar 2021,Sudeste,Rio de Janeiro,P.1 (Gama),406
892,2021-03,Mar 2021,Sudeste,Rio de Janeiro,P.2,13
893,2021-03,Mar 2021,Sudeste,São Paulo,B.1.1.28,50
894,2021-03,Mar 2021,Sudeste,São Paulo,B.1.1.7 (Alfa),106
895,2021-03,Mar 2021,Sudeste,São Paulo,Outras,70
896,2021-03,Mar 2021,Sudeste,São Paulo,P.1 (Gama),1573
897,2021-03,Mar 2021,Sudeste,São Paulo,P.2,115
898,2021-03,Mar 2021,Sul,Paraná,B.1.1.28,4
899,2021-03,Mar 2021,Sul,Paraná,B.1.1.7 (Alfa),1
900,2021-03,Mar 2021,Sul,Paraná,P.1 (Gama),109
901,2021-03,Mar 2021,Sul,Paraná,P.2,20
902,2021-03,Mar 2021,Sul,Rio Grande do Sul,B.1.1.28,1
903,2021-03,Mar 2021,Sul,Rio Grande do Sul,B.1.1.33,1
904,2021-03,Mar 2021,Sul,Rio Grande do Sul,Outras,2
905,2021-03,Mar 2021,Sul,Rio Grande do Sul,P.1 (Gama),130
906,2021-03,Mar 2021,Sul,Rio Grande do Sul,P.2,7
907,2021-03,Mar 2021,Sul,Santa Catarina,B.1.1.33,1
908,2021-03,Mar 2021,Sul,Santa Catarina,Outras,1
909,2021-03,Mar 2021,Sul,Santa Catarina,P.1 (Gama),88
910,2021-03,Mar 2021,Sul,Santa Catarina,P.2,5
911,2021-04,Abr 2021,Centro-oeste,Goiás,B.1.1.7 (Alfa),2
912,2021-04,Abr 2021,Centro-oeste,Goiás,B.1.617.2+AY.* (Delta),3
913,2021-04,Abr 2021,Centro-oeste,Goiás,P.1 (Gama),174
914,2021-04,Abr 2021,Centro-oeste,Mato Grosso,B.1.1.7 (Alfa),1
915,2021-04,Abr 2021,Centro-oeste,Mato Grosso,P.1 (Gama),10
916,2021-04,Abr 2021,Centro-oeste,Mato Grosso do Sul,P.1 (Gama),32
917,2021-04,Abr 2021,Centro-oeste,Mato Grosso do Sul,P.2,4
918,2021-04,Abr 2021,Nordeste,Alagoas,P.1 (Gama),60
919,2021-04,Abr 2021,Nordeste,Bahia,B.1.1.28,1
920,2021-04,Abr 2021,Nordeste,Bahia,P.1 (Gama),36
921,2021-04,Abr 2021,Nordeste,Bahia,P.2,2
922,2021-04,Abr 2021,Nordeste,Ceará,P.1 (Gama),34
923,2021-04,Abr 2021,Nordeste,Maranhão,P.1 (Gama),54
924,2021-04,Abr 2021,Nordeste,Paraíba,P.1 (Gama),25
925,2021-04,Abr 2021,Nordeste,Pernambuco,B.1.1.7 (Alfa),2
926,2021-04,Abr 2021,Nordeste,Pernambuco,P.1 (Gama),117
927,2021-04,Abr 2021,Nordeste,Piauí,P.1 (Gama),4
928,2021-04,Abr 2021,Nordeste,Rio Grande do Norte,P.1 (Gama),6
929,2021-04,Abr 2021,Nordeste,Rio Grande do Norte,P.2,2
930,2021-04,Abr 2021,Nordeste,Sergipe,P.1 (Gama),1
931,2021-04,Abr 2021,Norte,Acre,P.1 (Gama),22
932,2021-04,Abr 2021,Norte,Amazonas,B.1.1.7 (Alfa),1
933,2021-04,Abr 2021,Norte,Amazonas,P.1 (Gama),155
934,2021-04,Abr 2021,Norte,Pará,P.1 (Gama),33
935,2021-04,Abr 2021,Norte,Roraima,P.1 (Gama),1
936,2021-04,Abr 2021,Norte,Tocantins,P.1 (Gama),18
937,2021-04,Abr 2021,Sudeste,Espírito Santo,B.1.1.7 (Alfa),5
938,2021-04,Abr 2021,Sudeste,Espírito Santo,P.1 (Gama),29
939,2021-04,Abr 2021,Sudeste,Espírito Santo,P.2,3
940,2021-04,Abr 2021,Sudeste,Minas Gerais,B.1.1,1
941,2021-04,Abr 2021,Sudeste,Minas Gerais,B.1.1.28,2
942,2021-04,Abr 2021,Sudeste,Minas Gerais,B.1.1.7 (Alfa),6
943,2021-04,Abr 2021,Sudeste,Minas Gerais,P.1 (Gama),82
944,2021-04,Abr 2021,Sudeste,Minas Gerais,P.2,2
945,2021-04,Abr 2021,Sudeste,Rio de Janeiro,B.1.1.7 (Alfa),18
946,2021-04,Abr 2021,Sudeste,Rio de Janeiro,Outras,3
947,2021-04,Abr 2021,Sudeste,Rio de Janeiro,P.1 (Gama),887
948,2021-04,Abr 2021,Sudeste,Rio de Janeiro,P.2,8
949,2021-04,Abr 2021,Sudeste,São Paulo,B.1.1,3
950,2021-04,Abr 2021,Sudeste,São Paulo,B.1.1.28,12
951,2021-04,Abr 2021,Sudeste,São Paulo,B.1.1.7 (Alfa),97
952,2021-04,Abr 2021,Sudeste,São Paulo,Outras,66
953,2021-04,Abr 2021,Sudeste,São Paulo,P.1 (Gama),2296
954,2021-04,Abr 2021,Sudeste,São Paulo,P.2,19
955,2021-04,Abr 2021,Sul,Paraná,B.1.1.7 (Alfa),2
956,2021-04,Abr 2021,Sul,Paraná,B.1.617.2+AY.* (Delta),3
957,2021-04,Abr 2021,Sul,Paraná,Outras,1
958,2021-04,Abr 2021,Sul,Paraná,P.1 (Gama),180
959,2021-04,Abr 2021,Sul,Paraná,P.2,4
960,2021-04,Abr 2021,Sul,Rio Grande do Sul,B.1.1.28,2
961,2021-04,Abr 2021,Sul,Rio Grande do Sul,P.1 (Gama),97
962,2021-04,Abr 2021,Sul,Rio Grande do Sul,P.2,5
963,2021-04,Abr 2021,Sul,Santa Catarina,B.1.1.7 (Alfa),1
964,2021-04,Abr 2021,Sul,Santa Catarina,P.1 (Gama),68
965,2021-05,Mai 2021,Centro-oeste,Distrito Federal,P.1 (Gama),56
966,2021-05,Mai 2021,Centro-oeste,Goiás,B.1.1.7 (Alfa),2
967,2021-05,Mai 2021,Centro-oeste,Goiás,P.1 (Gama),238
968,2021-05,Mai 2021,Centro-oeste,Mato Grosso,P.1 (Gama),35
969,2021-05,Mai 2021,Centro-oeste,Mato Grosso do Sul,B.1.1.7 (Alfa),1
970,2021-05,Mai 2021,Centro-oeste,Mato Grosso do Sul,P.1 (Gama),72
971,2021-05,Mai 2021,Nordeste,Alagoas,P.1 (Gama),61
972,2021-05,Mai 2021,Nordeste,Bahia,B.1.1,1
973,2021-05,Mai 2021,Nordeste,Bahia,B.1.1.7 (Alfa),14
974,2021-05,Mai 2021,Nordeste,Bahia,P.1 (Gama),120
975,2021-05,Mai 2021,Nordeste,Bahia,P.2,1
976,2021-05,Mai 2021,Nordeste,Ceará,P.1 (Gama),97
977,2021-05,Mai 2021,Nordeste,Maranhão,B.1.617.2+AY.* (Delta),5
978,2021-05,Mai 2021,Nordeste,Maranhão,P.1 (Gama),47
979,2021-05,Mai 2021,Nordeste,Paraíba,P.1 (Gama),39
980,2021-05,Mai 2021,Nordeste,Pernambuco,B.1.1.7 (Alfa),2
981,2021-05,Mai 2021,Nordeste,Pernambuco,P.1 (Gama),137
982,2021-05,Mai 2021,Nordeste,Piauí,P.1 (Gama),3
983,2021-05,Mai 2021,Nordeste,Rio Grande do Norte,P.1 (Gama),16
984,2021-05,Mai 2021,Nordeste,Sergipe,Outras,1
985,2021-05,Mai 2021,Nordeste,Sergipe,P.1 (Gama),15
986,2021-05,Mai 2021,Norte,Amazonas,P.1 (Gama),266
987,2021-05,Mai 2021,Norte,Pará,P.1 (Gama),35
988,2021-05,Mai 2021,Norte,Roraima,P.1 (Gama),1
989,2021-05,Mai 2021,Norte,Tocantins,P.1 (Gama),45
990,2021-05,Mai 2021,Sudeste,Espírito Santo,P.1 (Gama),9
991,2021-05,Mai 2021,Sudeste,Minas Gerais,B.1.1.7 (Alfa),2
992,2021-05,Mai 2021,Sudeste,Minas Gerais,B.1.617.2+AY.* (Delta),1
993,2021-05,Mai 2021,Sudeste,Minas Gerais,P.1 (Gama),10
994,2021-05,Mai 2021,Sudeste,Rio de Janeiro,B.1.1.7 (Alfa),18
995,2021-05,Mai 2021,Sudeste,Rio de Janeiro,Outras,2
996,2021-05,Mai 2021,Sudeste,Rio de Janeiro,P.1 (Gama),1088
997,2021-05,Mai 2021,Sudeste,Rio de Janeiro,P.2,2
998,2021-05,Mai 2021,Sudeste,São Paulo,B.1.1.28,3
999,2021-05,Mai 2021,Sudeste,São Paulo,B.1.1.7 (Alfa),95
1000,2021-05,Mai 2021,Sudeste,São Paulo,B.1.617.2+AY.* (Delta),1
1001,2021-05,Mai 2021,Sudeste,São Paulo,Outras,67
1002,2021-05,Mai 2021,Sudeste,São Paulo,P.1 (Gama),2987
1003,2021-05,Mai 2021,Sudeste,São Paulo,P.2,1
1004,2021-05,Mai 2021,Sul,Paraná,B.1.1.7 (Alfa),3
1005,2021-05,Mai 2021,Sul,Paraná,P.1 (Gama),161
1006,2021-05,Mai 2021,Sul,Rio Grande do Sul,B.1.1.28,24
1007,2021-05,Mai 2021,Sul,Rio Grande do Sul,B.1.1.7 (Alfa),1
1008,2021-05,Mai 2021,Sul,Rio Grande do Sul,Outras,1
1009,2021-05,Mai 2021,Sul,Rio Grande do Sul,P.1 (Gama),137
1010,2021-05,Mai 2021,Sul,Santa Catarina,P.1 (Gama),52
1011,2021-06,Jun 2021,Centro-oeste,Goiás,P.1 (Gama),471
1012,2021-06,Jun 2021,Centro-oeste,Mato Grosso,Outras,2
1013,2021-06,Jun 2021,Centro-oeste,Mato Grosso,P.1 (Gama),10
1014,2021-06,Jun 2021,Nordeste,Alagoas,P.1 (Gama),87
1015,2021-06,Jun 2021,Nordeste,Bahia,B.1.1.28,1
1016,2021-06,Jun 2021,Nordeste,Bahia,B.1.1.7 (Alfa),21
1017,2021-06,Jun 2021,Nordeste,Bahia,Outras,1
1018,2021-06,Jun 2021,Nordeste,Bahia,P.1 (Gama),79
1019,2021-06,Jun 2021,Nordeste,Ceará,P.1 (Gama),270
1020,2021-06,Jun 2021,Nordeste,Maranhão,P.1 (Gama),13
1021,2021-06,Jun 2021,Nordeste,Paraíba,P.1 (Gama),22
1022,2021-06,Jun 2021,Nordeste,Pernambuco,P.1 (Gama),86
1023,2021-06,Jun 2021,Nordeste,Rio Grande do Norte,P.1 (Gama),15
1024,2021-06,Jun 2021,Nordeste,Sergipe,P.1 (Gama),4
1025,2021-06,Jun 2021,Norte,Amapá,P.1 (Gama),35
1026,2021-06,Jun 2021,Norte,Amazonas,P.1 (Gama),296
1027,2021-06,Jun 2021,Norte,Pará,P.1 (Gama),67
1028,2021-06,Jun 2021,Norte,Tocantins,B.1.617.2+AY.* (Delta),1
1029,2021-06,Jun 2021,Norte,Tocantins,P.1 (Gama),27
1030,2021-06,Jun 2021,Sudeste,Espírito Santo,P.1 (Gama),10
1031,2021-06,Jun 2021,Sudeste,Minas Gerais,P.1 (Gama),22
1032,2021-06,Jun 2021,Sudeste,Rio de Janeiro,B.1.1,2
1033,2021-06,Jun 2021,Sudeste,Rio de Janeiro,B.1.1.7 (Alfa),5
1034,2021-06,Jun 2021,Sudeste,Rio de Janeiro,B.1.617.2+AY.* (Delta),64
1035,2021-06,Jun 2021,Sudeste,Rio de Janeiro,Outras,7
1036,2021-06,Jun 2021,Sudeste,Rio de Janeiro,P.1 (Gama),989
1037,2021-06,Jun 2021,Sudeste,Rio de Janeiro,P.2,1
1038,2021-06,Jun 2021,Sudeste,São Paulo,B.1.1,1
1039,2021-06,Jun 2021,Sudeste,São Paulo,B.1.1.7 (Alfa),18
1040,2021-06,Jun 2021,Sudeste,São Paulo,B.1.617.2+AY.* (Delta),8
1041,2021-06,Jun 2021,Sudeste,São Paulo,Outras,31
1042,2021-06,Jun 2021,Sudeste,São Paulo,P.1 (Gama),935
1043,2021-06,Jun 2021,Sul,Paraná,B.1.617.2+AY.* (Delta),3
1044,2021-06,Jun 2021,Sul,Paraná,P.1 (Gama),63
1045,2021-06,Jun 2021,Sul,Rio Grande do Sul,B.1.1.7 (Alfa),1
1046,2021-06,Jun 2021,Sul,Rio Grande do Sul,B.1.617.2+AY.* (Delta),4
1047,2021-06,Jun 2021,Sul,Rio Grande do Sul,Outras,2
1048,2021-06,Jun 2021,Sul,Rio Grande do Sul,P.1 (Gama),177
1049,2021-06,Jun 2021,Sul,Santa Catarina,B.1.1.7 (Alfa),1
1050,2021-06,Jun 2021,Sul,Santa Catarina,P.1 (Gama),85
1051,2021-07,Jul 2021,Centro-oeste,Distrito Federal,P.1 (Gama),1
1052,2021-07,Jul 2021,Centro-oeste,Goiás,B.1.617.2+AY.* (Delta),4
1053,2021-07,Jul 2021,Centro-oeste,Goiás,Outras,1
1054,2021-07,Jul 2021,Centro-oeste,Goiás,P.1 (Gama),169
1055,2021-07,Jul 2021,Centro-oeste,Mato Grosso,B.1.617.2+AY.* (Delta),1
1056,2021-07,Jul 2021,Nordeste,Alagoas,P.1 (Gama),61
1057,2021-07,Jul 2021,Nordeste,Bahia,B.1.617.2+AY.* (Delta),1
1058,2021-07,Jul 2021,Nordeste,Bahia,P.1 (Gama),38
1059,2021-07,Jul 2021,Nordeste,Ceará,B.1.617.2+AY.* (Delta),2
1060,2021-07,Jul 2021,Nordeste,Ceará,P.1 (Gama),61
1061,2021-07,Jul 2021,Nordeste,Paraíba,P.1 (Gama),13
1062,2021-07,Jul 2021,Nordeste,Pernambuco,B.1.617.2+AY.* (Delta),7
1063,2021-07,Jul 2021,Nordeste,Pernambuco,P.1 (Gama),452
1064,2021-07,Jul 2021,Nordeste,Rio Grande do Norte,P.1 (Gama),17
1065,2021-07,Jul 2021,Norte,Amapá,P.1 (Gama),49
1066,2021-07,Jul 2021,Norte,Amazonas,P.1 (Gama),47
1067,2021-07,Jul 2021,Norte,Pará,P.1 (Gama),3
1068,2021-07,Jul 2021,Norte,Tocantins,P.1 (Gama),11
1069,2021-07,Jul 2021,Sudeste,Espírito Santo,B.1.1.7 (Alfa),2
1070,2021-07,Jul 2021,Sudeste,Espírito Santo,B.1.617.2+AY.* (Delta),1
1071,2021-07,Jul 2021,Sudeste,Espírito Santo,P.1 (Gama),103
1072,2021-07,Jul 2021,Sudeste,Minas Gerais,P.1 (Gama),3
1073,2021-07,Jul 2021,Sudeste,Rio de Janeiro,B.1.1,3
1074,2021-07,Jul 2021,Sudeste,Rio de Janeiro,B.1.1.7 (Alfa),3
1075,2021-07,Jul 2021,Sudeste,Rio de Janeiro,B.1.617.2+AY.* (Delta),330
1076,2021-07,Jul 2021,Sudeste,Rio de Janeiro,Outras,3
1077,2021-07,Jul 2021,Sudeste,Rio de Janeiro,P.1 (Gama),314
1078,2021-07,Jul 2021,Sudeste,São Paulo,B.1.1,1
1079,2021-07,Jul 2021,Sudeste,São Paulo,B.1.1.28,1
1080,2021-07,Jul 2021,Sudeste,São Paulo,B.1.1.7 (Alfa),1
1081,2021-07,Jul 2021,Sudeste,São Paulo,B.1.617.2+AY.* (Delta),249
1082,2021-07,Jul 2021,Sudeste,São Paulo,Outras,8
1083,2021-07,Jul 2021,Sudeste,São Paulo,P.1 (Gama),361
1084,2021-07,Jul 2021,Sul,Paraná,B.1.617.2+AY.* (Delta),1
1085,2021-07,Jul 2021,Sul,Paraná,P.1 (Gama),8
1086,2021-07,Jul 2021,Sul,Paraná,P.2,1
1087,2021-07,Jul 2021,Sul,Rio Grande do Sul,B.1.1.28,1
1088,2021-07,Jul 2021,Sul,Rio Grande do Sul,B.1.617.2+AY.* (Delta),35
1089,2021-07,Jul 2021,Sul,Rio Grande do Sul,P.1 (Gama),96
1090,2021-07,Jul 2021,Sul,Santa Catarina,B.1.617.2+AY.* (Delta),5
1091,2021-07,Jul 2021,Sul,Santa Catarina,P.1 (Gama),68
1092,2021-08,Ago 2021,Centro-oeste,Goiás,B.1.617.2+AY.* (Delta),22
1093,2021-08,Ago 2021,Centro-oeste,Goiás,P.1 (Gama),198
1094,2021-08,Ago 2021,Sudeste,Minas Gerais,B.1.617.2+AY.* (Delta),3
1095,2021-08,Ago 2021,Sudeste,Minas Gerais,P.1 (Gama),27
1096,2021-08,Ago 2021,Sudeste,Rio de Janeiro,B.1.617.2+AY.* (Delta),2
1097,2021-08,Ago 2021,Sudeste,São Paulo,B.1.617.2+AY.* (Delta),298
1098,2021-08,Ago 2021,Sudeste,São Paulo,Outras,6
1099,2021-08,Ago 2021,Sudeste,São Paulo,P.1 (Gama),150
1100,2021-08,Ago 2021,Sul,Rio Grande do Sul,B.1.617.2+AY.* (Delta),11
1101,2021-08,Ago 2021,Sul,Rio Grande do Sul,P.1 (Gama),6
