,Date,Período,Estado,Linhagem,Linhagens relevantes,Frequência
0,2020-02,Fev 2020,Bahia,B.1.1,B.1.1,1
1,2020-02,Fev 2020,Espírito Santo,B.40,Outras,1
2,2020-02,Fev 2020,Paraná,B.1.1,B.1.1,2
3,2020-02,Fev 2020,São Paulo,B,Outras,1
4,2020-02,Fev 2020,São Paulo,B.1,Outras,3
5,2020-03,Mar 2020,Acre,B.1.1.33,B.1.1.33,3
6,2020-03,Mar 2020,Acre,B.1.212,Outras,3
7,2020-03,Mar 2020,Alagoas,B.1.1.28,B.1.1.28,1
8,2020-03,Mar 2020,Amapá,B.1.1.33,B.1.1.33,1
9,2020-03,Mar 2020,Amazonas,A.2,Outras,2
10,2020-03,Mar 2020,Amazonas,B.1.195,Outras,2
11,2020-03,Mar 2020,Bahia,A.1,Outras,1
12,2020-03,Mar 2020,Bahia,B.1,Outras,6
13,2020-03,Mar 2020,Bahia,B.1.1,B.1.1,3
14,2020-03,Mar 2020,Bahia,B.1.1.28,B.1.1.28,4
15,2020-03,Mar 2020,Bahia,B.1.1.33,B.1.1.33,9
16,2020-03,Mar 2020,Bahia,B.1.610,Outras,1
17,2020-03,Mar 2020,Bahia,B.3,Outras,1
18,2020-03,Mar 2020,Ceará,B.1,Outras,19
19,2020-03,Mar 2020,Ceará,B.1.1.33,B.1.1.33,1
20,2020-03,Mar 2020,Ceará,B.1.212,Outras,7
21,2020-03,Mar 2020,Distrito Federal,B,Outras,1
22,2020-03,Mar 2020,Distrito Federal,B.1.1,B.1.1,1
23,2020-03,Mar 2020,Distrito Federal,B.1.1.33,B.1.1.33,3
24,2020-03,Mar 2020,Goiás,B.1,Outras,1
25,2020-03,Mar 2020,Goiás,B.1.22,Outras,1
26,2020-03,Mar 2020,Goiás,B.40,Outras,1
27,2020-03,Mar 2020,Maranhão,B.1.1.33,B.1.1.33,4
28,2020-03,Mar 2020,Mato Grosso,B.1.1.33,B.1.1.33,1
29,2020-03,Mar 2020,Mato Grosso,B.4,Outras,2
30,2020-03,Mar 2020,Mato Grosso do Sul,B.1.1,B.1.1,1
31,2020-03,Mar 2020,Mato Grosso do Sul,B.1.1.28,B.1.1.28,1
32,2020-03,Mar 2020,Mato Grosso do Sul,B.1.1.33,B.1.1.33,2
33,2020-03,Mar 2020,Mato Grosso do Sul,B.1.547,Outras,1
34,2020-03,Mar 2020,Minas Gerais,B,Outras,2
35,2020-03,Mar 2020,Minas Gerais,B.1,Outras,13
36,2020-03,Mar 2020,Minas Gerais,B.1.1,B.1.1,12
37,2020-03,Mar 2020,Minas Gerais,B.1.1.1,Outras,1
38,2020-03,Mar 2020,Minas Gerais,B.1.1.236,Outras,1
39,2020-03,Mar 2020,Minas Gerais,B.1.1.28,B.1.1.28,3
40,2020-03,Mar 2020,Minas Gerais,B.1.1.33,B.1.1.33,6
41,2020-03,Mar 2020,Minas Gerais,B.1.1.372,Outras,1
42,2020-03,Mar 2020,Minas Gerais,B.1.1.398,Outras,4
43,2020-03,Mar 2020,Minas Gerais,B.1.1.71,Outras,1
44,2020-03,Mar 2020,Minas Gerais,B.1.153,Outras,1
45,2020-03,Mar 2020,Minas Gerais,B.1.177,Outras,1
46,2020-03,Mar 2020,Minas Gerais,B.1.212,Outras,1
47,2020-03,Mar 2020,Minas Gerais,B.1.314,Outras,1
48,2020-03,Mar 2020,Minas Gerais,B.1.540,Outras,2
49,2020-03,Mar 2020,Minas Gerais,B.1.605,Outras,2
50,2020-03,Mar 2020,Minas Gerais,B.1.9,Outras,1
51,2020-03,Mar 2020,Minas Gerais,B.59,Outras,1
52,2020-03,Mar 2020,Minas Gerais,B.61,Outras,1
53,2020-03,Mar 2020,Paraná,B.1,Outras,4
54,2020-03,Mar 2020,Paraná,B.1.1,B.1.1,1
55,2020-03,Mar 2020,Paraná,B.1.1.28,B.1.1.28,7
56,2020-03,Mar 2020,Paraná,B.1.1.33,B.1.1.33,10
57,2020-03,Mar 2020,Paraná,B.1.1.398,Outras,1
58,2020-03,Mar 2020,Paraná,B.1.195,Outras,1
59,2020-03,Mar 2020,Paraíba,B.1.212,Outras,1
60,2020-03,Mar 2020,Pará,B.1,Outras,1
61,2020-03,Mar 2020,Pará,B.1.1,B.1.1,1
62,2020-03,Mar 2020,Pará,B.1.1.28,B.1.1.28,2
63,2020-03,Mar 2020,Pará,B.1.1.33,B.1.1.33,2
64,2020-03,Mar 2020,Pará,B.1.212,Outras,2
65,2020-03,Mar 2020,Piauí,B.1.1.33,B.1.1.33,1
66,2020-03,Mar 2020,Rio Grande do Norte,B.1.1.33,B.1.1.33,1
67,2020-03,Mar 2020,Rio Grande do Sul,A,Outras,2
68,2020-03,Mar 2020,Rio Grande do Sul,B,Outras,1
69,2020-03,Mar 2020,Rio Grande do Sul,B.1,Outras,7
70,2020-03,Mar 2020,Rio Grande do Sul,B.1.1,B.1.1,3
71,2020-03,Mar 2020,Rio Grande do Sul,B.1.1.161,Outras,2
72,2020-03,Mar 2020,Rio Grande do Sul,B.1.1.28,B.1.1.28,9
73,2020-03,Mar 2020,Rio Grande do Sul,B.1.1.33,B.1.1.33,11
74,2020-03,Mar 2020,Rio Grande do Sul,B.1.1.398,Outras,1
75,2020-03,Mar 2020,Rio Grande do Sul,B.1.540,Outras,2
76,2020-03,Mar 2020,Rio de Janeiro,A.2,Outras,2
77,2020-03,Mar 2020,Rio de Janeiro,B.1,Outras,14
78,2020-03,Mar 2020,Rio de Janeiro,B.1.1,B.1.1,1
79,2020-03,Mar 2020,Rio de Janeiro,B.1.1.33,B.1.1.33,22
80,2020-03,Mar 2020,Rio de Janeiro,B.1.540,Outras,1
81,2020-03,Mar 2020,Rio de Janeiro,B.39,Outras,3
82,2020-03,Mar 2020,Santa Catarina,B.1,Outras,4
83,2020-03,Mar 2020,Santa Catarina,B.1.1,B.1.1,1
84,2020-03,Mar 2020,Santa Catarina,B.1.1.28,B.1.1.28,3
85,2020-03,Mar 2020,Santa Catarina,B.1.1.33,B.1.1.33,6
86,2020-03,Mar 2020,Santa Catarina,B.6,Outras,1
87,2020-03,Mar 2020,Sergipe,B.1,Outras,2
88,2020-03,Mar 2020,Sergipe,B.1.1,B.1.1,1
89,2020-03,Mar 2020,Sergipe,B.1.1.28,B.1.1.28,1
90,2020-03,Mar 2020,Sergipe,B.1.1.33,B.1.1.33,1
91,2020-03,Mar 2020,Sergipe,B.59,Outras,1
92,2020-03,Mar 2020,São Paulo,B.1,Outras,24
93,2020-03,Mar 2020,São Paulo,B.1.1,B.1.1,16
94,2020-03,Mar 2020,São Paulo,B.1.1.28,B.1.1.28,132
95,2020-03,Mar 2020,São Paulo,B.1.1.33,B.1.1.33,59
96,2020-03,Mar 2020,São Paulo,B.1.1.398,Outras,1
97,2020-03,Mar 2020,São Paulo,B.1.195,Outras,2
98,2020-03,Mar 2020,São Paulo,B.1.212,Outras,1
99,2020-03,Mar 2020,São Paulo,B.1.333,Outras,1
100,2020-03,Mar 2020,São Paulo,B.1.446,Outras,3
101,2020-03,Mar 2020,São Paulo,B.1.540,Outras,3
102,2020-03,Mar 2020,São Paulo,B.1.605,Outras,3
103,2020-03,Mar 2020,São Paulo,B.23,Outras,1
104,2020-03,Mar 2020,São Paulo,B.3,Outras,1
105,2020-03,Mar 2020,São Paulo,B.40,Outras,1
106,2020-03,Mar 2020,São Paulo,B.6.6,Outras,1
107,2020-04,Abr 2020,Alagoas,B.1.1.28,B.1.1.28,1
108,2020-04,Abr 2020,Alagoas,B.1.1.33,B.1.1.33,1
109,2020-04,Abr 2020,Amapá,B.1.1.33,B.1.1.33,10
110,2020-04,Abr 2020,Amazonas,B.1.1.28,B.1.1.28,2
111,2020-04,Abr 2020,Amazonas,B.1.1.33,B.1.1.33,3
112,2020-04,Abr 2020,Amazonas,B.1.111,Outras,1
113,2020-04,Abr 2020,Amazonas,B.1.195,Outras,31
114,2020-04,Abr 2020,Amazonas,B.1.319,Outras,1
115,2020-04,Abr 2020,Bahia,B.1,Outras,4
116,2020-04,Abr 2020,Bahia,B.1.1,B.1.1,1
117,2020-04,Abr 2020,Bahia,B.1.1.28,B.1.1.28,9
118,2020-04,Abr 2020,Bahia,B.1.1.33,B.1.1.33,31
119,2020-04,Abr 2020,Bahia,B.1.177,Outras,1
120,2020-04,Abr 2020,Ceará,B.1,Outras,1
121,2020-04,Abr 2020,Ceará,B.1.1.28,B.1.1.28,1
122,2020-04,Abr 2020,Ceará,B.1.1.33,B.1.1.33,9
123,2020-04,Abr 2020,Ceará,B.1.212,Outras,2
124,2020-04,Abr 2020,Distrito Federal,B.1.1.33,B.1.1.33,1
125,2020-04,Abr 2020,Espírito Santo,B.1.1.33,B.1.1.33,2
126,2020-04,Abr 2020,Goiás,B.1,Outras,3
127,2020-04,Abr 2020,Goiás,B.1.1.33,B.1.1.33,4
128,2020-04,Abr 2020,Maranhão,B.1.1.33,B.1.1.33,17
129,2020-04,Abr 2020,Mato Grosso,B.1.1.28,B.1.1.28,1
130,2020-04,Abr 2020,Mato Grosso,B.1.1.33,B.1.1.33,2
131,2020-04,Abr 2020,Mato Grosso do Sul,B.1.1.28,B.1.1.28,1
132,2020-04,Abr 2020,Mato Grosso do Sul,B.1.1.33,B.1.1.33,4
133,2020-04,Abr 2020,Mato Grosso do Sul,B.1.212,Outras,1
134,2020-04,Abr 2020,Mato Grosso do Sul,B.1.540,Outras,1
135,2020-04,Abr 2020,Minas Gerais,B.1,Outras,5
136,2020-04,Abr 2020,Minas Gerais,B.1.1.28,B.1.1.28,5
137,2020-04,Abr 2020,Minas Gerais,B.1.1.33,B.1.1.33,20
138,2020-04,Abr 2020,Minas Gerais,B.1.258,Outras,1
139,2020-04,Abr 2020,Paraná,B.1.1.1,Outras,2
140,2020-04,Abr 2020,Paraná,B.1.1.28,B.1.1.28,14
141,2020-04,Abr 2020,Paraná,B.1.1.33,B.1.1.33,5
142,2020-04,Abr 2020,Paraná,B.1.1.398,Outras,1
143,2020-04,Abr 2020,Paraíba,B.1.1,B.1.1,18
144,2020-04,Abr 2020,Paraíba,B.1.1.33,B.1.1.33,7
145,2020-04,Abr 2020,Paraíba,B.1.1.398,Outras,1
146,2020-04,Abr 2020,Pará,B.1.1.1,Outras,1
147,2020-04,Abr 2020,Pará,B.1.1.28,B.1.1.28,29
148,2020-04,Abr 2020,Pará,B.1.1.33,B.1.1.33,6
149,2020-04,Abr 2020,Pará,B.39,Outras,1
150,2020-04,Abr 2020,Pernambuco,B,Outras,1
151,2020-04,Abr 2020,Pernambuco,B.1.1,B.1.1,45
152,2020-04,Abr 2020,Pernambuco,B.1.1.117,Outras,1
153,2020-04,Abr 2020,Pernambuco,B.1.1.236,Outras,12
154,2020-04,Abr 2020,Pernambuco,B.1.1.28,B.1.1.28,5
155,2020-04,Abr 2020,Pernambuco,B.1.1.33,B.1.1.33,2
156,2020-04,Abr 2020,Pernambuco,B.1.1.398,Outras,4
157,2020-04,Abr 2020,Pernambuco,B.1.1.446,Outras,1
158,2020-04,Abr 2020,Pernambuco,B.1.212,Outras,1
159,2020-04,Abr 2020,Rio Grande do Norte,B.1.1,B.1.1,1
160,2020-04,Abr 2020,Rio Grande do Norte,B.1.1.33,B.1.1.33,2
161,2020-04,Abr 2020,Rio Grande do Norte,B.1.195,Outras,5
162,2020-04,Abr 2020,Rio Grande do Sul,B.1.1,B.1.1,2
163,2020-04,Abr 2020,Rio Grande do Sul,B.1.1.161,Outras,2
164,2020-04,Abr 2020,Rio Grande do Sul,B.1.1.28,B.1.1.28,1
165,2020-04,Abr 2020,Rio Grande do Sul,B.1.1.33,B.1.1.33,21
166,2020-04,Abr 2020,Rio de Janeiro,B.1,Outras,4
167,2020-04,Abr 2020,Rio de Janeiro,B.1.1,B.1.1,1
168,2020-04,Abr 2020,Rio de Janeiro,B.1.1.28,B.1.1.28,16
169,2020-04,Abr 2020,Rio de Janeiro,B.1.1.33,B.1.1.33,224
170,2020-04,Abr 2020,Rio de Janeiro,B.1.479,Outras,1
171,2020-04,Abr 2020,Rio de Janeiro,B.39,Outras,5
172,2020-04,Abr 2020,Roraima,B.1,Outras,1
173,2020-04,Abr 2020,Roraima,B.1.1.33,B.1.1.33,1
174,2020-04,Abr 2020,Santa Catarina,B.1.1.28,B.1.1.28,1
175,2020-04,Abr 2020,Santa Catarina,B.1.1.33,B.1.1.33,2
176,2020-04,Abr 2020,Sergipe,B.1,Outras,9
177,2020-04,Abr 2020,Sergipe,B.1.1,B.1.1,3
178,2020-04,Abr 2020,Sergipe,B.1.1.28,B.1.1.28,1
179,2020-04,Abr 2020,Sergipe,B.1.1.33,B.1.1.33,6
180,2020-04,Abr 2020,Sergipe,B.1.212,Outras,3
181,2020-04,Abr 2020,São Paulo,B.1,Outras,16
182,2020-04,Abr 2020,São Paulo,B.1.1,B.1.1,14
183,2020-04,Abr 2020,São Paulo,B.1.1.28,B.1.1.28,312
184,2020-04,Abr 2020,São Paulo,B.1.1.33,B.1.1.33,89
185,2020-04,Abr 2020,São Paulo,B.1.1.398,Outras,1
186,2020-04,Abr 2020,São Paulo,B.1.212,Outras,1
187,2020-04,Abr 2020,São Paulo,B.1.258,Outras,1
188,2020-04,Abr 2020,São Paulo,B.1.446,Outras,1
189,2020-05,Mai 2020,Acre,B.1.1.33,B.1.1.33,2
190,2020-05,Mai 2020,Alagoas,B.1.1.28,B.1.1.28,1
191,2020-05,Mai 2020,Alagoas,B.1.1.33,B.1.1.33,3
192,2020-05,Mai 2020,Amapá,B.1.1.33,B.1.1.33,6
193,2020-05,Mai 2020,Amazonas,B.1.1.28,B.1.1.28,9
194,2020-05,Mai 2020,Amazonas,B.1.1.33,B.1.1.33,6
195,2020-05,Mai 2020,Amazonas,B.1.111,Outras,3
196,2020-05,Mai 2020,Amazonas,B.1.195,Outras,10
197,2020-05,Mai 2020,Bahia,B.1,Outras,1
198,2020-05,Mai 2020,Bahia,B.1.1,B.1.1,1
199,2020-05,Mai 2020,Bahia,B.1.1.28,B.1.1.28,9
200,2020-05,Mai 2020,Bahia,B.1.1.33,B.1.1.33,5
201,2020-05,Mai 2020,Ceará,B.1.1.33,B.1.1.33,2
202,2020-05,Mai 2020,Ceará,B.1.212,Outras,7
203,2020-05,Mai 2020,Espírito Santo,B.1.1.33,B.1.1.33,5
204,2020-05,Mai 2020,Goiás,B.1.1.33,B.1.1.33,1
205,2020-05,Mai 2020,Maranhão,B.1.1.33,B.1.1.33,4
206,2020-05,Mai 2020,Mato Grosso do Sul,B.1.1.28,B.1.1.28,3
207,2020-05,Mai 2020,Mato Grosso do Sul,B.1.1.33,B.1.1.33,3
208,2020-05,Mai 2020,Minas Gerais,B.1,Outras,1
209,2020-05,Mai 2020,Minas Gerais,B.1.1.28,B.1.1.28,4
210,2020-05,Mai 2020,Minas Gerais,B.1.1.33,B.1.1.33,3
211,2020-05,Mai 2020,Paraná,B.1.1.1,Outras,2
212,2020-05,Mai 2020,Paraná,B.1.1.28,B.1.1.28,2
213,2020-05,Mai 2020,Paraná,B.1.1.33,B.1.1.33,12
214,2020-05,Mai 2020,Paraíba,B.1.1,B.1.1,3
215,2020-05,Mai 2020,Paraíba,B.1.1.33,B.1.1.33,2
216,2020-05,Mai 2020,Pará,B.1.1,B.1.1,2
217,2020-05,Mai 2020,Pará,B.1.1.28,B.1.1.28,6
218,2020-05,Mai 2020,Pará,B.1.1.33,B.1.1.33,2
219,2020-05,Mai 2020,Pará,B.1.212,Outras,1
220,2020-05,Mai 2020,Pará,P.1 (Gama),P.1 (Gama),2
221,2020-05,Mai 2020,Pará,P.2,P.2,2
222,2020-05,Mai 2020,Pernambuco,B.1.1,B.1.1,22
223,2020-05,Mai 2020,Pernambuco,B.1.1.236,Outras,8
224,2020-05,Mai 2020,Pernambuco,B.1.1.28,B.1.1.28,2
225,2020-05,Mai 2020,Pernambuco,B.1.1.33,B.1.1.33,4
226,2020-05,Mai 2020,Pernambuco,B.1.540,Outras,1
227,2020-05,Mai 2020,Rio Grande do Sul,B.1,Outras,1
228,2020-05,Mai 2020,Rio Grande do Sul,B.1.1,B.1.1,6
229,2020-05,Mai 2020,Rio Grande do Sul,B.1.1.161,Outras,2
230,2020-05,Mai 2020,Rio Grande do Sul,B.1.1.28,B.1.1.28,5
231,2020-05,Mai 2020,Rio Grande do Sul,B.1.1.33,B.1.1.33,50
232,2020-05,Mai 2020,Rio Grande do Sul,B.1.91,Outras,4
233,2020-05,Mai 2020,Rio de Janeiro,B.1,Outras,4
234,2020-05,Mai 2020,Rio de Janeiro,B.1.1,B.1.1,1
235,2020-05,Mai 2020,Rio de Janeiro,B.1.1.28,B.1.1.28,2
236,2020-05,Mai 2020,Rio de Janeiro,B.1.1.33,B.1.1.33,46
237,2020-05,Mai 2020,Rio de Janeiro,B.39,Outras,1
238,2020-05,Mai 2020,Rondônia,B.1.1.33,B.1.1.33,5
239,2020-05,Mai 2020,Rondônia,B.1.212,Outras,2
240,2020-05,Mai 2020,Roraima,B.1.1.33,B.1.1.33,1
241,2020-05,Mai 2020,Santa Catarina,B.1.1.33,B.1.1.33,2
242,2020-05,Mai 2020,Santa Catarina,B.1.195,Outras,1
243,2020-05,Mai 2020,São Paulo,B.1,Outras,2
244,2020-05,Mai 2020,São Paulo,B.1.1,B.1.1,1
245,2020-05,Mai 2020,São Paulo,B.1.1.208,Outras,1
246,2020-05,Mai 2020,São Paulo,B.1.1.28,B.1.1.28,73
247,2020-05,Mai 2020,São Paulo,B.1.1.33,B.1.1.33,14
248,2020-06,Jun 2020,Acre,B.1.1.33,B.1.1.33,2
249,2020-06,Jun 2020,Amazonas,B.1.1.28,B.1.1.28,10
250,2020-06,Jun 2020,Amazonas,B.1.1.33,B.1.1.33,1
251,2020-06,Jun 2020,Amazonas,B.1.195,Outras,4
252,2020-06,Jun 2020,Amazonas,B.1.212,Outras,1
253,2020-06,Jun 2020,Bahia,B.1,Outras,1
254,2020-06,Jun 2020,Bahia,B.1.1.28,B.1.1.28,6
255,2020-06,Jun 2020,Bahia,B.1.1.33,B.1.1.33,6
256,2020-06,Jun 2020,Ceará,B.1.1.33,B.1.1.33,2
257,2020-06,Jun 2020,Goiás,B.1.1.28,B.1.1.28,1
258,2020-06,Jun 2020,Goiás,B.1.1.33,B.1.1.33,11
259,2020-06,Jun 2020,Mato Grosso,B.1.1.28,B.1.1.28,2
260,2020-06,Jun 2020,Mato Grosso do Sul,B.1.1.28,B.1.1.28,1
261,2020-06,Jun 2020,Mato Grosso do Sul,B.1.1.33,B.1.1.33,1
262,2020-06,Jun 2020,Paraná,B.1.1,B.1.1,1
263,2020-06,Jun 2020,Paraná,B.1.1.1,Outras,2
264,2020-06,Jun 2020,Paraná,B.1.1.277,Outras,1
265,2020-06,Jun 2020,Paraná,B.1.1.28,B.1.1.28,23
266,2020-06,Jun 2020,Paraná,B.1.1.33,B.1.1.33,74
267,2020-06,Jun 2020,Paraíba,B.1.1,B.1.1,5
268,2020-06,Jun 2020,Paraíba,B.1.1.33,B.1.1.33,1
269,2020-06,Jun 2020,Pará,B.1.1.28,B.1.1.28,4
270,2020-06,Jun 2020,Pará,B.1.1.33,B.1.1.33,4
271,2020-06,Jun 2020,Pernambuco,B.1,Outras,1
272,2020-06,Jun 2020,Pernambuco,B.1.1,B.1.1,28
273,2020-06,Jun 2020,Pernambuco,B.1.1.192,Outras,1
274,2020-06,Jun 2020,Pernambuco,B.1.1.236,Outras,9
275,2020-06,Jun 2020,Pernambuco,B.1.1.28,B.1.1.28,5
276,2020-06,Jun 2020,Pernambuco,B.1.1.33,B.1.1.33,5
277,2020-06,Jun 2020,Pernambuco,B.1.212,Outras,1
278,2020-06,Jun 2020,Rio Grande do Sul,B.1.1.161,Outras,5
279,2020-06,Jun 2020,Rio Grande do Sul,B.1.1.277,Outras,1
280,2020-06,Jun 2020,Rio Grande do Sul,B.1.1.28,B.1.1.28,21
281,2020-06,Jun 2020,Rio Grande do Sul,B.1.1.33,B.1.1.33,47
282,2020-06,Jun 2020,Rio Grande do Sul,B.1.195,Outras,2
283,2020-06,Jun 2020,Rio Grande do Sul,B.1.212,Outras,1
284,2020-06,Jun 2020,Rio Grande do Sul,B.1.91,Outras,11
285,2020-06,Jun 2020,Rio de Janeiro,B.1.1,B.1.1,1
286,2020-06,Jun 2020,Rio de Janeiro,B.1.1.28,B.1.1.28,3
287,2020-06,Jun 2020,Rio de Janeiro,B.1.1.33,B.1.1.33,37
288,2020-06,Jun 2020,Rondônia,B.1.1.33,B.1.1.33,1
289,2020-06,Jun 2020,Roraima,B.1.1.33,B.1.1.33,2
290,2020-06,Jun 2020,Santa Catarina,B.1.1.28,B.1.1.28,1
291,2020-06,Jun 2020,Santa Catarina,B.1.1.33,B.1.1.33,1
292,2020-06,Jun 2020,São Paulo,B.1.1,B.1.1,1
293,2020-06,Jun 2020,São Paulo,B.1.1.28,B.1.1.28,47
294,2020-06,Jun 2020,São Paulo,B.1.1.33,B.1.1.33,20
295,2020-07,Jul 2020,Amazonas,B.1.1,B.1.1,1
296,2020-07,Jul 2020,Amazonas,B.1.1.28,B.1.1.28,6
297,2020-07,Jul 2020,Amazonas,B.1.1.33,B.1.1.33,5
298,2020-07,Jul 2020,Amazonas,B.1.195,Outras,4
299,2020-07,Jul 2020,Bahia,B.1.1,B.1.1,2
300,2020-07,Jul 2020,Bahia,B.1.1.28,B.1.1.28,9
301,2020-07,Jul 2020,Bahia,B.1.1.33,B.1.1.33,7
302,2020-07,Jul 2020,Goiás,B.1.1.28,B.1.1.28,1
303,2020-07,Jul 2020,Goiás,B.1.1.33,B.1.1.33,4
304,2020-07,Jul 2020,Mato Grosso do Sul,B.1.1.28,B.1.1.28,4
305,2020-07,Jul 2020,Mato Grosso do Sul,B.1.1.33,B.1.1.33,3
306,2020-07,Jul 2020,Mato Grosso do Sul,N.4,Outras,3
307,2020-07,Jul 2020,Minas Gerais,B.1.1.33,B.1.1.33,1
308,2020-07,Jul 2020,Paraná,B.1.1,B.1.1,2
309,2020-07,Jul 2020,Paraná,B.1.1.28,B.1.1.28,22
310,2020-07,Jul 2020,Paraná,B.1.1.33,B.1.1.33,25
311,2020-07,Jul 2020,Paraíba,B.1.1,B.1.1,1
312,2020-07,Jul 2020,Paraíba,B.1.1.33,B.1.1.33,1
313,2020-07,Jul 2020,Pará,B.1.1.28,B.1.1.28,3
314,2020-07,Jul 2020,Pará,B.1.1.33,B.1.1.33,3
315,2020-07,Jul 2020,Pará,B.1.395,Outras,1
316,2020-07,Jul 2020,Pernambuco,B.1.1,B.1.1,27
317,2020-07,Jul 2020,Pernambuco,B.1.1.236,Outras,1
318,2020-07,Jul 2020,Pernambuco,B.1.1.28,B.1.1.28,6
319,2020-07,Jul 2020,Pernambuco,B.1.1.33,B.1.1.33,7
320,2020-07,Jul 2020,Pernambuco,B.1.1.74,Outras,1
321,2020-07,Jul 2020,Rio Grande do Norte,B.1.1,B.1.1,5
322,2020-07,Jul 2020,Rio Grande do Norte,B.1.1.236,Outras,2
323,2020-07,Jul 2020,Rio Grande do Norte,B.1.1.28,B.1.1.28,3
324,2020-07,Jul 2020,Rio Grande do Norte,B.1.1.33,B.1.1.33,1
325,2020-07,Jul 2020,Rio Grande do Sul,B.1,Outras,1
326,2020-07,Jul 2020,Rio Grande do Sul,B.1.1,B.1.1,5
327,2020-07,Jul 2020,Rio Grande do Sul,B.1.1.161,Outras,3
328,2020-07,Jul 2020,Rio Grande do Sul,B.1.1.28,B.1.1.28,19
329,2020-07,Jul 2020,Rio Grande do Sul,B.1.1.33,B.1.1.33,44
330,2020-07,Jul 2020,Rio Grande do Sul,B.1.1.332,Outras,1
331,2020-07,Jul 2020,Rio Grande do Sul,B.1.195,Outras,1
332,2020-07,Jul 2020,Rio Grande do Sul,B.1.91,Outras,10
333,2020-07,Jul 2020,Rio de Janeiro,B.1.1,B.1.1,5
334,2020-07,Jul 2020,Rio de Janeiro,B.1.1.28,B.1.1.28,4
335,2020-07,Jul 2020,Rio de Janeiro,B.1.1.33,B.1.1.33,71
336,2020-07,Jul 2020,Rio de Janeiro,N.1,Outras,1
337,2020-07,Jul 2020,Santa Catarina,B.1.1.28,B.1.1.28,1
338,2020-07,Jul 2020,Santa Catarina,B.1.1.33,B.1.1.33,1
339,2020-07,Jul 2020,Sergipe,B.1,Outras,1
340,2020-07,Jul 2020,Sergipe,B.1.1,B.1.1,1
341,2020-07,Jul 2020,São Paulo,B.1,Outras,1
342,2020-07,Jul 2020,São Paulo,B.1.1,B.1.1,5
343,2020-07,Jul 2020,São Paulo,B.1.1.28,B.1.1.28,53
344,2020-07,Jul 2020,São Paulo,B.1.1.33,B.1.1.33,12
345,2020-07,Jul 2020,São Paulo,B.1.1.332,Outras,1
346,2020-07,Jul 2020,São Paulo,P.7,Outras,2
347,2020-08,Ago 2020,Acre,B.1.1.33,B.1.1.33,14
348,2020-08,Ago 2020,Amazonas,B.1.1.28,B.1.1.28,4
349,2020-08,Ago 2020,Amazonas,B.1.195,Outras,2
350,2020-08,Ago 2020,Bahia,B.1,Outras,1
351,2020-08,Ago 2020,Bahia,B.1.1,B.1.1,2
352,2020-08,Ago 2020,Bahia,B.1.1.28,B.1.1.28,5
353,2020-08,Ago 2020,Bahia,B.1.1.33,B.1.1.33,6
354,2020-08,Ago 2020,Ceará,B.1.1.33,B.1.1.33,1
355,2020-08,Ago 2020,Goiás,B.1.1,B.1.1,1
356,2020-08,Ago 2020,Goiás,B.1.1.28,B.1.1.28,2
357,2020-08,Ago 2020,Goiás,B.1.1.33,B.1.1.33,10
358,2020-08,Ago 2020,Mato Grosso,B.1.1.33,B.1.1.33,2
359,2020-08,Ago 2020,Mato Grosso do Sul,B.1.1.28,B.1.1.28,2
360,2020-08,Ago 2020,Mato Grosso do Sul,B.1.1.33,B.1.1.33,5
361,2020-08,Ago 2020,Minas Gerais,B.1.1.28,B.1.1.28,1
362,2020-08,Ago 2020,Minas Gerais,B.1.1.33,B.1.1.33,3
363,2020-08,Ago 2020,Paraná,B.1,Outras,1
364,2020-08,Ago 2020,Paraná,B.1.1,B.1.1,2
365,2020-08,Ago 2020,Paraná,B.1.1.236,Outras,1
366,2020-08,Ago 2020,Paraná,B.1.1.28,B.1.1.28,10
367,2020-08,Ago 2020,Paraná,B.1.1.33,B.1.1.33,7
368,2020-08,Ago 2020,Paraíba,B.1.1,B.1.1,5
369,2020-08,Ago 2020,Paraíba,B.1.1.28,B.1.1.28,1
370,2020-08,Ago 2020,Paraíba,B.1.1.33,B.1.1.33,2
371,2020-08,Ago 2020,Pernambuco,B.1.1,B.1.1,23
372,2020-08,Ago 2020,Pernambuco,B.1.1.16,Outras,1
373,2020-08,Ago 2020,Pernambuco,B.1.1.171,Outras,1
374,2020-08,Ago 2020,Pernambuco,B.1.1.221,Outras,2
375,2020-08,Ago 2020,Pernambuco,B.1.1.236,Outras,1
376,2020-08,Ago 2020,Pernambuco,B.1.1.277,Outras,1
377,2020-08,Ago 2020,Pernambuco,B.1.1.28,B.1.1.28,15
378,2020-08,Ago 2020,Pernambuco,B.1.1.33,B.1.1.33,5
379,2020-08,Ago 2020,Pernambuco,B.1.1.402,Outras,1
380,2020-08,Ago 2020,Rio Grande do Norte,B.1.1,B.1.1,4
381,2020-08,Ago 2020,Rio Grande do Norte,B.1.1.236,Outras,1
382,2020-08,Ago 2020,Rio Grande do Norte,B.1.1.28,B.1.1.28,2
383,2020-08,Ago 2020,Rio Grande do Sul,B.1,Outras,2
384,2020-08,Ago 2020,Rio Grande do Sul,B.1.1,B.1.1,6
385,2020-08,Ago 2020,Rio Grande do Sul,B.1.1.161,Outras,8
386,2020-08,Ago 2020,Rio Grande do Sul,B.1.1.28,B.1.1.28,39
387,2020-08,Ago 2020,Rio Grande do Sul,B.1.1.33,B.1.1.33,61
388,2020-08,Ago 2020,Rio Grande do Sul,B.1.1.332,Outras,1
389,2020-08,Ago 2020,Rio Grande do Sul,B.1.1.333,Outras,1
390,2020-08,Ago 2020,Rio Grande do Sul,B.1.1.462,Outras,1
391,2020-08,Ago 2020,Rio Grande do Sul,B.1.91,Outras,3
392,2020-08,Ago 2020,Rio Grande do Sul,P.7,Outras,1
393,2020-08,Ago 2020,Rio de Janeiro,B.1.1,B.1.1,4
394,2020-08,Ago 2020,Rio de Janeiro,B.1.1.28,B.1.1.28,16
395,2020-08,Ago 2020,Rio de Janeiro,B.1.1.33,B.1.1.33,32
396,2020-08,Ago 2020,Rio de Janeiro,N.1,Outras,1
397,2020-08,Ago 2020,Rio de Janeiro,N.4,Outras,1
398,2020-08,Ago 2020,Santa Catarina,B.1.1.28,B.1.1.28,1
399,2020-08,Ago 2020,Santa Catarina,B.1.1.33,B.1.1.33,1
400,2020-08,Ago 2020,Sergipe,B.1.1.28,B.1.1.28,3
401,2020-08,Ago 2020,São Paulo,B.1.1,B.1.1,2
402,2020-08,Ago 2020,São Paulo,B.1.1.28,B.1.1.28,28
403,2020-08,Ago 2020,São Paulo,B.1.1.33,B.1.1.33,8
404,2020-08,Ago 2020,São Paulo,P.7,Outras,1
405,2020-09,Set 2020,Amazonas,B.1.1,B.1.1,1
406,2020-09,Set 2020,Amazonas,B.1.1.28,B.1.1.28,9
407,2020-09,Set 2020,Amazonas,B.1.1.33,B.1.1.33,8
408,2020-09,Set 2020,Amazonas,B.1.1.378,Outras,3
409,2020-09,Set 2020,Amazonas,B.1.195,Outras,1
410,2020-09,Set 2020,Bahia,B.1.1,B.1.1,3
411,2020-09,Set 2020,Bahia,B.1.1.28,B.1.1.28,8
412,2020-09,Set 2020,Bahia,B.1.1.33,B.1.1.33,12
413,2020-09,Set 2020,Bahia,N.1,Outras,1
414,2020-09,Set 2020,Ceará,B.1.1.33,B.1.1.33,1
415,2020-09,Set 2020,Distrito Federal,B.1.1,B.1.1,1
416,2020-09,Set 2020,Distrito Federal,B.1.1.28,B.1.1.28,2
417,2020-09,Set 2020,Distrito Federal,B.1.1.33,B.1.1.33,1
418,2020-09,Set 2020,Distrito Federal,P.2,P.2,2
419,2020-09,Set 2020,Espírito Santo,B.1.1.33,B.1.1.33,14
420,2020-09,Set 2020,Goiás,B.1.1,B.1.1,1
421,2020-09,Set 2020,Goiás,B.1.1.28,B.1.1.28,1
422,2020-09,Set 2020,Goiás,B.1.1.33,B.1.1.33,4
423,2020-09,Set 2020,Mato Grosso do Sul,B.1.1.28,B.1.1.28,2
424,2020-09,Set 2020,Mato Grosso do Sul,B.1.1.33,B.1.1.33,6
425,2020-09,Set 2020,Minas Gerais,B.1.1.28,B.1.1.28,4
426,2020-09,Set 2020,Minas Gerais,B.1.1.33,B.1.1.33,3
427,2020-09,Set 2020,Paraná,B.1.1,B.1.1,1
428,2020-09,Set 2020,Paraná,B.1.1.28,B.1.1.28,3
429,2020-09,Set 2020,Paraná,B.1.1.33,B.1.1.33,5
430,2020-09,Set 2020,Paraná,P.2,P.2,1
431,2020-09,Set 2020,Paraíba,B.1.1,B.1.1,9
432,2020-09,Set 2020,Paraíba,B.1.1.33,B.1.1.33,2
433,2020-09,Set 2020,Pernambuco,B.1.1,B.1.1,28
434,2020-09,Set 2020,Pernambuco,B.1.1.236,Outras,7
435,2020-09,Set 2020,Pernambuco,B.1.1.277,Outras,2
436,2020-09,Set 2020,Pernambuco,B.1.1.28,B.1.1.28,18
437,2020-09,Set 2020,Pernambuco,B.1.1.33,B.1.1.33,8
438,2020-09,Set 2020,Pernambuco,B.1.1.398,Outras,1
439,2020-09,Set 2020,Pernambuco,B.1.1.487,Outras,1
440,2020-09,Set 2020,Rio Grande do Norte,B.1,Outras,1
441,2020-09,Set 2020,Rio Grande do Norte,B.1.1,B.1.1,4
442,2020-09,Set 2020,Rio Grande do Norte,B.1.1.33,B.1.1.33,4
443,2020-09,Set 2020,Rio Grande do Norte,N.1,Outras,1
444,2020-09,Set 2020,Rio Grande do Sul,B.1,Outras,4
445,2020-09,Set 2020,Rio Grande do Sul,B.1.1,B.1.1,2
446,2020-09,Set 2020,Rio Grande do Sul,B.1.1.161,Outras,1
447,2020-09,Set 2020,Rio Grande do Sul,B.1.1.28,B.1.1.28,21
448,2020-09,Set 2020,Rio Grande do Sul,B.1.1.33,B.1.1.33,34
449,2020-09,Set 2020,Rio Grande do Sul,P.1 (Gama),P.1 (Gama),1
450,2020-09,Set 2020,Rio Grande do Sul,P.7,Outras,2
451,2020-09,Set 2020,Rio de Janeiro,B.1,Outras,1
452,2020-09,Set 2020,Rio de Janeiro,B.1.1,B.1.1,2
453,2020-09,Set 2020,Rio de Janeiro,B.1.1.277,Outras,2
454,2020-09,Set 2020,Rio de Janeiro,B.1.1.28,B.1.1.28,10
455,2020-09,Set 2020,Rio de Janeiro,B.1.1.33,B.1.1.33,40
456,2020-09,Set 2020,Santa Catarina,B.1.1,B.1.1,1
457,2020-09,Set 2020,Santa Catarina,B.1.1.28,B.1.1.28,2
458,2020-09,Set 2020,Santa Catarina,B.1.1.33,B.1.1.33,1
459,2020-09,Set 2020,São Paulo,B.1.1.28,B.1.1.28,13
460,2020-09,Set 2020,São Paulo,B.1.1.33,B.1.1.33,2
461,2020-09,Set 2020,São Paulo,P.2,P.2,1
462,2020-09,Set 2020,São Paulo,P.7,Outras,1
463,2020-09,Set 2020,Tocantins,B.1.1,B.1.1,1
464,2020-09,Set 2020,Tocantins,B.1.1.28,B.1.1.28,4
465,2020-10,Out 2020,Amazonas,B.1.1,B.1.1,1
466,2020-10,Out 2020,Amazonas,B.1.1.28,B.1.1.28,8
467,2020-10,Out 2020,Amazonas,B.1.1.33,B.1.1.33,3
468,2020-10,Out 2020,Amazonas,B.1.1.378,Outras,4
469,2020-10,Out 2020,Bahia,B.1.1,B.1.1,1
470,2020-10,Out 2020,Bahia,B.1.1.28,B.1.1.28,3
471,2020-10,Out 2020,Bahia,B.1.1.33,B.1.1.33,5
472,2020-10,Out 2020,Bahia,P.2,P.2,1
473,2020-10,Out 2020,Distrito Federal,B.1.1.28,B.1.1.28,3
474,2020-10,Out 2020,Distrito Federal,P.2,P.2,4
475,2020-10,Out 2020,Espírito Santo,B.1.1.28,B.1.1.28,5
476,2020-10,Out 2020,Espírito Santo,B.1.1.33,B.1.1.33,7
477,2020-10,Out 2020,Espírito Santo,P.2,P.2,3
478,2020-10,Out 2020,Goiás,B.1.1.28,B.1.1.28,2
479,2020-10,Out 2020,Goiás,P.2,P.2,1
480,2020-10,Out 2020,Mato Grosso do Sul,B.1.1.28,B.1.1.28,7
481,2020-10,Out 2020,Mato Grosso do Sul,B.1.1.33,B.1.1.33,2
482,2020-10,Out 2020,Minas Gerais,B.1.1,B.1.1,1
483,2020-10,Out 2020,Minas Gerais,B.1.1.28,B.1.1.28,6
484,2020-10,Out 2020,Minas Gerais,B.1.1.33,B.1.1.33,6
485,2020-10,Out 2020,Minas Gerais,P.2,P.2,1
486,2020-10,Out 2020,Paraná,B.1.1.277,Outras,1
487,2020-10,Out 2020,Paraná,B.1.1.28,B.1.1.28,15
488,2020-10,Out 2020,Paraná,B.1.1.33,B.1.1.33,7
489,2020-10,Out 2020,Paraná,P.2,P.2,8
490,2020-10,Out 2020,Paraíba,B.1.1,B.1.1,6
491,2020-10,Out 2020,Paraíba,P.2,P.2,1
492,2020-10,Out 2020,Pará,B.1.1,B.1.1,3
493,2020-10,Out 2020,Pará,B.1.1.28,B.1.1.28,2
494,2020-10,Out 2020,Pará,B.1.1.33,B.1.1.33,1
495,2020-10,Out 2020,Pará,P.1 (Gama),P.1 (Gama),3
496,2020-10,Out 2020,Pará,P.2,P.2,8
497,2020-10,Out 2020,Pernambuco,B.1.1,B.1.1,15
498,2020-10,Out 2020,Pernambuco,B.1.1.220,Outras,1
499,2020-10,Out 2020,Pernambuco,B.1.1.28,B.1.1.28,19
500,2020-10,Out 2020,Pernambuco,B.1.1.33,B.1.1.33,22
501,2020-10,Out 2020,Pernambuco,B.1.173,Outras,1
502,2020-10,Out 2020,Pernambuco,B.1.258,Outras,1
503,2020-10,Out 2020,Pernambuco,P.2,P.2,10
504,2020-10,Out 2020,Piauí,B.1.1.28,B.1.1.28,2
505,2020-10,Out 2020,Piauí,N.9,Outras,2
506,2020-10,Out 2020,Rio Grande do Norte,B.1.1,B.1.1,2
507,2020-10,Out 2020,Rio Grande do Norte,B.1.1.28,B.1.1.28,3
508,2020-10,Out 2020,Rio Grande do Norte,B.1.1.33,B.1.1.33,3
509,2020-10,Out 2020,Rio Grande do Norte,B.1.212,Outras,1
510,2020-10,Out 2020,Rio Grande do Sul,B.1.1,B.1.1,3
511,2020-10,Out 2020,Rio Grande do Sul,B.1.1.161,Outras,3
512,2020-10,Out 2020,Rio Grande do Sul,B.1.1.28,B.1.1.28,26
513,2020-10,Out 2020,Rio Grande do Sul,B.1.1.33,B.1.1.33,25
514,2020-10,Out 2020,Rio Grande do Sul,B.1.1.332,Outras,1
515,2020-10,Out 2020,Rio Grande do Sul,B.1.1.333,Outras,1
516,2020-10,Out 2020,Rio Grande do Sul,N.1,Outras,1
517,2020-10,Out 2020,Rio Grande do Sul,P.2,P.2,10
518,2020-10,Out 2020,Rio Grande do Sul,P.7,Outras,5
519,2020-10,Out 2020,Rio de Janeiro,B.1.1,B.1.1,1
520,2020-10,Out 2020,Rio de Janeiro,B.1.1.28,B.1.1.28,14
521,2020-10,Out 2020,Rio de Janeiro,B.1.1.33,B.1.1.33,42
522,2020-10,Out 2020,Rio de Janeiro,N.9,Outras,1
523,2020-10,Out 2020,Rio de Janeiro,P.2,P.2,25
524,2020-10,Out 2020,Santa Catarina,B.1.1.33,B.1.1.33,1
525,2020-10,Out 2020,São Paulo,B.1,Outras,1
526,2020-10,Out 2020,São Paulo,B.1.1,B.1.1,1
527,2020-10,Out 2020,São Paulo,B.1.1.28,B.1.1.28,22
528,2020-10,Out 2020,São Paulo,B.1.1.33,B.1.1.33,6
529,2020-10,Out 2020,São Paulo,N.9,Outras,1
530,2020-10,Out 2020,São Paulo,P.2,P.2,5
531,2020-10,Out 2020,São Paulo,P.7,Outras,1
532,2020-10,Out 2020,Tocantins,B.1.1.28,B.1.1.28,6
533,2020-10,Out 2020,Tocantins,B.1.1.33,B.1.1.33,2
534,2020-10,Out 2020,Tocantins,P.2,P.2,1
535,2020-11,Nov 2020,Alagoas,B.1.1.28,B.1.1.28,1
536,2020-11,Nov 2020,Alagoas,B.1.1.372,Outras,1
537,2020-11,Nov 2020,Alagoas,P.2,P.2,4
538,2020-11,Nov 2020,Amapá,P.2,P.2,5
539,2020-11,Nov 2020,Amazonas,B.1.1,B.1.1,2
540,2020-11,Nov 2020,Amazonas,B.1.1.28,B.1.1.28,21
541,2020-11,Nov 2020,Amazonas,B.1.1.33,B.1.1.33,3
542,2020-11,Nov 2020,Amazonas,B.1.1.378,Outras,17
543,2020-11,Nov 2020,Amazonas,B.1.1.398,Outras,2
544,2020-11,Nov 2020,Amazonas,N.9,Outras,1
545,2020-11,Nov 2020,Amazonas,P.2,P.2,3
546,2020-11,Nov 2020,Bahia,B.1.1.28,B.1.1.28,3
547,2020-11,Nov 2020,Bahia,B.1.1.33,B.1.1.33,4
548,2020-11,Nov 2020,Bahia,B.1.160,Outras,1
549,2020-11,Nov 2020,Bahia,N.9,Outras,2
550,2020-11,Nov 2020,Ceará,B.1.1.28,B.1.1.28,3
551,2020-11,Nov 2020,Ceará,B.1.1.33,B.1.1.33,7
552,2020-11,Nov 2020,Ceará,P.2,P.2,2
553,2020-11,Nov 2020,Distrito Federal,B.1.1.28,B.1.1.28,1
554,2020-11,Nov 2020,Distrito Federal,P.2,P.2,2
555,2020-11,Nov 2020,Espírito Santo,B.1.1.28,B.1.1.28,2
556,2020-11,Nov 2020,Espírito Santo,B.1.1.33,B.1.1.33,9
557,2020-11,Nov 2020,Espírito Santo,P.2,P.2,7
558,2020-11,Nov 2020,Goiás,P.2,P.2,1
559,2020-11,Nov 2020,Maranhão,B.1.1,B.1.1,1
560,2020-11,Nov 2020,Maranhão,B.1.1.28,B.1.1.28,1
561,2020-11,Nov 2020,Maranhão,N.9,Outras,6
562,2020-11,Nov 2020,Maranhão,P.1 (Gama),P.1 (Gama),1
563,2020-11,Nov 2020,Mato Grosso,B.1.1.378,Outras,1
564,2020-11,Nov 2020,Mato Grosso do Sul,B.1.240,Outras,1
565,2020-11,Nov 2020,Minas Gerais,B.1.1,B.1.1,1
566,2020-11,Nov 2020,Minas Gerais,B.1.1.28,B.1.1.28,6
567,2020-11,Nov 2020,Minas Gerais,B.1.1.33,B.1.1.33,6
568,2020-11,Nov 2020,Minas Gerais,P.2,P.2,13
569,2020-11,Nov 2020,Paraná,B.1.1,B.1.1,1
570,2020-11,Nov 2020,Paraná,B.1.1.277,Outras,1
571,2020-11,Nov 2020,Paraná,B.1.1.28,B.1.1.28,22
572,2020-11,Nov 2020,Paraná,B.1.1.33,B.1.1.33,4
573,2020-11,Nov 2020,Paraná,B.1.362,Outras,1
574,2020-11,Nov 2020,Paraná,B.1.498,Outras,1
575,2020-11,Nov 2020,Paraná,P.2,P.2,12
576,2020-11,Nov 2020,Paraíba,B.1.1,B.1.1,14
577,2020-11,Nov 2020,Paraíba,B.1.1.28,B.1.1.28,2
578,2020-11,Nov 2020,Paraíba,B.1.1.33,B.1.1.33,3
579,2020-11,Nov 2020,Paraíba,B.1.1.462,Outras,1
580,2020-11,Nov 2020,Paraíba,N.9,Outras,1
581,2020-11,Nov 2020,Paraíba,P.2,P.2,3
582,2020-11,Nov 2020,Paraíba,P.7,Outras,4
583,2020-11,Nov 2020,Pará,B.1,Outras,1
584,2020-11,Nov 2020,Pará,B.1.1,B.1.1,4
585,2020-11,Nov 2020,Pará,B.1.1.28,B.1.1.28,2
586,2020-11,Nov 2020,Pará,P.2,P.2,16
587,2020-11,Nov 2020,Pernambuco,B.1.1.33,B.1.1.33,2
588,2020-11,Nov 2020,Pernambuco,P.2,P.2,1
589,2020-11,Nov 2020,Piauí,B.1.1.28,B.1.1.28,1
590,2020-11,Nov 2020,Piauí,B.1.524,Outras,1
591,2020-11,Nov 2020,Piauí,N.9,Outras,2
592,2020-11,Nov 2020,Rio Grande do Norte,B.1.1,B.1.1,1
593,2020-11,Nov 2020,Rio Grande do Norte,B.1.1.28,B.1.1.28,2
594,2020-11,Nov 2020,Rio Grande do Norte,B.1.1.33,B.1.1.33,5
595,2020-11,Nov 2020,Rio Grande do Norte,N.9,Outras,2
596,2020-11,Nov 2020,Rio Grande do Norte,P.2,P.2,4
597,2020-11,Nov 2020,Rio Grande do Sul,B.1,Outras,2
598,2020-11,Nov 2020,Rio Grande do Sul,B.1.1,B.1.1,1
599,2020-11,Nov 2020,Rio Grande do Sul,B.1.1.12,Outras,1
600,2020-11,Nov 2020,Rio Grande do Sul,B.1.1.28,B.1.1.28,51
601,2020-11,Nov 2020,Rio Grande do Sul,B.1.1.33,B.1.1.33,18
602,2020-11,Nov 2020,Rio Grande do Sul,B.1.1.70,Outras,1
603,2020-11,Nov 2020,Rio Grande do Sul,B.1.91,Outras,6
604,2020-11,Nov 2020,Rio Grande do Sul,P.1 (Gama),P.1 (Gama),1
605,2020-11,Nov 2020,Rio Grande do Sul,P.2,P.2,75
606,2020-11,Nov 2020,Rio Grande do Sul,P.7,Outras,33
607,2020-11,Nov 2020,Rio de Janeiro,B.1.1,B.1.1,3
608,2020-11,Nov 2020,Rio de Janeiro,B.1.1.28,B.1.1.28,17
609,2020-11,Nov 2020,Rio de Janeiro,B.1.1.33,B.1.1.33,20
610,2020-11,Nov 2020,Rio de Janeiro,B.1.1.393,Outras,1
611,2020-11,Nov 2020,Rio de Janeiro,P.2,P.2,33
612,2020-11,Nov 2020,Roraima,B.1.1.28,B.1.1.28,1
613,2020-11,Nov 2020,Santa Catarina,B.1.1.28,B.1.1.28,1
614,2020-11,Nov 2020,Santa Catarina,B.1.1.33,B.1.1.33,1
615,2020-11,Nov 2020,Santa Catarina,P.2,P.2,3
616,2020-11,Nov 2020,Santa Catarina,P.7,Outras,1
617,2020-11,Nov 2020,São Paulo,B.1,Outras,2
618,2020-11,Nov 2020,São Paulo,B.1.1,B.1.1,3
619,2020-11,Nov 2020,São Paulo,B.1.1.28,B.1.1.28,37
620,2020-11,Nov 2020,São Paulo,B.1.1.33,B.1.1.33,8
621,2020-11,Nov 2020,São Paulo,B.1.1.332,Outras,3
622,2020-11,Nov 2020,São Paulo,N.9,Outras,14
623,2020-11,Nov 2020,São Paulo,P.2,P.2,26
624,2020-11,Nov 2020,São Paulo,P.7,Outras,2
625,2020-12,Dez 2020,Acre,P.2,P.2,1
626,2020-12,Dez 2020,Alagoas,B.1.1,B.1.1,1
627,2020-12,Dez 2020,Alagoas,B.1.1.28,B.1.1.28,1
628,2020-12,Dez 2020,Alagoas,B.1.1.33,B.1.1.33,1
629,2020-12,Dez 2020,Alagoas,N.9,Outras,1
630,2020-12,Dez 2020,Alagoas,P.2,P.2,25
631,2020-12,Dez 2020,Alagoas,P.7,Outras,1
632,2020-12,Dez 2020,Amapá,B.1.1.28,B.1.1.28,1
633,2020-12,Dez 2020,Amapá,B.1.1.33,B.1.1.33,1
634,2020-12,Dez 2020,Amapá,B.1.160.25,Outras,1
635,2020-12,Dez 2020,Amapá,P.2,P.2,14
636,2020-12,Dez 2020,Amazonas,B.1,Outras,3
637,2020-12,Dez 2020,Amazonas,B.1.1,B.1.1,6
638,2020-12,Dez 2020,Amazonas,B.1.1.28,B.1.1.28,31
639,2020-12,Dez 2020,Amazonas,B.1.1.33,B.1.1.33,14
640,2020-12,Dez 2020,Amazonas,B.1.1.378,Outras,18
641,2020-12,Dez 2020,Amazonas,N.9,Outras,5
642,2020-12,Dez 2020,Amazonas,P.1 (Gama),P.1 (Gama),118
643,2020-12,Dez 2020,Amazonas,P.2,P.2,42
644,2020-12,Dez 2020,Bahia,B.1.1.28,B.1.1.28,3
645,2020-12,Dez 2020,Bahia,N.9,Outras,2
646,2020-12,Dez 2020,Bahia,P.1 (Gama),P.1 (Gama),5
647,2020-12,Dez 2020,Bahia,P.2,P.2,6
648,2020-12,Dez 2020,Ceará,B.1.1,B.1.1,2
649,2020-12,Dez 2020,Ceará,B.1.1.28,B.1.1.28,4
650,2020-12,Dez 2020,Ceará,B.1.1.33,B.1.1.33,8
651,2020-12,Dez 2020,Ceará,P.2,P.2,10
652,2020-12,Dez 2020,Distrito Federal,B.1.1.28,B.1.1.28,1
653,2020-12,Dez 2020,Distrito Federal,B.1.1.7 (Alfa),B.1.1.7 (Alfa),2
654,2020-12,Dez 2020,Espírito Santo,B.1.1.28,B.1.1.28,6
655,2020-12,Dez 2020,Espírito Santo,B.1.1.33,B.1.1.33,11
656,2020-12,Dez 2020,Espírito Santo,P.2,P.2,15
657,2020-12,Dez 2020,Espírito Santo,P.7,Outras,1
658,2020-12,Dez 2020,Goiás,B.1.1.28,B.1.1.28,12
659,2020-12,Dez 2020,Goiás,B.1.1.33,B.1.1.33,1
660,2020-12,Dez 2020,Goiás,B.1.1.332,Outras,2
661,2020-12,Dez 2020,Goiás,N.9,Outras,3
662,2020-12,Dez 2020,Goiás,P.2,P.2,30
663,2020-12,Dez 2020,Goiás,P.7,Outras,3
664,2020-12,Dez 2020,Maranhão,B.1.1.28,B.1.1.28,7
665,2020-12,Dez 2020,Maranhão,B.1.1.33,B.1.1.33,4
666,2020-12,Dez 2020,Maranhão,B.1.1.332,Outras,5
667,2020-12,Dez 2020,Maranhão,N.10,Outras,1
668,2020-12,Dez 2020,Maranhão,N.9,Outras,18
669,2020-12,Dez 2020,Maranhão,P.1 (Gama),P.1 (Gama),1
670,2020-12,Dez 2020,Maranhão,P.2,P.2,13
671,2020-12,Dez 2020,Mato Grosso,B.1.1.28,B.1.1.28,2
672,2020-12,Dez 2020,Mato Grosso,B.1.1.33,B.1.1.33,3
673,2020-12,Dez 2020,Mato Grosso,P.2,P.2,3
674,2020-12,Dez 2020,Mato Grosso,P.7,Outras,1
675,2020-12,Dez 2020,Mato Grosso do Sul,B.1.1.249,Outras,1
676,2020-12,Dez 2020,Mato Grosso do Sul,B.1.1.28,B.1.1.28,1
677,2020-12,Dez 2020,Mato Grosso do Sul,B.1.1.33,B.1.1.33,6
678,2020-12,Dez 2020,Mato Grosso do Sul,P.2,P.2,3
679,2020-12,Dez 2020,Minas Gerais,B.1.1,B.1.1,1
680,2020-12,Dez 2020,Minas Gerais,B.1.1.28,B.1.1.28,9
681,2020-12,Dez 2020,Minas Gerais,B.1.1.33,B.1.1.33,3
682,2020-12,Dez 2020,Minas Gerais,B.1.546,Outras,1
683,2020-12,Dez 2020,Minas Gerais,P.2,P.2,24
684,2020-12,Dez 2020,Paraná,B.1.1,B.1.1,1
685,2020-12,Dez 2020,Paraná,B.1.1.28,B.1.1.28,11
686,2020-12,Dez 2020,Paraná,B.1.1.33,B.1.1.33,2
687,2020-12,Dez 2020,Paraná,B.1.499,Outras,1
688,2020-12,Dez 2020,Paraná,P.1 (Gama),P.1 (Gama),1
689,2020-12,Dez 2020,Paraná,P.2,P.2,26
690,2020-12,Dez 2020,Paraná,P.7,Outras,5
691,2020-12,Dez 2020,Paraíba,B.1,Outras,2
692,2020-12,Dez 2020,Paraíba,B.1.1,B.1.1,6
693,2020-12,Dez 2020,Paraíba,B.1.1.28,B.1.1.28,8
694,2020-12,Dez 2020,Paraíba,B.1.1.33,B.1.1.33,2
695,2020-12,Dez 2020,Paraíba,N.9,Outras,2
696,2020-12,Dez 2020,Paraíba,P.2,P.2,10
697,2020-12,Dez 2020,Paraíba,P.7,Outras,1
698,2020-12,Dez 2020,Pará,B.1.1,B.1.1,5
699,2020-12,Dez 2020,Pará,B.1.1.28,B.1.1.28,3
700,2020-12,Dez 2020,Pará,B.1.1.316,Outras,1
701,2020-12,Dez 2020,Pará,B.1.1.33,B.1.1.33,1
702,2020-12,Dez 2020,Pará,N.9,Outras,2
703,2020-12,Dez 2020,Pará,P.2,P.2,20
704,2020-12,Dez 2020,Pernambuco,B.1.1,B.1.1,2
705,2020-12,Dez 2020,Pernambuco,B.1.1.33,B.1.1.33,1
706,2020-12,Dez 2020,Pernambuco,B.1.1.45,Outras,1
707,2020-12,Dez 2020,Pernambuco,B.1.212,Outras,1
708,2020-12,Dez 2020,Pernambuco,B.1.258,Outras,1
709,2020-12,Dez 2020,Pernambuco,N.9,Outras,1
710,2020-12,Dez 2020,Pernambuco,P.2,P.2,15
711,2020-12,Dez 2020,Rio Grande do Norte,B.1.1,B.1.1,3
712,2020-12,Dez 2020,Rio Grande do Norte,B.1.1.236,Outras,1
713,2020-12,Dez 2020,Rio Grande do Norte,B.1.1.28,B.1.1.28,2
714,2020-12,Dez 2020,Rio Grande do Norte,B.1.1.33,B.1.1.33,1
715,2020-12,Dez 2020,Rio Grande do Norte,B.1.1.398,Outras,1
716,2020-12,Dez 2020,Rio Grande do Norte,P.2,P.2,12
717,2020-12,Dez 2020,Rio Grande do Sul,B.1.1,B.1.1,1
718,2020-12,Dez 2020,Rio Grande do Sul,B.1.1.161,Outras,1
719,2020-12,Dez 2020,Rio Grande do Sul,B.1.1.28,B.1.1.28,15
720,2020-12,Dez 2020,Rio Grande do Sul,B.1.1.33,B.1.1.33,6
721,2020-12,Dez 2020,Rio Grande do Sul,P.2,P.2,38
722,2020-12,Dez 2020,Rio Grande do Sul,P.7,Outras,10
723,2020-12,Dez 2020,Rio de Janeiro,B.1,Outras,5
724,2020-12,Dez 2020,Rio de Janeiro,B.1.1.28,B.1.1.28,5
725,2020-12,Dez 2020,Rio de Janeiro,B.1.1.33,B.1.1.33,8
726,2020-12,Dez 2020,Rio de Janeiro,B.1.1.97,Outras,1
727,2020-12,Dez 2020,Rio de Janeiro,B.1.407,Outras,1
728,2020-12,Dez 2020,Rio de Janeiro,N.9,Outras,1
729,2020-12,Dez 2020,Rio de Janeiro,P.2,P.2,110
730,2020-12,Dez 2020,Rio de Janeiro,P.7,Outras,1
731,2020-12,Dez 2020,Santa Catarina,B.1.1.28,B.1.1.28,3
732,2020-12,Dez 2020,Santa Catarina,B.1.1.33,B.1.1.33,1
733,2020-12,Dez 2020,Santa Catarina,P.2,P.2,36
734,2020-12,Dez 2020,Santa Catarina,P.7,Outras,6
735,2020-12,Dez 2020,São Paulo,B.1.1,B.1.1,1
736,2020-12,Dez 2020,São Paulo,B.1.1.28,B.1.1.28,29
737,2020-12,Dez 2020,São Paulo,B.1.1.33,B.1.1.33,5
738,2020-12,Dez 2020,São Paulo,B.1.1.332,Outras,2
739,2020-12,Dez 2020,São Paulo,N.9,Outras,7
740,2020-12,Dez 2020,São Paulo,P.2,P.2,23
741,2020-12,Dez 2020,São Paulo,P.7,Outras,6
742,2020-12,Dez 2020,Tocantins,P.2,P.2,1
743,2021-01,Jan 2021,Acre,B.1,Outras,2
744,2021-01,Jan 2021,Acre,B.1.1.28,B.1.1.28,15
745,2021-01,Jan 2021,Acre,B.1.1.33,B.1.1.33,3
746,2021-01,Jan 2021,Acre,B.1.1.348,Outras,2
747,2021-01,Jan 2021,Acre,N.9,Outras,1
748,2021-01,Jan 2021,Acre,P.1 (Gama),P.1 (Gama),10
749,2021-01,Jan 2021,Acre,P.2,P.2,3
750,2021-01,Jan 2021,Alagoas,B.1.1,B.1.1,1
751,2021-01,Jan 2021,Alagoas,B.1.1.236,Outras,1
752,2021-01,Jan 2021,Alagoas,B.1.1.28,B.1.1.28,3
753,2021-01,Jan 2021,Alagoas,B.1.1.33,B.1.1.33,2
754,2021-01,Jan 2021,Alagoas,P.1 (Gama),P.1 (Gama),13
755,2021-01,Jan 2021,Alagoas,P.1.3,Outras,1
756,2021-01,Jan 2021,Alagoas,P.2,P.2,32
757,2021-01,Jan 2021,Amapá,B.1.1,B.1.1,1
758,2021-01,Jan 2021,Amapá,B.1.1.33,B.1.1.33,1
759,2021-01,Jan 2021,Amapá,B.1.160.25,Outras,2
760,2021-01,Jan 2021,Amapá,P.1 (Gama),P.1 (Gama),9
761,2021-01,Jan 2021,Amapá,P.2,P.2,60
762,2021-01,Jan 2021,Amazonas,B.1.1.28,B.1.1.28,3
763,2021-01,Jan 2021,Amazonas,B.1.1.33,B.1.1.33,2
764,2021-01,Jan 2021,Amazonas,B.1.1.398,Outras,1
765,2021-01,Jan 2021,Amazonas,N.1,Outras,1
766,2021-01,Jan 2021,Amazonas,P.1 (Gama),P.1 (Gama),175
767,2021-01,Jan 2021,Amazonas,P.2,P.2,7
768,2021-01,Jan 2021,Bahia,B.1.1,B.1.1,2
769,2021-01,Jan 2021,Bahia,B.1.1.28,B.1.1.28,3
770,2021-01,Jan 2021,Bahia,B.1.1.33,B.1.1.33,2
771,2021-01,Jan 2021,Bahia,B.1.1.7 (Alfa),B.1.1.7 (Alfa),4
772,2021-01,Jan 2021,Bahia,N.9,Outras,8
773,2021-01,Jan 2021,Bahia,P.1 (Gama),P.1 (Gama),13
774,2021-01,Jan 2021,Bahia,P.2,P.2,49
775,2021-01,Jan 2021,Ceará,B.1.1,B.1.1,3
776,2021-01,Jan 2021,Ceará,B.1.1.28,B.1.1.28,1
777,2021-01,Jan 2021,Ceará,B.1.1.33,B.1.1.33,9
778,2021-01,Jan 2021,Ceará,B.1.1.332,Outras,2
779,2021-01,Jan 2021,Ceará,N.9,Outras,1
780,2021-01,Jan 2021,Ceará,P.1 (Gama),P.1 (Gama),16
781,2021-01,Jan 2021,Ceará,P.2,P.2,21
782,2021-01,Jan 2021,Distrito Federal,P.1 (Gama),P.1 (Gama),1
783,2021-01,Jan 2021,Distrito Federal,P.2,P.2,1
784,2021-01,Jan 2021,Espírito Santo,B.1.1.28,B.1.1.28,7
785,2021-01,Jan 2021,Espírito Santo,B.1.1.33,B.1.1.33,10
786,2021-01,Jan 2021,Espírito Santo,B.1.1.7 (Alfa),B.1.1.7 (Alfa),1
787,2021-01,Jan 2021,Espírito Santo,N.9,Outras,1
788,2021-01,Jan 2021,Espírito Santo,P.1 (Gama),P.1 (Gama),4
789,2021-01,Jan 2021,Espírito Santo,P.2,P.2,28
790,2021-01,Jan 2021,Goiás,B.1.1,B.1.1,1
791,2021-01,Jan 2021,Goiás,B.1.1.28,B.1.1.28,5
792,2021-01,Jan 2021,Goiás,B.1.1.33,B.1.1.33,2
793,2021-01,Jan 2021,Goiás,B.1.1.332,Outras,1
794,2021-01,Jan 2021,Goiás,B.1.1.7 (Alfa),B.1.1.7 (Alfa),6
795,2021-01,Jan 2021,Goiás,N.9,Outras,1
796,2021-01,Jan 2021,Goiás,P.1 (Gama),P.1 (Gama),44
797,2021-01,Jan 2021,Goiás,P.2,P.2,72
798,2021-01,Jan 2021,Goiás,P.7,Outras,3
799,2021-01,Jan 2021,Maranhão,B.1.1.28,B.1.1.28,2
800,2021-01,Jan 2021,Maranhão,B.1.1.33,B.1.1.33,1
801,2021-01,Jan 2021,Maranhão,B.1.1.332,Outras,1
802,2021-01,Jan 2021,Maranhão,B.1.234,Outras,1
803,2021-01,Jan 2021,Maranhão,N.10,Outras,9
804,2021-01,Jan 2021,Maranhão,N.9,Outras,12
805,2021-01,Jan 2021,Maranhão,P.1 (Gama),P.1 (Gama),8
806,2021-01,Jan 2021,Maranhão,P.2,P.2,15
807,2021-01,Jan 2021,Mato Grosso,B.1.1.28,B.1.1.28,5
808,2021-01,Jan 2021,Mato Grosso,B.1.1.33,B.1.1.33,1
809,2021-01,Jan 2021,Mato Grosso,B.1.1.332,Outras,3
810,2021-01,Jan 2021,Mato Grosso,B.1.1.7 (Alfa),B.1.1.7 (Alfa),2
811,2021-01,Jan 2021,Mato Grosso,N.9,Outras,3
812,2021-01,Jan 2021,Mato Grosso,P.1 (Gama),P.1 (Gama),4
813,2021-01,Jan 2021,Mato Grosso,P.2,P.2,8
814,2021-01,Jan 2021,Mato Grosso do Sul,B.1.1.28,B.1.1.28,3
815,2021-01,Jan 2021,Mato Grosso do Sul,B.1.1.33,B.1.1.33,1
816,2021-01,Jan 2021,Mato Grosso do Sul,B.1.1.7 (Alfa),B.1.1.7 (Alfa),1
817,2021-01,Jan 2021,Mato Grosso do Sul,B.1.212,Outras,1
818,2021-01,Jan 2021,Mato Grosso do Sul,N.4,Outras,2
819,2021-01,Jan 2021,Mato Grosso do Sul,P.2,P.2,14
820,2021-01,Jan 2021,Minas Gerais,B.1.1.28,B.1.1.28,6
821,2021-01,Jan 2021,Minas Gerais,B.1.1.33,B.1.1.33,3
822,2021-01,Jan 2021,Minas Gerais,B.1.1.7 (Alfa),B.1.1.7 (Alfa),13
823,2021-01,Jan 2021,Minas Gerais,B.1.2,Outras,1
824,2021-01,Jan 2021,Minas Gerais,B.1.234,Outras,1
825,2021-01,Jan 2021,Minas Gerais,P.1 (Gama),P.1 (Gama),2
826,2021-01,Jan 2021,Minas Gerais,P.2,P.2,47
827,2021-01,Jan 2021,Minas Gerais,P.7,Outras,1
828,2021-01,Jan 2021,Paraná,B.1.1.28,B.1.1.28,9
829,2021-01,Jan 2021,Paraná,B.1.1.33,B.1.1.33,2
830,2021-01,Jan 2021,Paraná,B.1.1.7 (Alfa),B.1.1.7 (Alfa),3
831,2021-01,Jan 2021,Paraná,B.1.375,Outras,1
832,2021-01,Jan 2021,Paraná,N.5,Outras,1
833,2021-01,Jan 2021,Paraná,N.9,Outras,1
834,2021-01,Jan 2021,Paraná,P.1 (Gama),P.1 (Gama),4
835,2021-01,Jan 2021,Paraná,P.1.3,Outras,1
836,2021-01,Jan 2021,Paraná,P.2,P.2,22
837,2021-01,Jan 2021,Paraíba,B.1.1,B.1.1,4
838,2021-01,Jan 2021,Paraíba,B.1.1.267,Outras,1
839,2021-01,Jan 2021,Paraíba,B.1.1.28,B.1.1.28,2
840,2021-01,Jan 2021,Paraíba,B.1.1.33,B.1.1.33,1
841,2021-01,Jan 2021,Paraíba,B.1.524,Outras,1
842,2021-01,Jan 2021,Paraíba,P.1 (Gama),P.1 (Gama),5
843,2021-01,Jan 2021,Paraíba,P.2,P.2,25
844,2021-01,Jan 2021,Paraíba,P.7,Outras,5
845,2021-01,Jan 2021,Pará,B.1.1,B.1.1,2
846,2021-01,Jan 2021,Pará,B.1.1.28,B.1.1.28,4
847,2021-01,Jan 2021,Pará,B.1.1.378,Outras,1
848,2021-01,Jan 2021,Pará,N.9,Outras,1
849,2021-01,Jan 2021,Pará,P.1 (Gama),P.1 (Gama),25
850,2021-01,Jan 2021,Pará,P.2,P.2,33
851,2021-01,Jan 2021,Pernambuco,B.1.1,B.1.1,4
852,2021-01,Jan 2021,Pernambuco,B.1.1.28,B.1.1.28,2
853,2021-01,Jan 2021,Pernambuco,B.1.1.379,Outras,1
854,2021-01,Jan 2021,Pernambuco,N.9,Outras,1
855,2021-01,Jan 2021,Pernambuco,P.2,P.2,16
856,2021-01,Jan 2021,Piauí,N.9,Outras,1
857,2021-01,Jan 2021,Rio Grande do Norte,B.1,Outras,1
858,2021-01,Jan 2021,Rio Grande do Norte,B.1.1,B.1.1,1
859,2021-01,Jan 2021,Rio Grande do Norte,B.1.1.28,B.1.1.28,3
860,2021-01,Jan 2021,Rio Grande do Norte,N.9,Outras,1
861,2021-01,Jan 2021,Rio Grande do Norte,P.1 (Gama),P.1 (Gama),14
862,2021-01,Jan 2021,Rio Grande do Norte,P.2,P.2,30
863,2021-01,Jan 2021,Rio Grande do Sul,B.1,Outras,1
864,2021-01,Jan 2021,Rio Grande do Sul,B.1.1.28,B.1.1.28,9
865,2021-01,Jan 2021,Rio Grande do Sul,B.1.1.33,B.1.1.33,1
866,2021-01,Jan 2021,Rio Grande do Sul,B.1.575,Outras,1
867,2021-01,Jan 2021,Rio Grande do Sul,P.1 (Gama),P.1 (Gama),7
868,2021-01,Jan 2021,Rio Grande do Sul,P.2,P.2,46
869,2021-01,Jan 2021,Rio Grande do Sul,P.7,Outras,11
870,2021-01,Jan 2021,Rio de Janeiro,B.1.1,B.1.1,1
871,2021-01,Jan 2021,Rio de Janeiro,B.1.1.28,B.1.1.28,9
872,2021-01,Jan 2021,Rio de Janeiro,B.1.1.33,B.1.1.33,6
873,2021-01,Jan 2021,Rio de Janeiro,B.1.1.7 (Alfa),B.1.1.7 (Alfa),5
874,2021-01,Jan 2021,Rio de Janeiro,N.9,Outras,1
875,2021-01,Jan 2021,Rio de Janeiro,P.1 (Gama),P.1 (Gama),4
876,2021-01,Jan 2021,Rio de Janeiro,P.2,P.2,137
877,2021-01,Jan 2021,Rondônia,B.1.1.28,B.1.1.28,2
878,2021-01,Jan 2021,Rondônia,B.1.1.33,B.1.1.33,6
879,2021-01,Jan 2021,Rondônia,N.9,Outras,1
880,2021-01,Jan 2021,Rondônia,P.1 (Gama),P.1 (Gama),5
881,2021-01,Jan 2021,Rondônia,P.2,P.2,5
882,2021-01,Jan 2021,Roraima,P.1 (Gama),P.1 (Gama),12
883,2021-01,Jan 2021,Roraima,P.2,P.2,2
884,2021-01,Jan 2021,Santa Catarina,B.1.1.28,B.1.1.28,6
885,2021-01,Jan 2021,Santa Catarina,B.1.1.33,B.1.1.33,2
886,2021-01,Jan 2021,Santa Catarina,B.1.1.7 (Alfa),B.1.1.7 (Alfa),1
887,2021-01,Jan 2021,Santa Catarina,C.36,Outras,1
888,2021-01,Jan 2021,Santa Catarina,N.9,Outras,3
889,2021-01,Jan 2021,Santa Catarina,P.1 (Gama),P.1 (Gama),16
890,2021-01,Jan 2021,Santa Catarina,P.2,P.2,61
891,2021-01,Jan 2021,Santa Catarina,P.7,Outras,2
892,2021-01,Jan 2021,Sergipe,B.1.1,B.1.1,1
893,2021-01,Jan 2021,Sergipe,B.1.1.28,B.1.1.28,7
894,2021-01,Jan 2021,Sergipe,B.1.1.33,B.1.1.33,2
895,2021-01,Jan 2021,Sergipe,B.1.1.7 (Alfa),B.1.1.7 (Alfa),1
896,2021-01,Jan 2021,Sergipe,N.9,Outras,2
897,2021-01,Jan 2021,Sergipe,P.1 (Gama),P.1 (Gama),7
898,2021-01,Jan 2021,Sergipe,P.2,P.2,23
899,2021-01,Jan 2021,São Paulo,B.1.1,B.1.1,2
900,2021-01,Jan 2021,São Paulo,B.1.1.277,Outras,1
901,2021-01,Jan 2021,São Paulo,B.1.1.28,B.1.1.28,56
902,2021-01,Jan 2021,São Paulo,B.1.1.33,B.1.1.33,6
903,2021-01,Jan 2021,São Paulo,B.1.1.332,Outras,2
904,2021-01,Jan 2021,São Paulo,B.1.1.393,Outras,2
905,2021-01,Jan 2021,São Paulo,B.1.1.519,Outras,3
906,2021-01,Jan 2021,São Paulo,B.1.1.7 (Alfa),B.1.1.7 (Alfa),21
907,2021-01,Jan 2021,São Paulo,B.1.177.52,Outras,3
908,2021-01,Jan 2021,São Paulo,B.1.2,Outras,1
909,2021-01,Jan 2021,São Paulo,B.1.221,Outras,1
910,2021-01,Jan 2021,São Paulo,B.1.234,Outras,1
911,2021-01,Jan 2021,São Paulo,N.6,Outras,2
912,2021-01,Jan 2021,São Paulo,N.9,Outras,10
913,2021-01,Jan 2021,São Paulo,P.1 (Gama),P.1 (Gama),51
914,2021-01,Jan 2021,São Paulo,P.2,P.2,133
915,2021-01,Jan 2021,São Paulo,P.7,Outras,4
916,2021-01,Jan 2021,Tocantins,B.1.1.28,B.1.1.28,1
917,2021-01,Jan 2021,Tocantins,P.1 (Gama),P.1 (Gama),2
918,2021-01,Jan 2021,Tocantins,P.2,P.2,3
919,2021-02,Fev 2021,Acre,B.1.1.28,B.1.1.28,2
920,2021-02,Fev 2021,Acre,B.1.1.348,Outras,2
921,2021-02,Fev 2021,Acre,P.1 (Gama),P.1 (Gama),13
922,2021-02,Fev 2021,Alagoas,B.1.1,B.1.1,2
923,2021-02,Fev 2021,Alagoas,B.1.1.28,B.1.1.28,2
924,2021-02,Fev 2021,Alagoas,B.1.1.33,B.1.1.33,4
925,2021-02,Fev 2021,Alagoas,N.9,Outras,1
926,2021-02,Fev 2021,Alagoas,P.1 (Gama),P.1 (Gama),33
927,2021-02,Fev 2021,Alagoas,P.2,P.2,38
928,2021-02,Fev 2021,Alagoas,P.7,Outras,1
929,2021-02,Fev 2021,Amapá,N.10,Outras,1
930,2021-02,Fev 2021,Amapá,N.9,Outras,1
931,2021-02,Fev 2021,Amapá,P.1 (Gama),P.1 (Gama),38
932,2021-02,Fev 2021,Amapá,P.2,P.2,16
933,2021-02,Fev 2021,Amazonas,P.1 (Gama),P.1 (Gama),130
934,2021-02,Fev 2021,Amazonas,P.1.3,Outras,1
935,2021-02,Fev 2021,Bahia,B.1.1,B.1.1,1
936,2021-02,Fev 2021,Bahia,B.1.1.28,B.1.1.28,11
937,2021-02,Fev 2021,Bahia,B.1.1.33,B.1.1.33,1
938,2021-02,Fev 2021,Bahia,B.1.1.7 (Alfa),B.1.1.7 (Alfa),6
939,2021-02,Fev 2021,Bahia,B.1.525 (Eta),Outras,1
940,2021-02,Fev 2021,Bahia,C.14,Outras,2
941,2021-02,Fev 2021,Bahia,N.9,Outras,2
942,2021-02,Fev 2021,Bahia,P.1 (Gama),P.1 (Gama),50
943,2021-02,Fev 2021,Bahia,P.2,P.2,50
944,2021-02,Fev 2021,Bahia,P.7,Outras,1
945,2021-02,Fev 2021,Ceará,P.1 (Gama),P.1 (Gama),47
946,2021-02,Fev 2021,Ceará,P.1.3,Outras,1
947,2021-02,Fev 2021,Ceará,P.1.7 (Gama),P.1.7 (Gama),2
948,2021-02,Fev 2021,Ceará,P.2,P.2,7
949,2021-02,Fev 2021,Distrito Federal,B.1.177.32,Outras,1
950,2021-02,Fev 2021,Espírito Santo,B.1.1.28,B.1.1.28,3
951,2021-02,Fev 2021,Espírito Santo,B.1.1.33,B.1.1.33,1
952,2021-02,Fev 2021,Espírito Santo,B.1.1.7 (Alfa),B.1.1.7 (Alfa),6
953,2021-02,Fev 2021,Espírito Santo,P.1 (Gama),P.1 (Gama),9
954,2021-02,Fev 2021,Espírito Santo,P.2,P.2,14
955,2021-02,Fev 2021,Goiás,B.1.1,B.1.1,1
956,2021-02,Fev 2021,Goiás,B.1.1.28,B.1.1.28,3
957,2021-02,Fev 2021,Goiás,B.1.1.376,Outras,1
958,2021-02,Fev 2021,Goiás,B.1.1.7 (Alfa),B.1.1.7 (Alfa),20
959,2021-02,Fev 2021,Goiás,P.1 (Gama),P.1 (Gama),125
960,2021-02,Fev 2021,Goiás,P.2,P.2,46
961,2021-02,Fev 2021,Maranhão,B.1.1,B.1.1,1
962,2021-02,Fev 2021,Maranhão,B.1.1.28,B.1.1.28,2
963,2021-02,Fev 2021,Maranhão,N.10,Outras,7
964,2021-02,Fev 2021,Maranhão,N.9,Outras,6
965,2021-02,Fev 2021,Maranhão,P.1 (Gama),P.1 (Gama),29
966,2021-02,Fev 2021,Maranhão,P.2,P.2,6
967,2021-02,Fev 2021,Mato Grosso,B.1.1,B.1.1,1
968,2021-02,Fev 2021,Mato Grosso,B.1.1.28,B.1.1.28,1
969,2021-02,Fev 2021,Mato Grosso,B.1.1.33,B.1.1.33,1
970,2021-02,Fev 2021,Mato Grosso,P.1 (Gama),P.1 (Gama),11
971,2021-02,Fev 2021,Mato Grosso,P.2,P.2,10
972,2021-02,Fev 2021,Mato Grosso do Sul,B.1.1.274,Outras,1
973,2021-02,Fev 2021,Mato Grosso do Sul,B.1.1.28,B.1.1.28,5
974,2021-02,Fev 2021,Mato Grosso do Sul,P.1 (Gama),P.1 (Gama),11
975,2021-02,Fev 2021,Mato Grosso do Sul,P.1.7 (Gama),P.1.7 (Gama),1
976,2021-02,Fev 2021,Mato Grosso do Sul,P.2,P.2,25
977,2021-02,Fev 2021,Mato Grosso do Sul,P.7,Outras,1
978,2021-02,Fev 2021,Minas Gerais,B.1,Outras,2
979,2021-02,Fev 2021,Minas Gerais,B.1.1,B.1.1,1
980,2021-02,Fev 2021,Minas Gerais,B.1.1.28,B.1.1.28,8
981,2021-02,Fev 2021,Minas Gerais,B.1.1.7 (Alfa),B.1.1.7 (Alfa),5
982,2021-02,Fev 2021,Minas Gerais,P.1 (Gama),P.1 (Gama),55
983,2021-02,Fev 2021,Minas Gerais,P.2,P.2,91
984,2021-02,Fev 2021,Paraná,B.1.1.7 (Alfa),B.1.1.7 (Alfa),6
985,2021-02,Fev 2021,Paraná,C.36,Outras,1
986,2021-02,Fev 2021,Paraná,N.9,Outras,1
987,2021-02,Fev 2021,Paraná,P.1 (Gama),P.1 (Gama),15
988,2021-02,Fev 2021,Paraná,P.2,P.2,14
989,2021-02,Fev 2021,Paraná,P.7,Outras,1
990,2021-02,Fev 2021,Paraíba,B.1.1,B.1.1,1
991,2021-02,Fev 2021,Paraíba,B.1.1.28,B.1.1.28,2
992,2021-02,Fev 2021,Paraíba,P.1 (Gama),P.1 (Gama),16
993,2021-02,Fev 2021,Paraíba,P.2,P.2,7
994,2021-02,Fev 2021,Paraíba,P.7,Outras,1
995,2021-02,Fev 2021,Pará,B.1.1,B.1.1,1
996,2021-02,Fev 2021,Pará,B.1.1.236,Outras,1
997,2021-02,Fev 2021,Pará,B.1.1.28,B.1.1.28,2
998,2021-02,Fev 2021,Pará,B.1.1.333,Outras,1
999,2021-02,Fev 2021,Pará,P.1 (Gama),P.1 (Gama),69
1000,2021-02,Fev 2021,Pará,P.2,P.2,15
1001,2021-02,Fev 2021,Pernambuco,B.1.1,B.1.1,1
1002,2021-02,Fev 2021,Pernambuco,P.1 (Gama),P.1 (Gama),22
1003,2021-02,Fev 2021,Pernambuco,P.2,P.2,4
1004,2021-02,Fev 2021,Piauí,B.1.1.33,B.1.1.33,3
1005,2021-02,Fev 2021,Piauí,N.9,Outras,2
1006,2021-02,Fev 2021,Piauí,P.1 (Gama),P.1 (Gama),2
1007,2021-02,Fev 2021,Piauí,P.2,P.2,1
1008,2021-02,Fev 2021,Rio Grande do Norte,B.1.1,B.1.1,2
1009,2021-02,Fev 2021,Rio Grande do Norte,B.1.1.28,B.1.1.28,1
1010,2021-02,Fev 2021,Rio Grande do Norte,N.9,Outras,2
1011,2021-02,Fev 2021,Rio Grande do Norte,P.1 (Gama),P.1 (Gama),23
1012,2021-02,Fev 2021,Rio Grande do Norte,P.2,P.2,15
1013,2021-02,Fev 2021,Rio Grande do Sul,B.1.1.161,Outras,1
1014,2021-02,Fev 2021,Rio Grande do Sul,B.1.1.28,B.1.1.28,5
1015,2021-02,Fev 2021,Rio Grande do Sul,B.1.1.33,B.1.1.33,2
1016,2021-02,Fev 2021,Rio Grande do Sul,B.1.1.332,Outras,1
1017,2021-02,Fev 2021,Rio Grande do Sul,B.1.1.7 (Alfa),B.1.1.7 (Alfa),1
1018,2021-02,Fev 2021,Rio Grande do Sul,P.1 (Gama),P.1 (Gama),84
1019,2021-02,Fev 2021,Rio Grande do Sul,P.2,P.2,30
1020,2021-02,Fev 2021,Rio Grande do Sul,P.7,Outras,7
1021,2021-02,Fev 2021,Rio de Janeiro,B.1,Outras,1
1022,2021-02,Fev 2021,Rio de Janeiro,B.1.1,B.1.1,1
1023,2021-02,Fev 2021,Rio de Janeiro,B.1.1.28,B.1.1.28,3
1024,2021-02,Fev 2021,Rio de Janeiro,B.1.1.33,B.1.1.33,1
1025,2021-02,Fev 2021,Rio de Janeiro,B.1.1.348,Outras,1
1026,2021-02,Fev 2021,Rio de Janeiro,B.1.1.519,Outras,1
1027,2021-02,Fev 2021,Rio de Janeiro,B.1.1.7 (Alfa),B.1.1.7 (Alfa),5
1028,2021-02,Fev 2021,Rio de Janeiro,B.1.459,Outras,1
1029,2021-02,Fev 2021,Rio de Janeiro,P.1 (Gama),P.1 (Gama),114
1030,2021-02,Fev 2021,Rio de Janeiro,P.2,P.2,63
1031,2021-02,Fev 2021,Rio de Janeiro,P.7,Outras,1
1032,2021-02,Fev 2021,Rondônia,P.1 (Gama),P.1 (Gama),4
1033,2021-02,Fev 2021,Rondônia,P.2,P.2,1
1034,2021-02,Fev 2021,Roraima,P.1 (Gama),P.1 (Gama),17
1035,2021-02,Fev 2021,Santa Catarina,B.1.1,B.1.1,1
1036,2021-02,Fev 2021,Santa Catarina,B.1.1.28,B.1.1.28,1
1037,2021-02,Fev 2021,Santa Catarina,B.1.1.332,Outras,1
1038,2021-02,Fev 2021,Santa Catarina,B.1.1.7 (Alfa),B.1.1.7 (Alfa),1
1039,2021-02,Fev 2021,Santa Catarina,P.1 (Gama),P.1 (Gama),121
1040,2021-02,Fev 2021,Santa Catarina,P.2,P.2,33
1041,2021-02,Fev 2021,Santa Catarina,P.7,Outras,2
1042,2021-02,Fev 2021,Sergipe,B.1.1,B.1.1,1
1043,2021-02,Fev 2021,Sergipe,B.1.1.28,B.1.1.28,3
1044,2021-02,Fev 2021,Sergipe,B.1.1.33,B.1.1.33,1
1045,2021-02,Fev 2021,Sergipe,N.9,Outras,3
1046,2021-02,Fev 2021,Sergipe,P.1 (Gama),P.1 (Gama),145
1047,2021-02,Fev 2021,Sergipe,P.2,P.2,25
1048,2021-02,Fev 2021,Sergipe,P.7,Outras,2
1049,2021-02,Fev 2021,São Paulo,B.1,Outras,1
1050,2021-02,Fev 2021,São Paulo,B.1.1,B.1.1,1
1051,2021-02,Fev 2021,São Paulo,B.1.1.28,B.1.1.28,56
1052,2021-02,Fev 2021,São Paulo,B.1.1.33,B.1.1.33,1
1053,2021-02,Fev 2021,São Paulo,B.1.1.332,Outras,3
1054,2021-02,Fev 2021,São Paulo,B.1.1.393,Outras,2
1055,2021-02,Fev 2021,São Paulo,B.1.1.7 (Alfa),B.1.1.7 (Alfa),8
1056,2021-02,Fev 2021,São Paulo,B.1.566,Outras,1
1057,2021-02,Fev 2021,São Paulo,C.37 (Lambda),Outras,2
1058,2021-02,Fev 2021,São Paulo,N.9,Outras,6
1059,2021-02,Fev 2021,São Paulo,P.1 (Gama),P.1 (Gama),225
1060,2021-02,Fev 2021,São Paulo,P.2,P.2,156
1061,2021-02,Fev 2021,São Paulo,P.4,Outras,4
1062,2021-02,Fev 2021,São Paulo,P.7,Outras,9
1063,2021-02,Fev 2021,Tocantins,B.1.1.28,B.1.1.28,2
1064,2021-02,Fev 2021,Tocantins,B.1.1.398,Outras,1
1065,2021-02,Fev 2021,Tocantins,P.1 (Gama),P.1 (Gama),10
1066,2021-02,Fev 2021,Tocantins,P.2,P.2,9
1067,2021-03,Mar 2021,Acre,P.1 (Gama),P.1 (Gama),31
1068,2021-03,Mar 2021,Alagoas,P.1 (Gama),P.1 (Gama),22
1069,2021-03,Mar 2021,Amapá,P.1 (Gama),P.1 (Gama),23
1070,2021-03,Mar 2021,Amapá,P.2,P.2,1
1071,2021-03,Mar 2021,Amazonas,P.1 (Gama),P.1 (Gama),152
1072,2021-03,Mar 2021,Amazonas,P.1.3,Outras,3
1073,2021-03,Mar 2021,Amazonas,P.1.4 (Gama),P.1.4 (Gama),3
1074,2021-03,Mar 2021,Amazonas,P.1.6 (Gama),Outras,1
1075,2021-03,Mar 2021,Bahia,B.1.1,B.1.1,3
1076,2021-03,Mar 2021,Bahia,B.1.1.277,Outras,1
1077,2021-03,Mar 2021,Bahia,B.1.1.28,B.1.1.28,1
1078,2021-03,Mar 2021,Bahia,B.1.1.7 (Alfa),B.1.1.7 (Alfa),2
1079,2021-03,Mar 2021,Bahia,P.1 (Gama),P.1 (Gama),71
1080,2021-03,Mar 2021,Bahia,P.1.7 (Gama),P.1.7 (Gama),1
1081,2021-03,Mar 2021,Bahia,P.2,P.2,10
1082,2021-03,Mar 2021,Ceará,P.1 (Gama),P.1 (Gama),139
1083,2021-03,Mar 2021,Ceará,P.1.3,Outras,1
1084,2021-03,Mar 2021,Ceará,P.1.7 (Gama),P.1.7 (Gama),4
1085,2021-03,Mar 2021,Ceará,P.2,P.2,2
1086,2021-03,Mar 2021,Espírito Santo,B.1.1.7 (Alfa),B.1.1.7 (Alfa),9
1087,2021-03,Mar 2021,Espírito Santo,P.1 (Gama),P.1 (Gama),7
1088,2021-03,Mar 2021,Espírito Santo,P.2,P.2,2
1089,2021-03,Mar 2021,Goiás,B.1.1.7 (Alfa),B.1.1.7 (Alfa),10
1090,2021-03,Mar 2021,Goiás,P.1 (Gama),P.1 (Gama),222
1091,2021-03,Mar 2021,Goiás,P.1.7 (Gama),P.1.7 (Gama),1
1092,2021-03,Mar 2021,Goiás,P.2,P.2,9
1093,2021-03,Mar 2021,Maranhão,N.10,Outras,1
1094,2021-03,Mar 2021,Maranhão,N.9,Outras,2
1095,2021-03,Mar 2021,Maranhão,P.1 (Gama),P.1 (Gama),28
1096,2021-03,Mar 2021,Mato Grosso,P.1 (Gama),P.1 (Gama),25
1097,2021-03,Mar 2021,Mato Grosso,P.2,P.2,3
1098,2021-03,Mar 2021,Mato Grosso do Sul,B.1.1.28,B.1.1.28,1
1099,2021-03,Mar 2021,Mato Grosso do Sul,P.1 (Gama),P.1 (Gama),18
1100,2021-03,Mar 2021,Mato Grosso do Sul,P.2,P.2,2
1101,2021-03,Mar 2021,Minas Gerais,B.1.1.33,B.1.1.33,1
1102,2021-03,Mar 2021,Minas Gerais,B.1.1.7 (Alfa),B.1.1.7 (Alfa),19
1103,2021-03,Mar 2021,Minas Gerais,P.1 (Gama),P.1 (Gama),72
1104,2021-03,Mar 2021,Minas Gerais,P.2,P.2,14
1105,2021-03,Mar 2021,Paraná,B.1.1.28,B.1.1.28,4
1106,2021-03,Mar 2021,Paraná,B.1.1.7 (Alfa),B.1.1.7 (Alfa),1
1107,2021-03,Mar 2021,Paraná,P.1 (Gama),P.1 (Gama),109
1108,2021-03,Mar 2021,Paraná,P.2,P.2,20
1109,2021-03,Mar 2021,Paraíba,B.1.1.7 (Alfa),B.1.1.7 (Alfa),1
1110,2021-03,Mar 2021,Paraíba,P.1 (Gama),P.1 (Gama),35
1111,2021-03,Mar 2021,Paraíba,P.2,P.2,3
1112,2021-03,Mar 2021,Pará,B.1.1.277,Outras,1
1113,2021-03,Mar 2021,Pará,B.1.1.33,B.1.1.33,1
1114,2021-03,Mar 2021,Pará,P.1 (Gama),P.1 (Gama),52
1115,2021-03,Mar 2021,Pará,P.2,P.2,2
1116,2021-03,Mar 2021,Pernambuco,B.1.1,B.1.1,1
1117,2021-03,Mar 2021,Pernambuco,P.1 (Gama),P.1 (Gama),8
1118,2021-03,Mar 2021,Piauí,P.1 (Gama),P.1 (Gama),1
1119,2021-03,Mar 2021,Rio Grande do Norte,P.1 (Gama),P.1 (Gama),12
1120,2021-03,Mar 2021,Rio Grande do Sul,B.1.1.28,B.1.1.28,1
1121,2021-03,Mar 2021,Rio Grande do Sul,B.1.1.33,B.1.1.33,1
1122,2021-03,Mar 2021,Rio Grande do Sul,P.1 (Gama),P.1 (Gama),130
1123,2021-03,Mar 2021,Rio Grande do Sul,P.2,P.2,7
1124,2021-03,Mar 2021,Rio Grande do Sul,P.7,Outras,2
1125,2021-03,Mar 2021,Rio de Janeiro,B.1.1.28,B.1.1.28,1
1126,2021-03,Mar 2021,Rio de Janeiro,B.1.1.41,Outras,1
1127,2021-03,Mar 2021,Rio de Janeiro,B.1.1.7 (Alfa),B.1.1.7 (Alfa),11
1128,2021-03,Mar 2021,Rio de Janeiro,N.9,Outras,1
1129,2021-03,Mar 2021,Rio de Janeiro,P.1 (Gama),P.1 (Gama),405
1130,2021-03,Mar 2021,Rio de Janeiro,P.1.3,Outras,1
1131,2021-03,Mar 2021,Rio de Janeiro,P.2,P.2,13
1132,2021-03,Mar 2021,Rondônia,P.1 (Gama),P.1 (Gama),2
1133,2021-03,Mar 2021,Roraima,P.1 (Gama),P.1 (Gama),9
1134,2021-03,Mar 2021,Roraima,P.1.3,Outras,1
1135,2021-03,Mar 2021,Roraima,P.2,P.2,1
1136,2021-03,Mar 2021,Santa Catarina,B.1.1.33,B.1.1.33,1
1137,2021-03,Mar 2021,Santa Catarina,P.1 (Gama),P.1 (Gama),88
1138,2021-03,Mar 2021,Santa Catarina,P.2,P.2,5
1139,2021-03,Mar 2021,Santa Catarina,P.7,Outras,1
1140,2021-03,Mar 2021,Sergipe,P.1 (Gama),P.1 (Gama),47
1141,2021-03,Mar 2021,Sergipe,P.2,P.2,3
1142,2021-03,Mar 2021,São Paulo,B.1,Outras,1
1143,2021-03,Mar 2021,São Paulo,B.1.1.28,B.1.1.28,50
1144,2021-03,Mar 2021,São Paulo,B.1.1.332,Outras,1
1145,2021-03,Mar 2021,São Paulo,B.1.1.7 (Alfa),B.1.1.7 (Alfa),106
1146,2021-03,Mar 2021,São Paulo,B.1.243,Outras,1
1147,2021-03,Mar 2021,São Paulo,B.1.351 (Beta),Outras,3
1148,2021-03,Mar 2021,São Paulo,B.1.566,Outras,2
1149,2021-03,Mar 2021,São Paulo,N.9,Outras,4
1150,2021-03,Mar 2021,São Paulo,P.1 (Gama),P.1 (Gama),1568
1151,2021-03,Mar 2021,São Paulo,P.1.7 (Gama),P.1.7 (Gama),3
1152,2021-03,Mar 2021,São Paulo,P.2,P.2,115
1153,2021-03,Mar 2021,São Paulo,P.4,Outras,41
1154,2021-03,Mar 2021,São Paulo,P.5,Outras,12
1155,2021-03,Mar 2021,São Paulo,P.7,Outras,5
1156,2021-03,Mar 2021,Tocantins,B.1.1.28,B.1.1.28,1
1157,2021-03,Mar 2021,Tocantins,P.1 (Gama),P.1 (Gama),15
1158,2021-03,Mar 2021,Tocantins,P.1.7 (Gama),P.1.7 (Gama),1
1159,2021-04,Abr 2021,Acre,P.1 (Gama),P.1 (Gama),22
1160,2021-04,Abr 2021,Alagoas,P.1 (Gama),P.1 (Gama),57
1161,2021-04,Abr 2021,Alagoas,P.1.7 (Gama),P.1.7 (Gama),3
1162,2021-04,Abr 2021,Amapá,B.1.190,Outras,1
1163,2021-04,Abr 2021,Amapá,P.1 (Gama),P.1 (Gama),7
1164,2021-04,Abr 2021,Amazonas,B.1.1.7 (Alfa),B.1.1.7 (Alfa),1
1165,2021-04,Abr 2021,Amazonas,P.1 (Gama),P.1 (Gama),106
1166,2021-04,Abr 2021,Amazonas,P.1.3,Outras,3
1167,2021-04,Abr 2021,Amazonas,P.1.4 (Gama),P.1.4 (Gama),27
1168,2021-04,Abr 2021,Amazonas,P.1.5,Outras,2
1169,2021-04,Abr 2021,Amazonas,P.1.6 (Gama),Outras,17
1170,2021-04,Abr 2021,Bahia,B.1.1.28,B.1.1.28,1
1171,2021-04,Abr 2021,Bahia,P.1 (Gama),P.1 (Gama),35
1172,2021-04,Abr 2021,Bahia,P.1.7 (Gama),P.1.7 (Gama),1
1173,2021-04,Abr 2021,Bahia,P.2,P.2,2
1174,2021-04,Abr 2021,Ceará,P.1 (Gama),P.1 (Gama),34
1175,2021-04,Abr 2021,Ceará,P.1.7 (Gama),P.1.7 (Gama),1
1176,2021-04,Abr 2021,Espírito Santo,B.1.1.7 (Alfa),B.1.1.7 (Alfa),5
1177,2021-04,Abr 2021,Espírito Santo,P.1 (Gama),P.1 (Gama),29
1178,2021-04,Abr 2021,Espírito Santo,P.2,P.2,3
1179,2021-04,Abr 2021,Goiás,B.1.1.7 (Alfa),B.1.1.7 (Alfa),2
1180,2021-04,Abr 2021,Goiás,B.1.617.2+AY.* (Delta),B.1.617.2+AY.* (Delta),3
1181,2021-04,Abr 2021,Goiás,P.1 (Gama),P.1 (Gama),170
1182,2021-04,Abr 2021,Goiás,P.1.7 (Gama),P.1.7 (Gama),4
1183,2021-04,Abr 2021,Maranhão,P.1 (Gama),P.1 (Gama),51
1184,2021-04,Abr 2021,Maranhão,P.1.7 (Gama),P.1.7 (Gama),3
1185,2021-04,Abr 2021,Mato Grosso,B.1.1.7 (Alfa),B.1.1.7 (Alfa),1
1186,2021-04,Abr 2021,Mato Grosso,P.1 (Gama),P.1 (Gama),9
1187,2021-04,Abr 2021,Mato Grosso,P.1.7 (Gama),P.1.7 (Gama),1
1188,2021-04,Abr 2021,Mato Grosso do Sul,P.1 (Gama),P.1 (Gama),21
1189,2021-04,Abr 2021,Mato Grosso do Sul,P.2,P.2,2
1190,2021-04,Abr 2021,Minas Gerais,B.1.1,B.1.1,1
1191,2021-04,Abr 2021,Minas Gerais,B.1.1.28,B.1.1.28,2
1192,2021-04,Abr 2021,Minas Gerais,B.1.1.7 (Alfa),B.1.1.7 (Alfa),6
1193,2021-04,Abr 2021,Minas Gerais,P.1 (Gama),P.1 (Gama),81
1194,2021-04,Abr 2021,Minas Gerais,P.1.3,Outras,1
1195,2021-04,Abr 2021,Minas Gerais,P.2,P.2,2
1196,2021-04,Abr 2021,Paraná,B.1.1.7 (Alfa),B.1.1.7 (Alfa),2
1197,2021-04,Abr 2021,Paraná,B.1.617.2+AY.* (Delta),B.1.617.2+AY.* (Delta),3
1198,2021-04,Abr 2021,Paraná,N.10,Outras,1
1199,2021-04,Abr 2021,Paraná,P.1 (Gama),P.1 (Gama),173
1200,2021-04,Abr 2021,Paraná,P.1.3,Outras,1
1201,2021-04,Abr 2021,Paraná,P.1.4 (Gama),P.1.4 (Gama),2
1202,2021-04,Abr 2021,Paraná,P.1.7 (Gama),P.1.7 (Gama),4
1203,2021-04,Abr 2021,Paraná,P.2,P.2,4
1204,2021-04,Abr 2021,Paraíba,P.1 (Gama),P.1 (Gama),24
1205,2021-04,Abr 2021,Paraíba,P.1.7 (Gama),P.1.7 (Gama),1
1206,2021-04,Abr 2021,Pará,P.1 (Gama),P.1 (Gama),36
1207,2021-04,Abr 2021,Pernambuco,B.1.1.7 (Alfa),B.1.1.7 (Alfa),1
1208,2021-04,Abr 2021,Pernambuco,P.1 (Gama),P.1 (Gama),30
1209,2021-04,Abr 2021,Rio Grande do Norte,P.1 (Gama),P.1 (Gama),13
1210,2021-04,Abr 2021,Rio Grande do Norte,P.2,P.2,2
1211,2021-04,Abr 2021,Rio Grande do Sul,B.1.1.28,B.1.1.28,2
1212,2021-04,Abr 2021,Rio Grande do Sul,P.1 (Gama),P.1 (Gama),97
1213,2021-04,Abr 2021,Rio Grande do Sul,P.2,P.2,5
1214,2021-04,Abr 2021,Rio de Janeiro,B.1.1.7 (Alfa),B.1.1.7 (Alfa),18
1215,2021-04,Abr 2021,Rio de Janeiro,P.1 (Gama),P.1 (Gama),885
1216,2021-04,Abr 2021,Rio de Janeiro,P.1.7 (Gama),P.1.7 (Gama),2
1217,2021-04,Abr 2021,Rio de Janeiro,P.2,P.2,8
1218,2021-04,Abr 2021,Rio de Janeiro,P.5,Outras,3
1219,2021-04,Abr 2021,Roraima,P.1 (Gama),P.1 (Gama),4
1220,2021-04,Abr 2021,Roraima,P.1.5,Outras,1
1221,2021-04,Abr 2021,Santa Catarina,B.1.1.7 (Alfa),B.1.1.7 (Alfa),1
1222,2021-04,Abr 2021,Santa Catarina,P.1 (Gama),P.1 (Gama),67
1223,2021-04,Abr 2021,Santa Catarina,P.1.7 (Gama),P.1.7 (Gama),1
1224,2021-04,Abr 2021,Sergipe,P.1 (Gama),P.1 (Gama),1
1225,2021-04,Abr 2021,São Paulo,B.1.1,B.1.1,3
1226,2021-04,Abr 2021,São Paulo,B.1.1.28,B.1.1.28,12
1227,2021-04,Abr 2021,São Paulo,B.1.1.318,Outras,5
1228,2021-04,Abr 2021,São Paulo,B.1.1.7 (Alfa),B.1.1.7 (Alfa),97
1229,2021-04,Abr 2021,São Paulo,B.1.351 (Beta),Outras,2
1230,2021-04,Abr 2021,São Paulo,N.10,Outras,2
1231,2021-04,Abr 2021,São Paulo,P.1 (Gama),P.1 (Gama),2277
1232,2021-04,Abr 2021,São Paulo,P.1.3,Outras,2
1233,2021-04,Abr 2021,São Paulo,P.1.7 (Gama),P.1.7 (Gama),15
1234,2021-04,Abr 2021,São Paulo,P.2,P.2,19
1235,2021-04,Abr 2021,São Paulo,P.4,Outras,48
1236,2021-04,Abr 2021,São Paulo,P.5,Outras,8
1237,2021-04,Abr 2021,São Paulo,P.7,Outras,1
1238,2021-04,Abr 2021,Tocantins,P.1 (Gama),P.1 (Gama),17
1239,2021-04,Abr 2021,Tocantins,P.1.7 (Gama),P.1.7 (Gama),1
1240,2021-05,Mai 2021,Alagoas,P.1 (Gama),P.1 (Gama),57
1241,2021-05,Mai 2021,Alagoas,P.1.7 (Gama),P.1.7 (Gama),4
1242,2021-05,Mai 2021,Amapá,P.1 (Gama),P.1 (Gama),7
1243,2021-05,Mai 2021,Amazonas,P.1 (Gama),P.1 (Gama),105
1244,2021-05,Mai 2021,Amazonas,P.1.3,Outras,23
1245,2021-05,Mai 2021,Amazonas,P.1.4 (Gama),P.1.4 (Gama),64
1246,2021-05,Mai 2021,Amazonas,P.1.5,Outras,4
1247,2021-05,Mai 2021,Amazonas,P.1.6 (Gama),Outras,70
1248,2021-05,Mai 2021,Bahia,B.1.1,B.1.1,1
1249,2021-05,Mai 2021,Bahia,B.1.1.7 (Alfa),B.1.1.7 (Alfa),14
1250,2021-05,Mai 2021,Bahia,P.1 (Gama),P.1 (Gama),109
1251,2021-05,Mai 2021,Bahia,P.1.3,Outras,1
1252,2021-05,Mai 2021,Bahia,P.1.7 (Gama),P.1.7 (Gama),4
1253,2021-05,Mai 2021,Bahia,P.2,P.2,1
1254,2021-05,Mai 2021,Ceará,P.1 (Gama),P.1 (Gama),79
1255,2021-05,Mai 2021,Ceará,P.1.4 (Gama),P.1.4 (Gama),6
1256,2021-05,Mai 2021,Ceará,P.1.7 (Gama),P.1.7 (Gama),1
1257,2021-05,Mai 2021,Distrito Federal,P.1 (Gama),P.1 (Gama),9
1258,2021-05,Mai 2021,Espírito Santo,P.1 (Gama),P.1 (Gama),8
1259,2021-05,Mai 2021,Goiás,B.1.1.7 (Alfa),B.1.1.7 (Alfa),2
1260,2021-05,Mai 2021,Goiás,P.1 (Gama),P.1 (Gama),190
1261,2021-05,Mai 2021,Goiás,P.1.7 (Gama),P.1.7 (Gama),29
1262,2021-05,Mai 2021,Maranhão,B.1.617.2+AY.* (Delta),B.1.617.2+AY.* (Delta),5
1263,2021-05,Mai 2021,Maranhão,P.1 (Gama),P.1 (Gama),35
1264,2021-05,Mai 2021,Maranhão,P.1.7 (Gama),P.1.7 (Gama),21
1265,2021-05,Mai 2021,Mato Grosso,P.1 (Gama),P.1 (Gama),21
1266,2021-05,Mai 2021,Mato Grosso do Sul,P.1 (Gama),P.1 (Gama),11
1267,2021-05,Mai 2021,Mato Grosso do Sul,P.1.7 (Gama),P.1.7 (Gama),1
1268,2021-05,Mai 2021,Minas Gerais,B.1.617.2+AY.* (Delta),B.1.617.2+AY.* (Delta),1
1269,2021-05,Mai 2021,Minas Gerais,P.1 (Gama),P.1 (Gama),4
1270,2021-05,Mai 2021,Paraná,B.1.1.7 (Alfa),B.1.1.7 (Alfa),2
1271,2021-05,Mai 2021,Paraná,P.1 (Gama),P.1 (Gama),94
1272,2021-05,Mai 2021,Paraná,P.1.7 (Gama),P.1.7 (Gama),4
1273,2021-05,Mai 2021,Paraíba,P.1 (Gama),P.1 (Gama),37
1274,2021-05,Mai 2021,Pará,P.1 (Gama),P.1 (Gama),24
1275,2021-05,Mai 2021,Pará,P.1.7 (Gama),P.1.7 (Gama),2
1276,2021-05,Mai 2021,Pernambuco,B.1.1.7 (Alfa),B.1.1.7 (Alfa),2
1277,2021-05,Mai 2021,Pernambuco,P.1 (Gama),P.1 (Gama),135
1278,2021-05,Mai 2021,Pernambuco,P.1.7 (Gama),P.1.7 (Gama),2
1279,2021-05,Mai 2021,Rio Grande do Norte,P.1 (Gama),P.1 (Gama),24
1280,2021-05,Mai 2021,Rio Grande do Sul,B.1.1.28,B.1.1.28,24
1281,2021-05,Mai 2021,Rio Grande do Sul,B.1.1.7 (Alfa),B.1.1.7 (Alfa),1
1282,2021-05,Mai 2021,Rio Grande do Sul,C.37 (Lambda),Outras,1
1283,2021-05,Mai 2021,Rio Grande do Sul,P.1 (Gama),P.1 (Gama),136
1284,2021-05,Mai 2021,Rio de Janeiro,B.1.1.7 (Alfa),B.1.1.7 (Alfa),14
1285,2021-05,Mai 2021,Rio de Janeiro,P.1 (Gama),P.1 (Gama),891
1286,2021-05,Mai 2021,Rio de Janeiro,P.1.3,Outras,2
1287,2021-05,Mai 2021,Rio de Janeiro,P.1.4 (Gama),P.1.4 (Gama),1
1288,2021-05,Mai 2021,Rio de Janeiro,P.1.7 (Gama),P.1.7 (Gama),2
1289,2021-05,Mai 2021,Rio de Janeiro,P.1.8,Outras,1
1290,2021-05,Mai 2021,Rio de Janeiro,P.2,P.2,2
1291,2021-05,Mai 2021,Rio de Janeiro,P.5,Outras,2
1292,2021-05,Mai 2021,Roraima,P.1 (Gama),P.1 (Gama),6
1293,2021-05,Mai 2021,Santa Catarina,P.1 (Gama),P.1 (Gama),47
1294,2021-05,Mai 2021,Santa Catarina,P.1.7 (Gama),P.1.7 (Gama),1
1295,2021-05,Mai 2021,Sergipe,P.1 (Gama),P.1 (Gama),14
1296,2021-05,Mai 2021,Sergipe,P.1.7 (Gama),P.1.7 (Gama),1
1297,2021-05,Mai 2021,Sergipe,P.4,Outras,1
1298,2021-05,Mai 2021,São Paulo,B.1.1.28,B.1.1.28,3
1299,2021-05,Mai 2021,São Paulo,B.1.1.318,Outras,4
1300,2021-05,Mai 2021,São Paulo,B.1.1.7 (Alfa),B.1.1.7 (Alfa),95
1301,2021-05,Mai 2021,São Paulo,B.1.177,Outras,1
1302,2021-05,Mai 2021,São Paulo,B.1.617.2+AY.* (Delta),B.1.617.2+AY.* (Delta),1
1303,2021-05,Mai 2021,São Paulo,B.1.631,Outras,1
1304,2021-05,Mai 2021,São Paulo,P.1 (Gama),P.1 (Gama),2844
1305,2021-05,Mai 2021,São Paulo,P.1.3,Outras,4
1306,2021-05,Mai 2021,São Paulo,P.1.5,Outras,1
1307,2021-05,Mai 2021,São Paulo,P.1.7 (Gama),P.1.7 (Gama),71
1308,2021-05,Mai 2021,São Paulo,P.2,P.2,1
1309,2021-05,Mai 2021,São Paulo,P.4,Outras,57
1310,2021-05,Mai 2021,São Paulo,P.5,Outras,3
1311,2021-05,Mai 2021,Tocantins,P.1 (Gama),P.1 (Gama),13
1312,2021-05,Mai 2021,Tocantins,P.1.7 (Gama),P.1.7 (Gama),6
1313,2021-06,Jun 2021,Alagoas,P.1 (Gama),P.1 (Gama),86
1314,2021-06,Jun 2021,Alagoas,P.1.3,Outras,1
1315,2021-06,Jun 2021,Amapá,P.1 (Gama),P.1 (Gama),35
1316,2021-06,Jun 2021,Amapá,P.1.7 (Gama),P.1.7 (Gama),16
1317,2021-06,Jun 2021,Amazonas,P.1 (Gama),P.1 (Gama),46
1318,2021-06,Jun 2021,Amazonas,P.1.3,Outras,1
1319,2021-06,Jun 2021,Amazonas,P.1.4 (Gama),P.1.4 (Gama),143
1320,2021-06,Jun 2021,Amazonas,P.1.5,Outras,3
1321,2021-06,Jun 2021,Amazonas,P.1.6 (Gama),Outras,101
1322,2021-06,Jun 2021,Amazonas,P.1.7 (Gama),P.1.7 (Gama),1
1323,2021-06,Jun 2021,Amazonas,P.1.8,Outras,1
1324,2021-06,Jun 2021,Bahia,B.1,Outras,1
1325,2021-06,Jun 2021,Bahia,B.1.1.28,B.1.1.28,1
1326,2021-06,Jun 2021,Bahia,B.1.1.7 (Alfa),B.1.1.7 (Alfa),21
1327,2021-06,Jun 2021,Bahia,P.1 (Gama),P.1 (Gama),79
1328,2021-06,Jun 2021,Ceará,P.1 (Gama),P.1 (Gama),253
1329,2021-06,Jun 2021,Ceará,P.1.7 (Gama),P.1.7 (Gama),16
1330,2021-06,Jun 2021,Ceará,P.1.8,Outras,1
1331,2021-06,Jun 2021,Espírito Santo,P.1 (Gama),P.1 (Gama),10
1332,2021-06,Jun 2021,Goiás,P.1 (Gama),P.1 (Gama),353
1333,2021-06,Jun 2021,Goiás,P.1.7 (Gama),P.1.7 (Gama),118
1334,2021-06,Jun 2021,Maranhão,P.1 (Gama),P.1 (Gama),7
1335,2021-06,Jun 2021,Maranhão,P.1.7 (Gama),P.1.7 (Gama),10
1336,2021-06,Jun 2021,Mato Grosso,B.1,Outras,1
1337,2021-06,Jun 2021,Mato Grosso,B.1.621,Outras,1
1338,2021-06,Jun 2021,Mato Grosso,P.1 (Gama),P.1 (Gama),10
1339,2021-06,Jun 2021,Minas Gerais,P.1 (Gama),P.1 (Gama),21
1340,2021-06,Jun 2021,Minas Gerais,P.1.7 (Gama),P.1.7 (Gama),1
1341,2021-06,Jun 2021,Paraná,B.1.617.2+AY.* (Delta),B.1.617.2+AY.* (Delta),3
1342,2021-06,Jun 2021,Paraná,P.1 (Gama),P.1 (Gama),58
1343,2021-06,Jun 2021,Paraná,P.1.7 (Gama),P.1.7 (Gama),5
1344,2021-06,Jun 2021,Paraíba,P.1 (Gama),P.1 (Gama),19
1345,2021-06,Jun 2021,Paraíba,P.1.7 (Gama),P.1.7 (Gama),3
1346,2021-06,Jun 2021,Pará,P.1 (Gama),P.1 (Gama),62
1347,2021-06,Jun 2021,Pará,P.1.7 (Gama),P.1.7 (Gama),5
1348,2021-06,Jun 2021,Pernambuco,P.1 (Gama),P.1 (Gama),54
1349,2021-06,Jun 2021,Pernambuco,P.1.7 (Gama),P.1.7 (Gama),7
1350,2021-06,Jun 2021,Rio Grande do Norte,P.1 (Gama),P.1 (Gama),16
1351,2021-06,Jun 2021,Rio Grande do Sul,B.1.1.7 (Alfa),B.1.1.7 (Alfa),1
1352,2021-06,Jun 2021,Rio Grande do Sul,B.1.617.2+AY.* (Delta),B.1.617.2+AY.* (Delta),4
1353,2021-06,Jun 2021,Rio Grande do Sul,C.37 (Lambda),Outras,1
1354,2021-06,Jun 2021,Rio Grande do Sul,P.1 (Gama),P.1 (Gama),175
1355,2021-06,Jun 2021,Rio Grande do Sul,P.1.7 (Gama),P.1.7 (Gama),2
1356,2021-06,Jun 2021,Rio de Janeiro,B.1.1,B.1.1,2
1357,2021-06,Jun 2021,Rio de Janeiro,B.1.1.7 (Alfa),B.1.1.7 (Alfa),5
1358,2021-06,Jun 2021,Rio de Janeiro,B.1.617.2+AY.* (Delta),B.1.617.2+AY.* (Delta),63
1359,2021-06,Jun 2021,Rio de Janeiro,B.1.621,Outras,1
1360,2021-06,Jun 2021,Rio de Janeiro,P.1 (Gama),P.1 (Gama),946
1361,2021-06,Jun 2021,Rio de Janeiro,P.1.3,Outras,2
1362,2021-06,Jun 2021,Rio de Janeiro,P.1.4 (Gama),P.1.4 (Gama),3
1363,2021-06,Jun 2021,Rio de Janeiro,P.1.6 (Gama),Outras,1
1364,2021-06,Jun 2021,Rio de Janeiro,P.1.7 (Gama),P.1.7 (Gama),8
1365,2021-06,Jun 2021,Rio de Janeiro,P.1.8,Outras,29
1366,2021-06,Jun 2021,Rio de Janeiro,P.2,P.2,1
1367,2021-06,Jun 2021,Rio de Janeiro,P.4,Outras,1
1368,2021-06,Jun 2021,Rio de Janeiro,P.5,Outras,5
1369,2021-06,Jun 2021,Santa Catarina,B.1.1.7 (Alfa),B.1.1.7 (Alfa),1
1370,2021-06,Jun 2021,Santa Catarina,P.1 (Gama),P.1 (Gama),78
1371,2021-06,Jun 2021,Santa Catarina,P.1.3,Outras,2
1372,2021-06,Jun 2021,Santa Catarina,P.1.8,Outras,5
1373,2021-06,Jun 2021,Sergipe,P.1 (Gama),P.1 (Gama),4
1374,2021-06,Jun 2021,São Paulo,B.1.1,B.1.1,1
1375,2021-06,Jun 2021,São Paulo,B.1.1.7 (Alfa),B.1.1.7 (Alfa),15
1376,2021-06,Jun 2021,São Paulo,B.1.617.2+AY.* (Delta),B.1.617.2+AY.* (Delta),8
1377,2021-06,Jun 2021,São Paulo,C.37 (Lambda),Outras,3
1378,2021-06,Jun 2021,São Paulo,P.1 (Gama),P.1 (Gama),740
1379,2021-06,Jun 2021,São Paulo,P.1.4 (Gama),P.1.4 (Gama),1
1380,2021-06,Jun 2021,São Paulo,P.1.7 (Gama),P.1.7 (Gama),55
1381,2021-06,Jun 2021,São Paulo,P.4,Outras,28
1382,2021-06,Jun 2021,Tocantins,B.1.617.2+AY.* (Delta),B.1.617.2+AY.* (Delta),1
1383,2021-06,Jun 2021,Tocantins,P.1 (Gama),P.1 (Gama),11
1384,2021-06,Jun 2021,Tocantins,P.1.7 (Gama),P.1.7 (Gama),10
1385,2021-07,Jul 2021,Alagoas,P.1 (Gama),P.1 (Gama),60
1386,2021-07,Jul 2021,Alagoas,P.1.7 (Gama),P.1.7 (Gama),1
1387,2021-07,Jul 2021,Amapá,P.1 (Gama),P.1 (Gama),45
1388,2021-07,Jul 2021,Amapá,P.1.4 (Gama),P.1.4 (Gama),2
1389,2021-07,Jul 2021,Amapá,P.1.7 (Gama),P.1.7 (Gama),1
1390,2021-07,Jul 2021,Amapá,P.1.8,Outras,1
1391,2021-07,Jul 2021,Amazonas,P.1 (Gama),P.1 (Gama),5
1392,2021-07,Jul 2021,Amazonas,P.1.4 (Gama),P.1.4 (Gama),35
1393,2021-07,Jul 2021,Amazonas,P.1.5,Outras,1
1394,2021-07,Jul 2021,Amazonas,P.1.6 (Gama),Outras,6
1395,2021-07,Jul 2021,Bahia,P.1 (Gama),P.1 (Gama),12
1396,2021-07,Jul 2021,Ceará,B.1.617.2+AY.* (Delta),B.1.617.2+AY.* (Delta),2
1397,2021-07,Jul 2021,Ceará,P.1 (Gama),P.1 (Gama),52
1398,2021-07,Jul 2021,Ceará,P.1.7 (Gama),P.1.7 (Gama),6
1399,2021-07,Jul 2021,Ceará,P.1.8,Outras,3
1400,2021-07,Jul 2021,Distrito Federal,P.1 (Gama),P.1 (Gama),1
1401,2021-07,Jul 2021,Espírito Santo,B.1.1.7 (Alfa),B.1.1.7 (Alfa),2
1402,2021-07,Jul 2021,Espírito Santo,P.1 (Gama),P.1 (Gama),93
1403,2021-07,Jul 2021,Espírito Santo,P.1.7 (Gama),P.1.7 (Gama),10
1404,2021-07,Jul 2021,Goiás,B.1.177.86,Outras,1
1405,2021-07,Jul 2021,Goiás,B.1.617.2+AY.* (Delta),B.1.617.2+AY.* (Delta),4
1406,2021-07,Jul 2021,Goiás,P.1 (Gama),P.1 (Gama),104
1407,2021-07,Jul 2021,Goiás,P.1.3,Outras,1
1408,2021-07,Jul 2021,Goiás,P.1.7 (Gama),P.1.7 (Gama),63
1409,2021-07,Jul 2021,Mato Grosso,B.1.617.2+AY.* (Delta),B.1.617.2+AY.* (Delta),1
1410,2021-07,Jul 2021,Paraná,B.1.617.2+AY.* (Delta),B.1.617.2+AY.* (Delta),1
1411,2021-07,Jul 2021,Paraná,P.1 (Gama),P.1 (Gama),7
1412,2021-07,Jul 2021,Paraná,P.1.7 (Gama),P.1.7 (Gama),1
1413,2021-07,Jul 2021,Paraná,P.2,P.2,1
1414,2021-07,Jul 2021,Paraíba,P.1 (Gama),P.1 (Gama),12
1415,2021-07,Jul 2021,Paraíba,P.1.7 (Gama),P.1.7 (Gama),1
1416,2021-07,Jul 2021,Pará,B.1.1,B.1.1,1
1417,2021-07,Jul 2021,Pará,B.1.351 (Beta),Outras,2
1418,2021-07,Jul 2021,Pará,P.1 (Gama),P.1 (Gama),2
1419,2021-07,Jul 2021,Pará,P.1.7 (Gama),P.1.7 (Gama),1
1420,2021-07,Jul 2021,Pará,P.2,P.2,1
1421,2021-07,Jul 2021,Pernambuco,B.1.617.2+AY.* (Delta),B.1.617.2+AY.* (Delta),5
1422,2021-07,Jul 2021,Pernambuco,P.1 (Gama),P.1 (Gama),284
1423,2021-07,Jul 2021,Pernambuco,P.1.4 (Gama),P.1.4 (Gama),3
1424,2021-07,Jul 2021,Pernambuco,P.1.7 (Gama),P.1.7 (Gama),27
1425,2021-07,Jul 2021,Rio Grande do Norte,P.1 (Gama),P.1 (Gama),17
1426,2021-07,Jul 2021,Rio Grande do Sul,B.1.1.28,B.1.1.28,1
1427,2021-07,Jul 2021,Rio Grande do Sul,B.1.617.2+AY.* (Delta),B.1.617.2+AY.* (Delta),32
1428,2021-07,Jul 2021,Rio Grande do Sul,P.1 (Gama),P.1 (Gama),87
1429,2021-07,Jul 2021,Rio Grande do Sul,P.1.7 (Gama),P.1.7 (Gama),4
1430,2021-07,Jul 2021,Rio Grande do Sul,P.1.8,Outras,1
1431,2021-07,Jul 2021,Rio de Janeiro,B.1.1.7 (Alfa),B.1.1.7 (Alfa),1
1432,2021-07,Jul 2021,Rio de Janeiro,B.1.617.2+AY.* (Delta),B.1.617.2+AY.* (Delta),130
1433,2021-07,Jul 2021,Rio de Janeiro,P.1 (Gama),P.1 (Gama),167
1434,2021-07,Jul 2021,Rio de Janeiro,P.1.3,Outras,2
1435,2021-07,Jul 2021,Rio de Janeiro,P.1.4 (Gama),P.1.4 (Gama),4
1436,2021-07,Jul 2021,Rio de Janeiro,P.1.7 (Gama),P.1.7 (Gama),4
1437,2021-07,Jul 2021,Rio de Janeiro,P.1.8,Outras,15
1438,2021-07,Jul 2021,Rio de Janeiro,P.4,Outras,1
1439,2021-07,Jul 2021,Santa Catarina,B.1.617.2+AY.* (Delta),B.1.617.2+AY.* (Delta),5
1440,2021-07,Jul 2021,Santa Catarina,P.1 (Gama),P.1 (Gama),53
1441,2021-07,Jul 2021,Santa Catarina,P.1.7 (Gama),P.1.7 (Gama),4
1442,2021-07,Jul 2021,Santa Catarina,P.1.8,Outras,11
1443,2021-07,Jul 2021,São Paulo,B.1.1,B.1.1,1
1444,2021-07,Jul 2021,São Paulo,B.1.1.28,B.1.1.28,1
1445,2021-07,Jul 2021,São Paulo,B.1.617.2+AY.* (Delta),B.1.617.2+AY.* (Delta),245
1446,2021-07,Jul 2021,São Paulo,B.1.621,Outras,5
1447,2021-07,Jul 2021,São Paulo,P.1 (Gama),P.1 (Gama),189
1448,2021-07,Jul 2021,São Paulo,P.1.4 (Gama),P.1.4 (Gama),2
1449,2021-07,Jul 2021,São Paulo,P.1.7 (Gama),P.1.7 (Gama),19
1450,2021-07,Jul 2021,São Paulo,P.1.8,Outras,1
1451,2021-07,Jul 2021,São Paulo,P.5,Outras,2
1452,2021-07,Jul 2021,Tocantins,P.1 (Gama),P.1 (Gama),6
1453,2021-07,Jul 2021,Tocantins,P.1.7 (Gama),P.1.7 (Gama),5
1454,2021-08,Ago 2021,Goiás,B.1.617.2+AY.* (Delta),B.1.617.2+AY.* (Delta),12
1455,2021-08,Ago 2021,Goiás,P.1 (Gama),P.1 (Gama),38
1456,2021-08,Ago 2021,Goiás,P.1.3,Outras,3
1457,2021-08,Ago 2021,Goiás,P.1.7 (Gama),P.1.7 (Gama),61
1458,2021-08,Ago 2021,Rio Grande do Sul,B.1.617.2+AY.* (Delta),B.1.617.2+AY.* (Delta),5
1459,2021-08,Ago 2021,Rio Grande do Sul,P.1 (Gama),P.1 (Gama),5
1460,2021-08,Ago 2021,Rio de Janeiro,B.1.617.2+AY.* (Delta),B.1.617.2+AY.* (Delta),2
1461,2021-08,Ago 2021,São Paulo,B.1.617.2+AY.* (Delta),B.1.617.2+AY.* (Delta),194
1462,2021-08,Ago 2021,São Paulo,B.1.621,Outras,3
1463,2021-08,Ago 2021,São Paulo,P.1 (Gama),P.1 (Gama),17
1464,2021-08,Ago 2021,São Paulo,P.1.3,Outras,4
1465,2021-08,Ago 2021,São Paulo,P.1.7 (Gama),P.1.7 (Gama),11
1466,2021-08,Ago 2021,São Paulo,P.1.8,Outras,4
